date,precipitation,visibility,weather_condition,temperature,wind_speed
2024/11/1 0:00,0,1.5,5,4.5,2.1
2024/11/1 0:05,0,1.5,5,4.5,2.1
2024/11/1 0:10,0,1.6,5,4.5,2.2
2024/11/1 0:15,0,1.6,5,4.4,2.2
2024/11/1 0:20,0,1.6,5,4.4,2.3
2024/11/1 0:25,0,1.6,5,4.4,2.3
2024/11/1 0:30,0,1.6,5,4.4,2.4
2024/11/1 0:35,0,1.7,5,4.4,2.4
2024/11/1 0:40,0,1.7,5,4.4,2.4
2024/11/1 0:45,0,1.7,5,4.4,2.5
2024/11/1 0:50,0,1.8,5,4.3,2.5
2024/11/1 0:55,0,1.8,5,4.3,2.6
2024/11/1 1:00,0,1.8,4,4.3,2.6
2024/11/1 1:05,0,1.7,4,4.2,2.5
2024/11/1 1:10,0,1.6,4,4.2,2.4
2024/11/1 1:15,0,1.4,4,4.1,2.2
2024/11/1 1:20,0,1.3,4,4,2.1
2024/11/1 1:25,0,1.2,4,4,2
2024/11/1 1:30,0,1,4,3.9,1.9
2024/11/1 1:35,0,0.9,4,3.8,1.8
2024/11/1 1:40,0,0.8,4,3.8,1.7
2024/11/1 1:45,0,0.7,4,3.7,1.6
2024/11/1 1:50,0,0.6,4,3.6,1.4
2024/11/1 1:55,0,0.4,4,3.6,1.3
2024/11/1 2:00,0,0.3,5,3.5,1.2
2024/11/1 2:05,0,0.3,5,3.5,1.2
2024/11/1 2:10,0,0.3,5,3.6,1.2
2024/11/1 2:15,0,0.3,5,3.6,1.2
2024/11/1 2:20,0,0.3,5,3.6,1.2
2024/11/1 2:25,0,0.3,5,3.7,1.2
2024/11/1 2:30,0,0.2,5,3.7,1.2
2024/11/1 2:35,0,0.2,5,3.7,1.2
2024/11/1 2:40,0,0.2,5,3.8,1.2
2024/11/1 2:45,0,0.2,5,3.8,1.2
2024/11/1 2:50,0,0.2,5,3.8,1.2
2024/11/1 2:55,0,0.2,5,3.9,1.2
2024/11/1 3:00,0,0.2,5,3.9,1.2
2024/11/1 3:05,0,0.2,5,3.9,1.2
2024/11/1 3:10,0,0.3,5,3.9,1.2
2024/11/1 3:15,0,0.4,5,3.9,1.2
2024/11/1 3:20,0,0.4,5,3.9,1.2
2024/11/1 3:25,0,0.5,5,3.9,1.2
2024/11/1 3:30,0,0.5,5,3.8,1.2
2024/11/1 3:35,0,0.6,5,3.8,1.3
2024/11/1 3:40,0,0.6,5,3.8,1.3
2024/11/1 3:45,0,0.7,5,3.8,1.3
2024/11/1 3:50,0,0.7,5,3.8,1.3
2024/11/1 3:55,0,0.8,5,3.8,1.3
2024/11/1 4:00,0,0.8,5,3.8,1.3
2024/11/1 4:05,0,0.8,5,3.8,1.4
2024/11/1 4:10,0,0.7,5,3.8,1.4
2024/11/1 4:15,0,0.6,5,3.8,1.4
2024/11/1 4:20,0,0.6,5,3.9,1.5
2024/11/1 4:25,0,0.6,5,3.9,1.6
2024/11/1 4:30,0,0.5,5,3.9,1.6
2024/11/1 4:35,0,0.4,5,3.9,1.6
2024/11/1 4:40,0,0.4,5,3.9,1.7
2024/11/1 4:45,0,0.4,5,4,1.8
2024/11/1 4:50,0,0.3,5,4,1.8
2024/11/1 4:55,0,0.2,5,4,1.8
2024/11/1 5:00,0,0.2,7,4,1.9
2024/11/1 5:05,0,0.2,7,4,1.9
2024/11/1 5:10,0,0.2,7,3.9,2
2024/11/1 5:15,0,0.2,7,3.9,2
2024/11/1 5:20,0,0.2,7,3.9,2
2024/11/1 5:25,0,0.2,7,3.8,2.1
2024/11/1 5:30,0,0.2,7,3.8,2.1
2024/11/1 5:35,0,0.1,7,3.8,2.1
2024/11/1 5:40,0,0.1,7,3.7,2.2
2024/11/1 5:45,0,0.1,7,3.7,2.2
2024/11/1 5:50,0,0.1,7,3.7,2.2
2024/11/1 5:55,0,0.1,7,3.6,2.3
2024/11/1 6:00,0,0.1,7,3.6,2.3
2024/11/1 6:05,0,0.1,7,3.6,2.3
2024/11/1 6:10,0,0.1,7,3.7,2.3
2024/11/1 6:15,0,0.1,7,3.8,2.3
2024/11/1 6:20,0,0.1,7,3.8,2.3
2024/11/1 6:25,0,0.1,7,3.8,2.3
2024/11/1 6:30,0,0.1,7,3.9,2.3
2024/11/1 6:35,0,0.1,7,4,2.3
2024/11/1 6:40,0,0.1,7,4,2.3
2024/11/1 6:45,0,0.1,7,4,2.3
2024/11/1 6:50,0,0.1,7,4.1,2.3
2024/11/1 6:55,0,0.1,7,4.2,2.3
2024/11/1 7:00,0,0.1,7,4.2,2.3
2024/11/1 7:05,0,0.1,7,4.2,2.3
2024/11/1 7:10,0,0.1,7,4.3,2.4
2024/11/1 7:15,0,0.1,7,4.4,2.4
2024/11/1 7:20,0,0.1,7,4.4,2.4
2024/11/1 7:25,0,0.1,7,4.4,2.5
2024/11/1 7:30,0,0.1,7,4.5,2.5
2024/11/1 7:35,0,0.1,7,4.6,2.5
2024/11/1 7:40,0,0.1,7,4.6,2.6
2024/11/1 7:45,0,0.1,7,4.6,2.6
2024/11/1 7:50,0,0.1,7,4.7,2.6
2024/11/1 7:55,0,0.1,7,4.8,2.7
2024/11/1 8:00,0,0.1,7,4.8,2.7
2024/11/1 8:05,0,0.1,7,4.8,2.9
2024/11/1 8:10,0,0.1,7,4.9,3.1
2024/11/1 8:15,0,0.1,7,5,3.2
2024/11/1 8:20,0,0.1,7,5,3.4
2024/11/1 8:25,0,0.1,7,5,3.6
2024/11/1 8:30,0,0.1,7,5.1,3.8
2024/11/1 8:35,0,0.1,7,5.2,4
2024/11/1 8:40,0,0.1,7,5.2,4.2
2024/11/1 8:45,0,0.1,7,5.2,4.4
2024/11/1 8:50,0,0.1,7,5.3,4.5
2024/11/1 8:55,0,0.1,7,5.4,4.7
2024/11/1 9:00,0,0.1,7,5.4,4.9
2024/11/1 9:05,0,0.2,7,5.5,4.9
2024/11/1 9:10,0,0.4,7,5.6,4.9
2024/11/1 9:15,0,0.5,7,5.8,4.9
2024/11/1 9:20,0,0.7,7,5.9,4.8
2024/11/1 9:25,0,0.8,7,6,4.8
2024/11/1 9:30,0,1,7,6.2,4.8
2024/11/1 9:35,0,1.1,7,6.3,4.8
2024/11/1 9:40,0,1.2,7,6.4,4.8
2024/11/1 9:45,0,1.4,7,6.5,4.8
2024/11/1 9:50,0,1.5,7,6.6,4.7
2024/11/1 9:55,0,1.7,7,6.8,4.7
2024/11/1 10:00,0,1.8,4,6.9,4.7
2024/11/1 10:05,0,1.9,4,7,4.6
2024/11/1 10:10,0,1.9,4,7.2,4.5
2024/11/1 10:15,0,2,4,7.3,4.4
2024/11/1 10:20,0,2.1,4,7.5,4.4
2024/11/1 10:25,0,2.1,4,7.6,4.3
2024/11/1 10:30,0,2.2,4,7.8,4.2
2024/11/1 10:35,0,2.3,4,7.9,4.1
2024/11/1 10:40,0,2.3,4,8,4
2024/11/1 10:45,0,2.4,4,8.2,4
2024/11/1 10:50,0,2.5,4,8.3,3.9
2024/11/1 10:55,0,2.5,4,8.5,3.8
2024/11/1 11:00,0,2.6,4,8.6,3.7
2024/11/1 11:05,0,2.7,4,8.8,3.6
2024/11/1 11:10,0,2.8,4,9,3.6
2024/11/1 11:15,0,3,4,9.2,3.6
2024/11/1 11:20,0,3.1,4,9.4,3.5
2024/11/1 11:25,0,3.2,4,9.6,3.4
2024/11/1 11:30,0,3.4,4,9.8,3.4
2024/11/1 11:35,0,3.5,4,10,3.4
2024/11/1 11:40,0,3.6,4,10.2,3.3
2024/11/1 11:45,0,3.7,4,10.4,3.2
2024/11/1 11:50,0,3.8,4,10.6,3.2
2024/11/1 11:55,0,4,4,10.8,3.2
2024/11/1 12:00,0,4.1,3,11,3.1
2024/11/1 12:05,0,4.3,3,11.1,2.9
2024/11/1 12:10,0,4.5,3,11.2,2.8
2024/11/1 12:15,0,4.6,3,11.2,2.6
2024/11/1 12:20,0,4.8,3,11.3,2.5
2024/11/1 12:25,0,5,3,11.4,2.3
2024/11/1 12:30,0,5.2,3,11.4,2.2
2024/11/1 12:35,0,5.4,3,11.5,2
2024/11/1 12:40,0,5.6,3,11.6,1.8
2024/11/1 12:45,0,5.8,3,11.7,1.7
2024/11/1 12:50,0,5.9,3,11.8,1.5
2024/11/1 12:55,0,6.1,3,11.8,1.4
2024/11/1 13:00,0,6.3,3,11.9,1.2
2024/11/1 13:05,0,6.4,3,12,1.2
2024/11/1 13:10,0,6.5,3,12.1,1.3
2024/11/1 13:15,0,6.6,3,12.2,1.4
2024/11/1 13:20,0,6.7,3,12.3,1.4
2024/11/1 13:25,0,6.8,3,12.4,1.4
2024/11/1 13:30,0,6.9,3,12.5,1.5
2024/11/1 13:35,0,7,3,12.6,1.6
2024/11/1 13:40,0,7.1,3,12.7,1.6
2024/11/1 13:45,0,7.2,3,12.8,1.6
2024/11/1 13:50,0,7.3,3,12.9,1.7
2024/11/1 13:55,0,7.4,3,13,1.8
2024/11/1 14:00,0,7.5,1,13.1,1.8
2024/11/1 14:05,0,7.4,1,13.2,1.8
2024/11/1 14:10,0,7.4,1,13.2,1.8
2024/11/1 14:15,0,7.3,1,13.3,1.8
2024/11/1 14:20,0,7.2,1,13.3,1.8
2024/11/1 14:25,0,7.1,1,13.4,1.8
2024/11/1 14:30,0,7,1,13.4,1.8
2024/11/1 14:35,0,7,1,13.5,1.7
2024/11/1 14:40,0,6.9,1,13.6,1.7
2024/11/1 14:45,0,6.8,1,13.6,1.7
2024/11/1 14:50,0,6.8,1,13.7,1.7
2024/11/1 14:55,0,6.7,1,13.7,1.7
2024/11/1 15:00,0,6.6,1,13.8,1.7
2024/11/1 15:05,0,6.6,1,13.8,1.7
2024/11/1 15:10,0,6.6,1,13.8,1.6
2024/11/1 15:15,0,6.6,1,13.8,1.6
2024/11/1 15:20,0,6.6,1,13.8,1.6
2024/11/1 15:25,0,6.6,1,13.8,1.6
2024/11/1 15:30,0,6.6,1,13.8,1.5
2024/11/1 15:35,0,6.6,1,13.9,1.5
2024/11/1 15:40,0,6.6,1,13.9,1.5
2024/11/1 15:45,0,6.6,1,13.9,1.5
2024/11/1 15:50,0,6.6,1,13.9,1.4
2024/11/1 15:55,0,6.6,1,13.9,1.4
2024/11/1 16:00,0,6.6,1,13.9,1.4
2024/11/1 16:05,0,6.6,1,13.7,1.3
2024/11/1 16:10,0,6.6,1,13.5,1.3
2024/11/1 16:15,0,6.5,1,13.3,1.2
2024/11/1 16:20,0,6.5,1,13.1,1.2
2024/11/1 16:25,0,6.5,1,12.9,1.1
2024/11/1 16:30,0,6.4,1,12.8,1
2024/11/1 16:35,0,6.4,1,12.6,1
2024/11/1 16:40,0,6.4,1,12.4,0.9
2024/11/1 16:45,0,6.4,1,12.2,0.9
2024/11/1 16:50,0,6.4,1,12,0.8
2024/11/1 16:55,0,6.3,1,11.8,0.8
2024/11/1 17:00,0,6.3,1,11.6,0.7
2024/11/1 17:05,0,6.2,1,11.4,0.8
2024/11/1 17:10,0,6,1,11.2,0.8
2024/11/1 17:15,0,5.9,1,11,0.9
2024/11/1 17:20,0,5.8,1,10.8,1
2024/11/1 17:25,0,5.7,1,10.6,1
2024/11/1 17:30,0,5.6,1,10.4,1.1
2024/11/1 17:35,0,5.4,1,10.2,1.2
2024/11/1 17:40,0,5.3,1,10,1.2
2024/11/1 17:45,0,5.2,1,9.8,1.3
2024/11/1 17:50,0,5,1,9.6,1.4
2024/11/1 17:55,0,4.9,1,9.4,1.4
2024/11/1 18:00,0,4.8,1,9.2,1.5
2024/11/1 18:05,0,4.7,1,9.2,1.6
2024/11/1 18:10,0,4.7,1,9.1,1.6
2024/11/1 18:15,0,4.6,1,9.1,1.7
2024/11/1 18:20,0,4.5,1,9.1,1.8
2024/11/1 18:25,0,4.5,1,9,1.9
2024/11/1 18:30,0,4.4,1,9,2
2024/11/1 18:35,0,4.3,1,9,2
2024/11/1 18:40,0,4.3,1,8.9,2.1
2024/11/1 18:45,0,4.2,1,8.9,2.2
2024/11/1 18:50,0,4.1,1,8.9,2.2
2024/11/1 18:55,0,4.1,1,8.8,2.3
2024/11/1 19:00,0,4,1,8.8,2.4
2024/11/1 19:05,0,3.9,1,8.8,2.5
2024/11/1 19:10,0,3.8,1,8.8,2.6
2024/11/1 19:15,0,3.6,1,8.8,2.8
2024/11/1 19:20,0,3.5,1,8.7,2.9
2024/11/1 19:25,0,3.4,1,8.7,3
2024/11/1 19:30,0,3.3,1,8.7,3.2
2024/11/1 19:35,0,3.2,1,8.7,3.3
2024/11/1 19:40,0,3.1,1,8.7,3.4
2024/11/1 19:45,0,3,1,8.6,3.5
2024/11/1 19:50,0,2.8,1,8.6,3.6
2024/11/1 19:55,0,2.7,1,8.6,3.8
2024/11/1 20:00,0,2.6,5,8.6,3.9
2024/11/1 20:05,0,2.6,5,8.6,3.8
2024/11/1 20:10,0,2.5,5,8.6,3.7
2024/11/1 20:15,0,2.5,5,8.5,3.6
2024/11/1 20:20,0,2.5,5,8.5,3.5
2024/11/1 20:25,0,2.4,5,8.5,3.4
2024/11/1 20:30,0,2.4,5,8.4,3.4
2024/11/1 20:35,0,2.4,5,8.4,3.3
2024/11/1 20:40,0,2.3,5,8.4,3.2
2024/11/1 20:45,0,2.3,5,8.4,3.1
2024/11/1 20:50,0,2.3,5,8.4,3
2024/11/1 20:55,0,2.2,5,8.3,2.9
2024/11/1 21:00,0,2.2,5,8.3,2.8
2024/11/1 21:05,0,2.2,5,8.3,2.9
2024/11/1 21:10,0,2.2,5,8.4,3
2024/11/1 21:15,0,2.2,5,8.4,3.2
2024/11/1 21:20,0,2.3,5,8.4,3.3
2024/11/1 21:25,0,2.3,5,8.4,3.4
2024/11/1 21:30,0,2.3,5,8.4,3.6
2024/11/1 21:35,0,2.3,5,8.5,3.7
2024/11/1 21:40,0,2.3,5,8.5,3.8
2024/11/1 21:45,0,2.4,5,8.5,3.9
2024/11/1 21:50,0,2.4,5,8.6,4
2024/11/1 21:55,0,2.4,5,8.6,4.2
2024/11/1 22:00,0,2.4,5,8.6,4.3
2024/11/1 22:05,0.4,2.4,5,8.5,4.4
2024/11/1 22:10,0.7,2.3,5,8.5,4.4
2024/11/1 22:15,1,2.3,5,8.4,4.4
2024/11/1 22:20,1.4,2.3,5,8.4,4.5
2024/11/1 22:25,1.8,2.2,5,8.4,4.6
2024/11/1 22:30,2.1,2.2,5,8.3,4.6
2024/11/1 22:35,2.4,2.2,5,8.2,4.6
2024/11/1 22:40,2.8,2.1,5,8.2,4.7
2024/11/1 22:45,3.2,2.1,5,8.2,4.8
2024/11/1 22:50,3.5,2.1,5,8.1,4.8
2024/11/1 22:55,3.9,2,5,8,4.9
2024/11/1 23:00,4.2,2,5,8,4.9
2024/11/1 23:05,3.8,2,5,8,4.8
2024/11/1 23:10,3.5,2,5,8,4.8
2024/11/1 23:15,3.2,1.9,5,8,4.7
2024/11/1 23:20,2.8,1.9,5,7.9,4.7
2024/11/1 23:25,2.4,1.9,5,7.9,4.6
2024/11/1 23:30,2.1,1.8,5,7.9,4.6
2024/11/1 23:35,1.8,1.8,5,7.9,4.5
2024/11/1 23:40,1.4,1.8,5,7.9,4.4
2024/11/1 23:45,1,1.8,5,7.8,4.4
2024/11/1 23:50,0.7,1.8,5,7.8,4.3
2024/11/1 23:55,0.3,1.7,5,7.8,4.3
2024/11/2 0:00,0,1.7,6,7.8,4.2
2024/11/2 0:05,0,1.7,6,7.8,4.4
2024/11/2 0:10,0,1.6,6,7.8,4.5
2024/11/2 0:15,0,1.6,6,7.8,4.7
2024/11/2 0:20,0,1.6,6,7.8,4.8
2024/11/2 0:25,0,1.6,6,7.8,5
2024/11/2 0:30,0,1.5,6,7.8,5.2
2024/11/2 0:35,0,1.5,6,7.9,5.3
2024/11/2 0:40,0,1.5,6,7.9,5.5
2024/11/2 0:45,0,1.5,6,7.9,5.6
2024/11/2 0:50,0,1.4,6,7.9,5.8
2024/11/2 0:55,0,1.4,6,7.9,5.9
2024/11/2 1:00,0,1.4,6,7.9,6.1
2024/11/2 1:05,0.1,1.4,6,7.9,6.1
2024/11/2 1:10,0.1,1.4,6,7.8,6.1
2024/11/2 1:15,0.2,1.4,6,7.8,6
2024/11/2 1:20,0.2,1.4,6,7.7,6
2024/11/2 1:25,0.3,1.4,6,7.7,6
2024/11/2 1:30,0.4,1.4,6,7.6,6
2024/11/2 1:35,0.4,1.5,6,7.6,6
2024/11/2 1:40,0.5,1.5,6,7.6,6
2024/11/2 1:45,0.5,1.5,6,7.5,6
2024/11/2 1:50,0.6,1.5,6,7.5,5.9
2024/11/2 1:55,0.6,1.5,6,7.4,5.9
2024/11/2 2:00,0.7,1.5,4,7.4,5.9
2024/11/2 2:05,0.6,1.5,4,7.4,5.8
2024/11/2 2:10,0.6,1.5,4,7.4,5.6
2024/11/2 2:15,0.5,1.5,4,7.4,5.5
2024/11/2 2:20,0.5,1.5,4,7.4,5.3
2024/11/2 2:25,0.4,1.5,4,7.4,5.2
2024/11/2 2:30,0.4,1.6,4,7.4,5.1
2024/11/2 2:35,0.3,1.6,4,7.3,4.9
2024/11/2 2:40,0.2,1.6,4,7.3,4.8
2024/11/2 2:45,0.2,1.6,4,7.3,4.6
2024/11/2 2:50,0.1,1.6,4,7.3,4.5
2024/11/2 2:55,0.1,1.6,4,7.3,4.3
2024/11/2 3:00,0,1.6,4,7.3,4.2
2024/11/2 3:05,0,1.5,4,7.3,4.2
2024/11/2 3:10,0,1.5,4,7.3,4.2
2024/11/2 3:15,0,1.4,4,7.2,4.2
2024/11/2 3:20,0,1.4,4,7.2,4.2
2024/11/2 3:25,0,1.3,4,7.2,4.2
2024/11/2 3:30,0,1.2,4,7.2,4.2
2024/11/2 3:35,0,1.2,4,7.2,4.3
2024/11/2 3:40,0,1.1,4,7.2,4.3
2024/11/2 3:45,0,1.1,4,7.2,4.3
2024/11/2 3:50,0,1,4,7.1,4.3
2024/11/2 3:55,0,1,4,7.1,4.3
2024/11/2 4:00,0,0.9,5,7.1,4.3
2024/11/2 4:05,0,0.9,5,7.1,4.2
2024/11/2 4:10,0,1,5,7,4.1
2024/11/2 4:15,0,1,5,7,4
2024/11/2 4:20,0,1,5,7,3.8
2024/11/2 4:25,0,1,5,7,3.7
2024/11/2 4:30,0,1,5,7,3.6
2024/11/2 4:35,0,1.1,5,6.9,3.5
2024/11/2 4:40,0,1.1,5,6.9,3.4
2024/11/2 4:45,0,1.1,5,6.9,3.2
2024/11/2 4:50,0,1.2,5,6.8,3.1
2024/11/2 4:55,0,1.2,5,6.8,3
2024/11/2 5:00,0,1.2,4,6.8,2.9
2024/11/2 5:05,0,1.2,4,6.8,3
2024/11/2 5:10,0,1.2,4,6.7,3.2
2024/11/2 5:15,0,1.2,4,6.7,3.3
2024/11/2 5:20,0,1.2,4,6.7,3.5
2024/11/2 5:25,0,1.2,4,6.6,3.6
2024/11/2 5:30,0,1.2,4,6.6,3.8
2024/11/2 5:35,0,1.2,4,6.6,3.9
2024/11/2 5:40,0,1.2,4,6.5,4
2024/11/2 5:45,0,1.2,4,6.5,4.2
2024/11/2 5:50,0,1.2,4,6.5,4.3
2024/11/2 5:55,0,1.2,4,6.4,4.5
2024/11/2 6:00,0,1.2,4,6.4,4.6
2024/11/2 6:05,0,1.2,4,6.3,4.5
2024/11/2 6:10,0,1.2,4,6.3,4.4
2024/11/2 6:15,0,1.2,4,6.2,4.2
2024/11/2 6:20,0,1.2,4,6.1,4.1
2024/11/2 6:25,0,1.2,4,6.1,4
2024/11/2 6:30,0,1.2,4,6,3.9
2024/11/2 6:35,0,1.3,4,5.9,3.8
2024/11/2 6:40,0,1.3,4,5.9,3.7
2024/11/2 6:45,0,1.3,4,5.8,3.6
2024/11/2 6:50,0,1.3,4,5.7,3.4
2024/11/2 6:55,0,1.3,4,5.7,3.3
2024/11/2 7:00,0,1.3,4,5.6,3.2
2024/11/2 7:05,0,1.3,4,5.6,3.3
2024/11/2 7:10,0,1.4,4,5.6,3.4
2024/11/2 7:15,0,1.4,4,5.6,3.5
2024/11/2 7:20,0,1.4,4,5.6,3.6
2024/11/2 7:25,0,1.4,4,5.6,3.7
2024/11/2 7:30,0,1.5,4,5.6,3.8
2024/11/2 7:35,0,1.5,4,5.7,4
2024/11/2 7:40,0,1.5,4,5.7,4.1
2024/11/2 7:45,0,1.5,4,5.7,4.2
2024/11/2 7:50,0,1.6,4,5.7,4.3
2024/11/2 7:55,0,1.6,4,5.7,4.4
2024/11/2 8:00,0,1.6,4,5.7,4.5
2024/11/2 8:05,0,1.6,4,5.8,4.4
2024/11/2 8:10,0,1.7,4,5.9,4.3
2024/11/2 8:15,0,1.8,4,6,4.2
2024/11/2 8:20,0,1.8,4,6.1,4.1
2024/11/2 8:25,0,1.8,4,6.2,4
2024/11/2 8:30,0,1.9,4,6.3,4
2024/11/2 8:35,0,2,4,6.4,3.9
2024/11/2 8:40,0,2,4,6.5,3.8
2024/11/2 8:45,0,2.1,4,6.6,3.7
2024/11/2 8:50,0,2.1,4,6.7,3.6
2024/11/2 8:55,0,2.2,4,6.8,3.5
2024/11/2 9:00,0,2.2,5,6.9,3.4
2024/11/2 9:05,0,2.5,5,7,3.4
2024/11/2 9:10,0,2.8,5,7.1,3.3
2024/11/2 9:15,0,3.2,5,7.2,3.2
2024/11/2 9:20,0,3.5,5,7.4,3.2
2024/11/2 9:25,0,3.8,5,7.5,3.2
2024/11/2 9:30,0,4.1,5,7.6,3.1
2024/11/2 9:35,0,4.4,5,7.7,3
2024/11/2 9:40,0,4.7,5,7.8,3
2024/11/2 9:45,0,5,5,8,2.9
2024/11/2 9:50,0,5.4,5,8.1,2.9
2024/11/2 9:55,0,5.7,5,8.2,2.8
2024/11/2 10:00,0,6,1,8.3,2.8
2024/11/2 10:05,0,6.1,1,8.4,2.9
2024/11/2 10:10,0,6.2,1,8.5,3.1
2024/11/2 10:15,0,6.2,1,8.6,3.2
2024/11/2 10:20,0,6.3,1,8.7,3.4
2024/11/2 10:25,0,6.4,1,8.8,3.6
2024/11/2 10:30,0,6.4,1,8.9,3.7
2024/11/2 10:35,0,6.5,1,8.9,3.8
2024/11/2 10:40,0,6.6,1,9,4
2024/11/2 10:45,0,6.7,1,9.1,4.1
2024/11/2 10:50,0,6.8,1,9.2,4.3
2024/11/2 10:55,0,6.8,1,9.3,4.4
2024/11/2 11:00,0,6.9,2,9.4,4.6
2024/11/2 11:05,0,6.9,2,9.5,4.8
2024/11/2 11:10,0,7,2,9.6,5
2024/11/2 11:15,0,7,2,9.6,5.1
2024/11/2 11:20,0,7.1,2,9.7,5.3
2024/11/2 11:25,0,7.1,2,9.8,5.5
2024/11/2 11:30,0,7.2,2,9.9,5.7
2024/11/2 11:35,0,7.2,2,10,5.9
2024/11/2 11:40,0,7.2,2,10.1,6.1
2024/11/2 11:45,0,7.3,2,10.2,6.2
2024/11/2 11:50,0,7.3,2,10.2,6.4
2024/11/2 11:55,0,7.4,2,10.3,6.6
2024/11/2 12:00,0,7.4,2,10.4,6.8
2024/11/2 12:05,0,7.4,2,10.5,6.7
2024/11/2 12:10,0,7.4,2,10.6,6.6
2024/11/2 12:15,0,7.4,2,10.6,6.6
2024/11/2 12:20,0,7.4,2,10.7,6.5
2024/11/2 12:25,0,7.4,2,10.8,6.4
2024/11/2 12:30,0,7.4,2,10.9,6.3
2024/11/2 12:35,0,7.5,2,10.9,6.2
2024/11/2 12:40,0,7.5,2,11,6.1
2024/11/2 12:45,0,7.5,2,11.1,6
2024/11/2 12:50,0,7.5,2,11.2,6
2024/11/2 12:55,0,7.5,2,11.2,5.9
2024/11/2 13:00,0,7.5,2,11.3,5.8
2024/11/2 13:05,0,7.5,2,11.4,5.8
2024/11/2 13:10,0,7.5,2,11.4,5.8
2024/11/2 13:15,0,7.5,2,11.5,5.8
2024/11/2 13:20,0,7.5,2,11.5,5.7
2024/11/2 13:25,0,7.5,2,11.6,5.7
2024/11/2 13:30,0,7.5,2,11.6,5.7
2024/11/2 13:35,0,7.5,2,11.7,5.7
2024/11/2 13:40,0,7.5,2,11.8,5.7
2024/11/2 13:45,0,7.5,2,11.8,5.6
2024/11/2 13:50,0,7.5,2,11.9,5.6
2024/11/2 13:55,0,7.5,2,11.9,5.6
2024/11/2 14:00,0,7.5,2,12,5.6
2024/11/2 14:05,0,7.4,2,12,5.9
2024/11/2 14:10,0,7.4,2,11.9,6.1
2024/11/2 14:15,0,7.3,2,11.9,6.4
2024/11/2 14:20,0,7.3,2,11.9,6.6
2024/11/2 14:25,0,7.2,2,11.8,6.9
2024/11/2 14:30,0,7.2,2,11.8,7.2
2024/11/2 14:35,0,7.1,2,11.8,7.4
2024/11/2 14:40,0,7,2,11.7,7.7
2024/11/2 14:45,0,7,2,11.7,7.9
2024/11/2 14:50,0,6.9,2,11.7,8.2
2024/11/2 14:55,0,6.9,2,11.6,8.4
2024/11/2 15:00,0,6.8,1,11.6,8.7
2024/11/2 15:05,0,6.8,1,11.5,8.5
2024/11/2 15:10,0,6.8,1,11.5,8.3
2024/11/2 15:15,0,6.7,1,11.4,8
2024/11/2 15:20,0,6.7,1,11.4,7.8
2024/11/2 15:25,0,6.7,1,11.4,7.6
2024/11/2 15:30,0,6.6,1,11.3,7.4
2024/11/2 15:35,0,6.6,1,11.2,7.2
2024/11/2 15:40,0,6.6,1,11.2,7
2024/11/2 15:45,0,6.6,1,11.2,6.8
2024/11/2 15:50,0,6.6,1,11.1,6.5
2024/11/2 15:55,0,6.5,1,11,6.3
2024/11/2 16:00,0,6.5,1,11,6.1
2024/11/2 16:05,0,6.4,1,10.9,6.2
2024/11/2 16:10,0,6.3,1,10.8,6.4
2024/11/2 16:15,0,6.2,1,10.7,6.5
2024/11/2 16:20,0,6.1,1,10.6,6.6
2024/11/2 16:25,0,6,1,10.5,6.8
2024/11/2 16:30,0,6,1,10.4,6.9
2024/11/2 16:35,0,5.9,1,10.4,7
2024/11/2 16:40,0,5.8,1,10.3,7.2
2024/11/2 16:45,0,5.7,1,10.2,7.3
2024/11/2 16:50,0,5.6,1,10.1,7.4
2024/11/2 16:55,0,5.5,1,10,7.6
2024/11/2 17:00,0,5.4,1,9.9,7.7
2024/11/2 17:05,0,5.3,1,9.8,7.6
2024/11/2 17:10,0,5.3,1,9.8,7.5
2024/11/2 17:15,0,5.2,1,9.7,7.4
2024/11/2 17:20,0,5.1,1,9.6,7.3
2024/11/2 17:25,0,5.1,1,9.5,7.2
2024/11/2 17:30,0,5,1,9.4,7.1
2024/11/2 17:35,0,4.9,1,9.4,7
2024/11/2 17:40,0,4.9,1,9.3,6.9
2024/11/2 17:45,0,4.8,1,9.2,6.8
2024/11/2 17:50,0,4.7,1,9.2,6.7
2024/11/2 17:55,0,4.7,1,9.1,6.6
2024/11/2 18:00,0,4.6,1,9,6.5
2024/11/2 18:05,0,4.6,1,9,6.6
2024/11/2 18:10,0,4.5,1,9,6.6
2024/11/2 18:15,0,4.5,1,8.9,6.6
2024/11/2 18:20,0,4.5,1,8.9,6.7
2024/11/2 18:25,0,4.4,1,8.9,6.8
2024/11/2 18:30,0,4.4,1,8.8,6.8
2024/11/2 18:35,0,4.4,1,8.8,6.8
2024/11/2 18:40,0,4.3,1,8.8,6.9
2024/11/2 18:45,0,4.3,1,8.8,7
2024/11/2 18:50,0,4.3,1,8.8,7
2024/11/2 18:55,0,4.2,1,8.7,7
2024/11/2 19:00,0,4.2,1,8.7,7.1
2024/11/2 19:05,0,4.2,1,8.7,7.1
2024/11/2 19:10,0,4.2,1,8.6,7
2024/11/2 19:15,0,4.1,1,8.6,7
2024/11/2 19:20,0,4.1,1,8.5,7
2024/11/2 19:25,0,4.1,1,8.5,7
2024/11/2 19:30,0,4,1,8.4,7
2024/11/2 19:35,0,4,1,8.4,6.9
2024/11/2 19:40,0,4,1,8.4,6.9
2024/11/2 19:45,0,4,1,8.3,6.9
2024/11/2 19:50,0,4,1,8.3,6.8
2024/11/2 19:55,0,3.9,1,8.2,6.8
2024/11/2 20:00,0,3.9,5,8.2,6.8
2024/11/2 20:05,0,3.9,5,8.2,6.6
2024/11/2 20:10,0,3.8,5,8.2,6.4
2024/11/2 20:15,0,3.8,5,8.2,6.2
2024/11/2 20:20,0,3.8,5,8.3,5.9
2024/11/2 20:25,0,3.8,5,8.3,5.7
2024/11/2 20:30,0,3.8,5,8.3,5.5
2024/11/2 20:35,0,3.7,5,8.3,5.3
2024/11/2 20:40,0,3.7,5,8.3,5.1
2024/11/2 20:45,0,3.7,5,8.4,4.8
2024/11/2 20:50,0,3.6,5,8.4,4.6
2024/11/2 20:55,0,3.6,5,8.4,4.4
2024/11/2 21:00,0,3.6,4,8.4,4.2
2024/11/2 21:05,0,3.6,4,8.3,4.1
2024/11/2 21:10,0,3.5,4,8.2,4
2024/11/2 21:15,0,3.4,4,8.2,3.8
2024/11/2 21:20,0,3.4,4,8.1,3.7
2024/11/2 21:25,0,3.4,4,8,3.6
2024/11/2 21:30,0,3.3,4,7.9,3.5
2024/11/2 21:35,0,3.2,4,7.8,3.4
2024/11/2 21:40,0,3.2,4,7.7,3.3
2024/11/2 21:45,0,3.2,4,7.6,3.2
2024/11/2 21:50,0,3.1,4,7.6,3
2024/11/2 21:55,0,3,4,7.5,2.9
2024/11/2 22:00,0,3,4,7.4,2.8
2024/11/2 22:05,0,2.9,4,7.3,2.7
2024/11/2 22:10,0,2.9,4,7.2,2.7
2024/11/2 22:15,0,2.8,4,7.1,2.6
2024/11/2 22:20,0,2.7,4,7,2.5
2024/11/2 22:25,0,2.7,4,6.9,2.5
2024/11/2 22:30,0,2.6,4,6.8,2.4
2024/11/2 22:35,0,2.5,4,6.6,2.3
2024/11/2 22:40,0,2.5,4,6.5,2.3
2024/11/2 22:45,0,2.4,4,6.4,2.2
2024/11/2 22:50,0,2.3,4,6.3,2.1
2024/11/2 22:55,0,2.3,4,6.2,2.1
2024/11/2 23:00,0,2.2,4,6.1,2
2024/11/2 23:05,0,2.2,4,6,1.9
2024/11/2 23:10,0,2.1,4,5.9,1.8
2024/11/2 23:15,0,2.1,4,5.8,1.7
2024/11/2 23:20,0,2.1,4,5.7,1.6
2024/11/2 23:25,0,2,4,5.6,1.5
2024/11/2 23:30,0,2,4,5.6,1.4
2024/11/2 23:35,0,2,4,5.5,1.2
2024/11/2 23:40,0,1.9,4,5.4,1.1
2024/11/2 23:45,0,1.9,4,5.3,1
2024/11/2 23:50,0,1.9,4,5.2,0.9
2024/11/2 23:55,0,1.8,4,5.1,0.8
2024/11/3 0:00,0,1.8,4,5,0.7
2024/11/3 0:05,0,1.8,4,5,0.8
2024/11/3 0:10,0,1.7,4,5,0.9
2024/11/3 0:15,0,1.7,4,5,1
2024/11/3 0:20,0,1.6,4,5,1.1
2024/11/3 0:25,0,1.6,4,5,1.2
2024/11/3 0:30,0,1.6,4,5,1.2
2024/11/3 0:35,0,1.5,4,5.1,1.3
2024/11/3 0:40,0,1.5,4,5.1,1.4
2024/11/3 0:45,0,1.4,4,5.1,1.5
2024/11/3 0:50,0,1.4,4,5.1,1.6
2024/11/3 0:55,0,1.3,4,5.1,1.7
2024/11/3 1:00,0,1.3,5,5.1,1.8
2024/11/3 1:05,0,1.3,5,5.1,1.8
2024/11/3 1:10,0,1.4,5,5,1.9
2024/11/3 1:15,0,1.4,5,5,1.9
2024/11/3 1:20,0,1.4,5,4.9,2
2024/11/3 1:25,0,1.5,5,4.9,2
2024/11/3 1:30,0,1.5,5,4.8,2
2024/11/3 1:35,0,1.5,5,4.8,2.1
2024/11/3 1:40,0,1.6,5,4.8,2.1
2024/11/3 1:45,0,1.6,5,4.7,2.2
2024/11/3 1:50,0,1.6,5,4.7,2.2
2024/11/3 1:55,0,1.7,5,4.6,2.3
2024/11/3 2:00,0,1.7,5,4.6,2.3
2024/11/3 2:05,0,1.7,5,4.7,2.4
2024/11/3 2:10,0,1.7,5,4.9,2.4
2024/11/3 2:15,0,1.7,5,5,2.5
2024/11/3 2:20,0,1.7,5,5.2,2.5
2024/11/3 2:25,0,1.7,5,5.3,2.6
2024/11/3 2:30,0,1.6,5,5.4,2.6
2024/11/3 2:35,0,1.6,5,5.6,2.7
2024/11/3 2:40,0,1.6,5,5.7,2.8
2024/11/3 2:45,0,1.6,5,5.9,2.8
2024/11/3 2:50,0,1.6,5,6,2.9
2024/11/3 2:55,0,1.6,5,6.2,2.9
2024/11/3 3:00,0,1.6,8,6.3,3
2024/11/3 3:05,0,4,8,6.3,3
2024/11/3 3:10,0,6.3,8,6.2,3.1
2024/11/3 3:15,0,8.7,8,6.2,3.1
2024/11/3 3:20,0,11.1,8,6.2,3.2
2024/11/3 3:25,0,13.4,8,6.1,3.2
2024/11/3 3:30,0,15.8,8,6.1,3.2
2024/11/3 3:35,0,18.2,8,6.1,3.3
2024/11/3 3:40,0,20.5,8,6,3.3
2024/11/3 3:45,0,22.9,8,6,3.4
2024/11/3 3:50,0,25.3,8,6,3.4
2024/11/3 3:55,0,27.6,8,5.9,3.5
2024/11/3 4:00,0,30,1,5.9,3.5
2024/11/3 4:05,0,30,1,6,3.6
2024/11/3 4:10,0,30,1,6,3.7
2024/11/3 4:15,0,30,1,6.1,3.8
2024/11/3 4:20,0,30,1,6.2,3.9
2024/11/3 4:25,0,30,1,6.2,4
2024/11/3 4:30,0,30,1,6.3,4
2024/11/3 4:35,0,30,1,6.4,4.1
2024/11/3 4:40,0,30,1,6.4,4.2
2024/11/3 4:45,0,30,1,6.5,4.3
2024/11/3 4:50,0,30,1,6.6,4.4
2024/11/3 4:55,0,30,1,6.6,4.5
2024/11/3 5:00,0,30,1,6.7,4.6
2024/11/3 5:05,0,30,1,6.7,4.7
2024/11/3 5:10,0,30,1,6.6,4.8
2024/11/3 5:15,0,30,1,6.6,4.9
2024/11/3 5:20,0,30,1,6.6,5
2024/11/3 5:25,0,30,1,6.6,5.1
2024/11/3 5:30,0,30,1,6.6,5.2
2024/11/3 5:35,0,30,1,6.5,5.4
2024/11/3 5:40,0,30,1,6.5,5.5
2024/11/3 5:45,0,30,1,6.5,5.6
2024/11/3 5:50,0,30,1,6.4,5.7
2024/11/3 5:55,0,30,1,6.4,5.8
2024/11/3 6:00,0,30,1,6.4,5.9
2024/11/3 6:05,0,30,1,6.3,5.7
2024/11/3 6:10,0,30,1,6.2,5.6
2024/11/3 6:15,0,30,1,6.2,5.4
2024/11/3 6:20,0,30,1,6.1,5.3
2024/11/3 6:25,0,30,1,6,5.1
2024/11/3 6:30,0,30,1,5.9,5
2024/11/3 6:35,0,30,1,5.8,4.8
2024/11/3 6:40,0,30,1,5.7,4.6
2024/11/3 6:45,0,30,1,5.6,4.5
2024/11/3 6:50,0,30,1,5.6,4.3
2024/11/3 6:55,0,30,1,5.5,4.2
2024/11/3 7:00,0,30,1,5.4,4
2024/11/3 7:05,0,30,1,5.5,4
2024/11/3 7:10,0,30,1,5.6,3.9
2024/11/3 7:15,0,30,1,5.7,3.8
2024/11/3 7:20,0,30,1,5.8,3.8
2024/11/3 7:25,0,30,1,5.9,3.8
2024/11/3 7:30,0,30,1,6,3.7
2024/11/3 7:35,0,30,1,6.1,3.6
2024/11/3 7:40,0,30,1,6.2,3.6
2024/11/3 7:45,0,30,1,6.3,3.6
2024/11/3 7:50,0,30,1,6.4,3.5
2024/11/3 7:55,0,30,1,6.5,3.4
2024/11/3 8:00,0,30,1,6.6,3.4
2024/11/3 8:05,0,30,1,6.7,3.5
2024/11/3 8:10,0,30,1,6.8,3.6
2024/11/3 8:15,0,30,1,7,3.7
2024/11/3 8:20,0,30,1,7.1,3.8
2024/11/3 8:25,0,30,1,7.2,3.9
2024/11/3 8:30,0,30,1,7.3,4
2024/11/3 8:35,0,30,1,7.4,4
2024/11/3 8:40,0,30,1,7.5,4.1
2024/11/3 8:45,0,30,1,7.6,4.2
2024/11/3 8:50,0,30,1,7.8,4.3
2024/11/3 8:55,0,30,1,7.9,4.4
2024/11/3 9:00,0,30,1,8,4.5
2024/11/3 9:05,0,30,1,8,4.7
2024/11/3 9:10,0,30,1,8.1,4.8
2024/11/3 9:15,0,30,1,8.2,5
2024/11/3 9:20,0,30,1,8.2,5.2
2024/11/3 9:25,0,30,1,8.2,5.3
2024/11/3 9:30,0,30,1,8.3,5.5
2024/11/3 9:35,0,30,1,8.4,5.7
2024/11/3 9:40,0,30,1,8.4,5.8
2024/11/3 9:45,0,30,1,8.4,6
2024/11/3 9:50,0,30,1,8.5,6.2
2024/11/3 9:55,0,30,1,8.5,6.3
2024/11/3 10:00,0,30,1,8.6,6.5
2024/11/3 10:05,0,30,1,8.7,6.5
2024/11/3 10:10,0,30,1,8.7,6.5
2024/11/3 10:15,0,30,1,8.8,6.5
2024/11/3 10:20,0,30,1,8.8,6.5
2024/11/3 10:25,0,30,1,8.9,6.5
2024/11/3 10:30,0,30,1,9,6.6
2024/11/3 10:35,0,30,1,9,6.6
2024/11/3 10:40,0,30,1,9.1,6.6
2024/11/3 10:45,0,30,1,9.1,6.6
2024/11/3 10:50,0,30,1,9.2,6.6
2024/11/3 10:55,0,30,1,9.2,6.6
2024/11/3 11:00,0,30,2,9.3,6.6
2024/11/3 11:05,0,30,2,9.3,6.5
2024/11/3 11:10,0,30,2,9.3,6.4
2024/11/3 11:15,0,30,2,9.3,6.3
2024/11/3 11:20,0,30,2,9.3,6.2
2024/11/3 11:25,0,30,2,9.3,6.1
2024/11/3 11:30,0,30,2,9.4,6
2024/11/3 11:35,0,30,2,9.4,6
2024/11/3 11:40,0,30,2,9.4,5.9
2024/11/3 11:45,0,30,2,9.4,5.8
2024/11/3 11:50,0,30,2,9.4,5.7
2024/11/3 11:55,0,30,2,9.4,5.6
2024/11/3 12:00,0,30,1,9.4,5.5
2024/11/3 12:05,0,30,1,9.4,5.7
2024/11/3 12:10,0,30,1,9.4,6
2024/11/3 12:15,0,30,1,9.4,6.2
2024/11/3 12:20,0,30,1,9.4,6.4
2024/11/3 12:25,0,30,1,9.4,6.7
2024/11/3 12:30,0,30,1,9.4,6.9
2024/11/3 12:35,0,30,1,9.4,7.1
2024/11/3 12:40,0,30,1,9.4,7.4
2024/11/3 12:45,0,30,1,9.4,7.6
2024/11/3 12:50,0,30,1,9.4,7.8
2024/11/3 12:55,0,30,1,9.4,8.1
2024/11/3 13:00,0,30,3,9.4,8.3
2024/11/3 13:05,0,30,3,9.4,8.4
2024/11/3 13:10,0,30,3,9.4,8.5
2024/11/3 13:15,0,30,3,9.4,8.6
2024/11/3 13:20,0,30,3,9.5,8.8
2024/11/3 13:25,0,30,3,9.5,8.9
2024/11/3 13:30,0,30,3,9.5,9
2024/11/3 13:35,0,30,3,9.5,9.1
2024/11/3 13:40,0,30,3,9.5,9.2
2024/11/3 13:45,0,30,3,9.6,9.4
2024/11/3 13:50,0,30,3,9.6,9.5
2024/11/3 13:55,0,30,3,9.6,9.6
2024/11/3 14:00,0,30,1,9.6,9.7
2024/11/3 14:05,0,30,1,9.5,9.6
2024/11/3 14:10,0,30,1,9.5,9.5
2024/11/3 14:15,0,30,1,9.4,9.4
2024/11/3 14:20,0,30,1,9.4,9.3
2024/11/3 14:25,0,30,1,9.4,9.2
2024/11/3 14:30,0,30,1,9.3,9.1
2024/11/3 14:35,0,30,1,9.2,9.1
2024/11/3 14:40,0,30,1,9.2,9
2024/11/3 14:45,0,30,1,9.2,8.9
2024/11/3 14:50,0,30,1,9.1,8.8
2024/11/3 14:55,0,30,1,9,8.7
2024/11/3 15:00,0,30,2,9,8.6
2024/11/3 15:05,0,30,2,8.9,8.6
2024/11/3 15:10,0,30,2,8.8,8.7
2024/11/3 15:15,0,30,2,8.7,8.7
2024/11/3 15:20,0,30,2,8.6,8.8
2024/11/3 15:25,0,30,2,8.5,8.8
2024/11/3 15:30,0,30,2,8.4,8.8
2024/11/3 15:35,0,30,2,8.4,8.9
2024/11/3 15:40,0,30,2,8.3,8.9
2024/11/3 15:45,0,30,2,8.2,9
2024/11/3 15:50,0,30,2,8.1,9
2024/11/3 15:55,0,30,2,8,9.1
2024/11/3 16:00,0,30,2,7.9,9.1
2024/11/3 16:05,0,30,2,7.8,9
2024/11/3 16:10,0,30,2,7.7,8.9
2024/11/3 16:15,0,30,2,7.6,8.8
2024/11/3 16:20,0,30,2,7.4,8.8
2024/11/3 16:25,0,30,2,7.3,8.7
2024/11/3 16:30,0,30,2,7.2,8.6
2024/11/3 16:35,0,30,2,7.1,8.5
2024/11/3 16:40,0,30,2,7,8.4
2024/11/3 16:45,0,30,2,6.8,8.4
2024/11/3 16:50,0,30,2,6.7,8.3
2024/11/3 16:55,0,30,2,6.6,8.2
2024/11/3 17:00,0,30,3,6.5,8.1
2024/11/3 17:05,0,30,3,6.4,8.2
2024/11/3 17:10,0,30,3,6.4,8.3
2024/11/3 17:15,0,30,3,6.3,8.4
2024/11/3 17:20,0,30,3,6.2,8.6
2024/11/3 17:25,0,30,3,6.2,8.7
2024/11/3 17:30,0,30,3,6.1,8.8
2024/11/3 17:35,0,30,3,6,8.9
2024/11/3 17:40,0,30,3,6,9
2024/11/3 17:45,0,30,3,5.9,9.2
2024/11/3 17:50,0,30,3,5.8,9.3
2024/11/3 17:55,0,30,3,5.8,9.4
2024/11/3 18:00,0,30,1,5.7,9.5
2024/11/3 18:05,0,30,1,5.6,9.2
2024/11/3 18:10,0,30,1,5.5,8.8
2024/11/3 18:15,0,30,1,5.4,8.4
2024/11/3 18:20,0,30,1,5.4,8.1
2024/11/3 18:25,0,30,1,5.3,7.8
2024/11/3 18:30,0,30,1,5.2,7.4
2024/11/3 18:35,0,30,1,5.1,7
2024/11/3 18:40,0,30,1,5,6.7
2024/11/3 18:45,0,30,1,5,6.4
2024/11/3 18:50,0,30,1,4.9,6
2024/11/3 18:55,0,30,1,4.8,5.6
2024/11/3 19:00,0,30,2,4.7,5.3
2024/11/3 19:05,0,30,2,4.6,5.1
2024/11/3 19:10,0,30,2,4.4,4.9
2024/11/3 19:15,0,30,2,4.3,4.8
2024/11/3 19:20,0,30,2,4.2,4.6
2024/11/3 19:25,0,30,2,4,4.4
2024/11/3 19:30,0,30,2,3.9,4.2
2024/11/3 19:35,0,30,2,3.8,4
2024/11/3 19:40,0,30,2,3.6,3.8
2024/11/3 19:45,0,30,2,3.5,3.6
2024/11/3 19:50,0,30,2,3.4,3.5
2024/11/3 19:55,0,30,2,3.2,3.3
2024/11/3 20:00,0,30,2,3.1,3.1
2024/11/3 20:05,0,30,2,3,3.2
2024/11/3 20:10,0,30,2,3,3.2
2024/11/3 20:15,0,30,2,2.9,3.3
2024/11/3 20:20,0,30,2,2.8,3.4
2024/11/3 20:25,0,30,2,2.7,3.5
2024/11/3 20:30,0,30,2,2.7,3.6
2024/11/3 20:35,0,30,2,2.6,3.6
2024/11/3 20:40,0,30,2,2.5,3.7
2024/11/3 20:45,0,30,2,2.4,3.8
2024/11/3 20:50,0,30,2,2.4,3.8
2024/11/3 20:55,0,30,2,2.3,3.9
2024/11/3 21:00,0,30,1,2.2,4
2024/11/3 21:05,0,30,1,2.1,3.8
2024/11/3 21:10,0,30,1,2,3.7
2024/11/3 21:15,0,30,1,2,3.6
2024/11/3 21:20,0,30,1,1.9,3.4
2024/11/3 21:25,0,30,1,1.8,3.2
2024/11/3 21:30,0,30,1,1.7,3.1
2024/11/3 21:35,0,30,1,1.6,3
2024/11/3 21:40,0,30,1,1.5,2.8
2024/11/3 21:45,0,30,1,1.4,2.7
2024/11/3 21:50,0,30,1,1.4,2.5
2024/11/3 21:55,0,30,1,1.3,2.4
2024/11/3 22:00,0,30,1,1.2,2.2
2024/11/3 22:05,0,30,1,1.1,2.2
2024/11/3 22:10,0,30,1,1.1,2.3
2024/11/3 22:15,0,30,1,1,2.4
2024/11/3 22:20,0,30,1,0.9,2.4
2024/11/3 22:25,0,30,1,0.9,2.4
2024/11/3 22:30,0,30,1,0.8,2.5
2024/11/3 22:35,0,30,1,0.7,2.6
2024/11/3 22:40,0,30,1,0.7,2.6
2024/11/3 22:45,0,30,1,0.6,2.6
2024/11/3 22:50,0,30,1,0.5,2.7
2024/11/3 22:55,0,30,1,0.5,2.8
2024/11/3 23:00,0,30,1,0.4,2.8
2024/11/3 23:05,0,30,1,0.4,2.8
2024/11/3 23:10,0,30,1,0.3,2.8
2024/11/3 23:15,0,30,1,0.2,2.9
2024/11/3 23:20,0,30,1,0.2,2.9
2024/11/3 23:25,0,30,1,0.1,2.9
2024/11/3 23:30,0,30,1,0.1,3
2024/11/3 23:35,0,30,1,0,3
2024/11/3 23:40,0,30,1,0,3
2024/11/3 23:45,0,30,1,-0.1,3
2024/11/3 23:50,0,30,1,-0.1,3
2024/11/3 23:55,0,30,1,-0.2,3.1
2024/11/4 0:00,0,30,1,-0.2,3.1
2024/11/4 0:05,0,30,1,-0.2,3.1
2024/11/4 0:10,0,30,1,-0.2,3
2024/11/4 0:15,0,30,1,-0.2,3
2024/11/4 0:20,0,30,1,-0.3,3
2024/11/4 0:25,0,30,1,-0.3,2.9
2024/11/4 0:30,0,30,1,-0.3,2.9
2024/11/4 0:35,0,30,1,-0.3,2.9
2024/11/4 0:40,0,30,1,-0.3,2.8
2024/11/4 0:45,0,30,1,-0.4,2.8
2024/11/4 0:50,0,30,1,-0.4,2.8
2024/11/4 0:55,0,30,1,-0.4,2.7
2024/11/4 1:00,0,30,2,-0.4,2.7
2024/11/4 1:05,0,30,2,-0.4,2.8
2024/11/4 1:10,0,30,2,-0.5,2.8
2024/11/4 1:15,0,30,2,-0.5,2.9
2024/11/4 1:20,0,30,2,-0.6,3
2024/11/4 1:25,0,30,2,-0.6,3
2024/11/4 1:30,0,30,2,-0.6,3.1
2024/11/4 1:35,0,30,2,-0.7,3.2
2024/11/4 1:40,0,30,2,-0.7,3.2
2024/11/4 1:45,0,30,2,-0.8,3.3
2024/11/4 1:50,0,30,2,-0.8,3.4
2024/11/4 1:55,0,30,2,-0.9,3.4
2024/11/4 2:00,0,30,1,-0.9,3.5
2024/11/4 2:05,0,30,1,-1,3.5
2024/11/4 2:10,0,30,1,-1.2,3.4
2024/11/4 2:15,0,30,1,-1.3,3.4
2024/11/4 2:20,0,30,1,-1.5,3.3
2024/11/4 2:25,0,30,1,-1.6,3.3
2024/11/4 2:30,0,30,1,-1.8,3.2
2024/11/4 2:35,0,30,1,-1.9,3.2
2024/11/4 2:40,0,30,1,-2,3.2
2024/11/4 2:45,0,30,1,-2.2,3.1
2024/11/4 2:50,0,30,1,-2.3,3.1
2024/11/4 2:55,0,30,1,-2.5,3
2024/11/4 3:00,0,30,1,-2.6,3
2024/11/4 3:05,0,30,1,-2.6,2.9
2024/11/4 3:10,0,30,1,-2.6,2.7
2024/11/4 3:15,0,30,1,-2.7,2.6
2024/11/4 3:20,0,30,1,-2.7,2.4
2024/11/4 3:25,0,30,1,-2.7,2.3
2024/11/4 3:30,0,30,1,-2.8,2.2
2024/11/4 3:35,0,30,1,-2.8,2
2024/11/4 3:40,0,30,1,-2.8,1.9
2024/11/4 3:45,0,30,1,-2.8,1.7
2024/11/4 3:50,0,30,1,-2.8,1.6
2024/11/4 3:55,0,30,1,-2.9,1.4
2024/11/4 4:00,0,30,2,-2.9,1.3
2024/11/4 4:05,0,30,2,-2.8,1.5
2024/11/4 4:10,0,30,2,-2.7,1.7
2024/11/4 4:15,0,30,2,-2.6,1.9
2024/11/4 4:20,0,30,2,-2.6,2.1
2024/11/4 4:25,0,30,2,-2.5,2.3
2024/11/4 4:30,0,30,2,-2.4,2.5
2024/11/4 4:35,0,30,2,-2.3,2.7
2024/11/4 4:40,0,30,2,-2.2,2.9
2024/11/4 4:45,0,30,2,-2.2,3.1
2024/11/4 4:50,0,30,2,-2.1,3.3
2024/11/4 4:55,0,30,2,-2,3.5
2024/11/4 5:00,0,30,1,-1.9,3.7
2024/11/4 5:05,0,30,1,-2,3.7
2024/11/4 5:10,0,30,1,-2.1,3.8
2024/11/4 5:15,0,30,1,-2.2,3.8
2024/11/4 5:20,0,30,1,-2.3,3.8
2024/11/4 5:25,0,30,1,-2.4,3.8
2024/11/4 5:30,0,30,1,-2.4,3.8
2024/11/4 5:35,0,30,1,-2.5,3.9
2024/11/4 5:40,0,30,1,-2.6,3.9
2024/11/4 5:45,0,30,1,-2.7,3.9
2024/11/4 5:50,0,30,1,-2.8,4
2024/11/4 5:55,0,30,1,-2.9,4
2024/11/4 6:00,0,30,1,-3,4
2024/11/4 6:05,0,30,1,-3,4.1
2024/11/4 6:10,0,30,1,-2.9,4.2
2024/11/4 6:15,0,30,1,-2.9,4.3
2024/11/4 6:20,0,30,1,-2.8,4.4
2024/11/4 6:25,0,30,1,-2.8,4.5
2024/11/4 6:30,0,30,1,-2.8,4.6
2024/11/4 6:35,0,30,1,-2.7,4.7
2024/11/4 6:40,0,30,1,-2.7,4.8
2024/11/4 6:45,0,30,1,-2.6,4.9
2024/11/4 6:50,0,30,1,-2.6,5
2024/11/4 6:55,0,30,1,-2.5,5.1
2024/11/4 7:00,0,30,1,-2.5,5.2
2024/11/4 7:05,0,30,1,-2.3,5.2
2024/11/4 7:10,0,30,1,-2.1,5.2
2024/11/4 7:15,0,30,1,-1.9,5.2
2024/11/4 7:20,0,30,1,-1.7,5.2
2024/11/4 7:25,0,30,1,-1.5,5.2
2024/11/4 7:30,0,30,1,-1.2,5.2
2024/11/4 7:35,0,30,1,-1,5.1
2024/11/4 7:40,0,30,1,-0.8,5.1
2024/11/4 7:45,0,30,1,-0.6,5.1
2024/11/4 7:50,0,30,1,-0.4,5.1
2024/11/4 7:55,0,30,1,-0.2,5.1
2024/11/4 8:00,0,30,1,0,5.1
2024/11/4 8:05,0,30,1,0.1,5
2024/11/4 8:10,0,30,1,0.2,4.9
2024/11/4 8:15,0,30,1,0.2,4.8
2024/11/4 8:20,0,30,1,0.3,4.7
2024/11/4 8:25,0,30,1,0.4,4.6
2024/11/4 8:30,0,30,1,0.5,4.5
2024/11/4 8:35,0,30,1,0.6,4.4
2024/11/4 8:40,0,30,1,0.7,4.3
2024/11/4 8:45,0,30,1,0.8,4.2
2024/11/4 8:50,0,30,1,0.8,4.1
2024/11/4 8:55,0,30,1,0.9,4
2024/11/4 9:00,0,30,3,1,3.9
2024/11/4 9:05,0,30,3,1,4
2024/11/4 9:10,0,30,3,1.1,4.2
2024/11/4 9:15,0,30,3,1.2,4.3
2024/11/4 9:20,0,30,3,1.2,4.5
2024/11/4 9:25,0,30,3,1.2,4.6
2024/11/4 9:30,0,30,3,1.3,4.8
2024/11/4 9:35,0,30,3,1.4,4.9
2024/11/4 9:40,0,30,3,1.4,5
2024/11/4 9:45,0,30,3,1.5,5.2
2024/11/4 9:50,0,30,3,1.5,5.3
2024/11/4 9:55,0,30,3,1.6,5.5
2024/11/4 10:00,0,30,3,1.6,5.6
2024/11/4 10:05,0,28.2,3,1.6,5.6
2024/11/4 10:10,0,26.4,3,1.7,5.6
2024/11/4 10:15,0,24.6,3,1.8,5.6
2024/11/4 10:20,0,22.8,3,1.8,5.5
2024/11/4 10:25,0,21,3,1.8,5.5
2024/11/4 10:30,0,19.2,3,1.9,5.5
2024/11/4 10:35,0,17.3,3,2,5.5
2024/11/4 10:40,0,15.5,3,2,5.5
2024/11/4 10:45,0,13.7,3,2.1,5.4
2024/11/4 10:50,0,11.9,3,2.1,5.4
2024/11/4 10:55,0,10.1,3,2.2,5.4
2024/11/4 11:00,0,8.3,3,2.2,5.4
2024/11/4 11:05,0,10.1,3,2.3,5.3
2024/11/4 11:10,0,11.9,3,2.4,5.2
2024/11/4 11:15,0,13.7,3,2.5,5.2
2024/11/4 11:20,0,15.5,3,2.6,5.1
2024/11/4 11:25,0,17.3,3,2.7,5
2024/11/4 11:30,0,19.2,3,2.8,5
2024/11/4 11:35,0,21,3,2.9,4.9
2024/11/4 11:40,0,22.8,3,3,4.8
2024/11/4 11:45,0,24.6,3,3.1,4.7
2024/11/4 11:50,0,26.4,3,3.2,4.6
2024/11/4 11:55,0,28.2,3,3.3,4.6
2024/11/4 12:00,0,30,3,3.4,4.5
2024/11/4 12:05,0,30,3,3.5,4.6
2024/11/4 12:10,0,30,3,3.6,4.8
2024/11/4 12:15,0,30,3,3.8,4.9
2024/11/4 12:20,0,30,3,3.9,5
2024/11/4 12:25,0,30,3,4,5.1
2024/11/4 12:30,0,30,3,4.1,5.2
2024/11/4 12:35,0,30,3,4.2,5.4
2024/11/4 12:40,0,30,3,4.3,5.5
2024/11/4 12:45,0,30,3,4.4,5.6
2024/11/4 12:50,0,30,3,4.6,5.8
2024/11/4 12:55,0,30,3,4.7,5.9
2024/11/4 13:00,0,30,3,4.8,6
2024/11/4 13:05,0,30,3,4.8,5.9
2024/11/4 13:10,0,30,3,4.7,5.8
2024/11/4 13:15,0,30,3,4.6,5.7
2024/11/4 13:20,0,30,3,4.6,5.6
2024/11/4 13:25,0,30,3,4.6,5.5
2024/11/4 13:30,0,30,3,4.5,5.4
2024/11/4 13:35,0,30,3,4.4,5.4
2024/11/4 13:40,0,30,3,4.4,5.3
2024/11/4 13:45,0,30,3,4.4,5.2
2024/11/4 13:50,0,30,3,4.3,5.1
2024/11/4 13:55,0,30,3,4.2,5
2024/11/4 14:00,0,30,3,4.2,4.9
2024/11/4 14:05,0,30,3,4.3,4.9
2024/11/4 14:10,0,30,3,4.3,5
2024/11/4 14:15,0,30,3,4.4,5
2024/11/4 14:20,0,30,3,4.5,5
2024/11/4 14:25,0,30,3,4.5,5.1
2024/11/4 14:30,0,30,3,4.6,5.1
2024/11/4 14:35,0,30,3,4.7,5.1
2024/11/4 14:40,0,30,3,4.7,5.2
2024/11/4 14:45,0,30,3,4.8,5.2
2024/11/4 14:50,0,30,3,4.9,5.2
2024/11/4 14:55,0,30,3,4.9,5.3
2024/11/4 15:00,0,30,3,5,5.3
2024/11/4 15:05,0,30,3,5,5.2
2024/11/4 15:10,0,30,3,4.9,5.1
2024/11/4 15:15,0,30,3,4.8,5
2024/11/4 15:20,0,30,3,4.8,4.9
2024/11/4 15:25,0,30,3,4.8,4.8
2024/11/4 15:30,0,30,3,4.7,4.7
2024/11/4 15:35,0,30,3,4.6,4.6
2024/11/4 15:40,0,30,3,4.6,4.5
2024/11/4 15:45,0,30,3,4.6,4.4
2024/11/4 15:50,0,30,3,4.5,4.3
2024/11/4 15:55,0,30,3,4.4,4.2
2024/11/4 16:00,0,30,3,4.4,4.1
2024/11/4 16:05,0,30,3,4.4,4.1
2024/11/4 16:10,0,30,3,4.4,4.1
2024/11/4 16:15,0,30,3,4.3,4.1
2024/11/4 16:20,0,30,3,4.3,4.1
2024/11/4 16:25,0,30,3,4.3,4.1
2024/11/4 16:30,0,30,3,4.2,4.1
2024/11/4 16:35,0,30,3,4.2,4.1
2024/11/4 16:40,0,30,3,4.2,4.1
2024/11/4 16:45,0,30,3,4.2,4.1
2024/11/4 16:50,0,30,3,4.1,4.1
2024/11/4 16:55,0,30,3,4.1,4.1
2024/11/4 17:00,0,30,3,4.1,4.1
2024/11/4 17:05,0,30,3,4,4.1
2024/11/4 17:10,0,30,3,4,4
2024/11/4 17:15,0,30,3,4,4
2024/11/4 17:20,0,30,3,3.9,3.9
2024/11/4 17:25,0,30,3,3.8,3.9
2024/11/4 17:30,0,30,3,3.8,3.8
2024/11/4 17:35,0,30,3,3.8,3.8
2024/11/4 17:40,0,30,3,3.7,3.8
2024/11/4 17:45,0,30,3,3.6,3.7
2024/11/4 17:50,0,30,3,3.6,3.7
2024/11/4 17:55,0,30,3,3.6,3.6
2024/11/4 18:00,0,30,3,3.5,3.6
2024/11/4 18:05,0,30,3,3.4,3.5
2024/11/4 18:10,0,30,3,3.4,3.5
2024/11/4 18:15,0,30,3,3.3,3.4
2024/11/4 18:20,0,30,3,3.3,3.3
2024/11/4 18:25,0,30,3,3.2,3.3
2024/11/4 18:30,0,30,3,3.2,3.2
2024/11/4 18:35,0,30,3,3.1,3.1
2024/11/4 18:40,0,30,3,3,3.1
2024/11/4 18:45,0,30,3,3,3
2024/11/4 18:50,0,30,3,2.9,2.9
2024/11/4 18:55,0,30,3,2.9,2.9
2024/11/4 19:00,0,30,2,2.8,2.8
2024/11/4 19:05,0,30,2,2.8,2.9
2024/11/4 19:10,0,30,2,2.8,2.9
2024/11/4 19:15,0,30,2,2.8,3
2024/11/4 19:20,0,30,2,2.7,3.1
2024/11/4 19:25,0,30,2,2.7,3.1
2024/11/4 19:30,0,30,2,2.7,3.2
2024/11/4 19:35,0,30,2,2.7,3.3
2024/11/4 19:40,0,30,2,2.7,3.3
2024/11/4 19:45,0,30,2,2.6,3.4
2024/11/4 19:50,0,30,2,2.6,3.5
2024/11/4 19:55,0,30,2,2.6,3.5
2024/11/4 20:00,0,30,2,2.6,3.6
2024/11/4 20:05,0,30,2,2.6,3.5
2024/11/4 20:10,0,30,2,2.6,3.5
2024/11/4 20:15,0,30,2,2.6,3.4
2024/11/4 20:20,0,30,2,2.6,3.4
2024/11/4 20:25,0,30,2,2.6,3.3
2024/11/4 20:30,0,30,2,2.6,3.2
2024/11/4 20:35,0,30,2,2.5,3.2
2024/11/4 20:40,0,30,2,2.5,3.1
2024/11/4 20:45,0,30,2,2.5,3.1
2024/11/4 20:50,0,30,2,2.5,3
2024/11/4 20:55,0,30,2,2.5,3
2024/11/4 21:00,0,30,2,2.5,2.9
2024/11/4 21:05,0,30,2,2.4,2.8
2024/11/4 21:10,0,30,2,2.4,2.7
2024/11/4 21:15,0,30,2,2.3,2.6
2024/11/4 21:20,0,30,2,2.3,2.5
2024/11/4 21:25,0,30,2,2.2,2.4
2024/11/4 21:30,0,30,2,2.2,2.2
2024/11/4 21:35,0,30,2,2.1,2.1
2024/11/4 21:40,0,30,2,2,2
2024/11/4 21:45,0,30,2,2,1.9
2024/11/4 21:50,0,30,2,1.9,1.8
2024/11/4 21:55,0,30,2,1.9,1.7
2024/11/4 22:00,0,30,2,1.8,1.6
2024/11/4 22:05,0,30,2,1.7,1.6
2024/11/4 22:10,0,30,2,1.6,1.6
2024/11/4 22:15,0,30,2,1.5,1.7
2024/11/4 22:20,0,30,2,1.4,1.7
2024/11/4 22:25,0,30,2,1.3,1.7
2024/11/4 22:30,0,30,2,1.2,1.8
2024/11/4 22:35,0,30,2,1,1.8
2024/11/4 22:40,0,30,2,0.9,1.8
2024/11/4 22:45,0,30,2,0.8,1.8
2024/11/4 22:50,0,30,2,0.7,1.8
2024/11/4 22:55,0,30,2,0.6,1.9
2024/11/4 23:00,0,30,1,0.5,1.9
2024/11/4 23:05,0,29.9,1,0.3,1.8
2024/11/4 23:10,0,29.8,1,0,1.7
2024/11/4 23:15,0,29.8,1,-0.2,1.6
2024/11/4 23:20,0,29.7,1,-0.4,1.5
2024/11/4 23:25,0,29.6,1,-0.6,1.4
2024/11/4 23:30,0,29.6,1,-0.8,1.4
2024/11/4 23:35,0,29.5,1,-1.1,1.3
2024/11/4 23:40,0,29.4,1,-1.3,1.2
2024/11/4 23:45,0,29.3,1,-1.5,1.1
2024/11/4 23:50,0,29.2,1,-1.8,1
2024/11/4 23:55,0,29.2,1,-2,0.9
2024/11/5 0:00,0,29.1,1,-2.2,0.8
2024/11/5 0:05,0,28.7,1,-2.3,0.8
2024/11/5 0:10,0,28.4,1,-2.3,0.8
2024/11/5 0:15,0,28,1,-2.4,0.8
2024/11/5 0:20,0,27.6,1,-2.4,0.8
2024/11/5 0:25,0,27.3,1,-2.5,0.8
2024/11/5 0:30,0,26.9,1,-2.6,0.8
2024/11/5 0:35,0,26.5,1,-2.6,0.9
2024/11/5 0:40,0,26.2,1,-2.7,0.9
2024/11/5 0:45,0,25.8,1,-2.7,0.9
2024/11/5 0:50,0,25.4,1,-2.8,0.9
2024/11/5 0:55,0,25.1,1,-2.8,0.9
2024/11/5 1:00,0,24.7,1,-2.9,0.9
2024/11/5 1:05,0,24.2,1,-2.9,0.8
2024/11/5 1:10,0,23.8,1,-3,0.8
2024/11/5 1:15,0,23.3,1,-3,0.7
2024/11/5 1:20,0,22.9,1,-3,0.6
2024/11/5 1:25,0,22.4,1,-3,0.6
2024/11/5 1:30,0,22,1,-3,0.5
2024/11/5 1:35,0,21.5,1,-3.1,0.4
2024/11/5 1:40,0,21,1,-3.1,0.4
2024/11/5 1:45,0,20.6,1,-3.1,0.3
2024/11/5 1:50,0,20.1,1,-3.2,0.2
2024/11/5 1:55,0,19.7,1,-3.2,0.2
2024/11/5 2:00,0,19.2,1,-3.2,0.1
2024/11/5 2:05,0,19,1,-3.3,0.1
2024/11/5 2:10,0,18.9,1,-3.4,0.2
2024/11/5 2:15,0,18.8,1,-3.4,0.2
2024/11/5 2:20,0,18.6,1,-3.5,0.3
2024/11/5 2:25,0,18.4,1,-3.6,0.3
2024/11/5 2:30,0,18.3,1,-3.6,0.4
2024/11/5 2:35,0,18.2,1,-3.7,0.4
2024/11/5 2:40,0,18,1,-3.8,0.4
2024/11/5 2:45,0,17.8,1,-3.9,0.5
2024/11/5 2:50,0,17.7,1,-4,0.5
2024/11/5 2:55,0,17.5,1,-4,0.6
2024/11/5 3:00,0,17.4,1,-4.1,0.6
2024/11/5 3:05,0,17.4,1,-4.1,0.7
2024/11/5 3:10,0,17.4,1,-4,0.8
2024/11/5 3:15,0,17.4,1,-4,0.9
2024/11/5 3:20,0,17.4,1,-4,1
2024/11/5 3:25,0,17.4,1,-4,1.1
2024/11/5 3:30,0,17.4,1,-4,1.2
2024/11/5 3:35,0,17.5,1,-3.9,1.4
2024/11/5 3:40,0,17.5,1,-3.9,1.5
2024/11/5 3:45,0,17.5,1,-3.9,1.6
2024/11/5 3:50,0,17.5,1,-3.8,1.7
2024/11/5 3:55,0,17.5,1,-3.8,1.8
2024/11/5 4:00,0,17.5,1,-3.8,1.9
2024/11/5 4:05,0,17.5,1,-3.9,1.8
2024/11/5 4:10,0,17.5,1,-4,1.8
2024/11/5 4:15,0,17.4,1,-4,1.7
2024/11/5 4:20,0,17.4,1,-4.1,1.6
2024/11/5 4:25,0,17.4,1,-4.2,1.6
2024/11/5 4:30,0,17.4,1,-4.2,1.5
2024/11/5 4:35,0,17.4,1,-4.3,1.4
2024/11/5 4:40,0,17.4,1,-4.4,1.4
2024/11/5 4:45,0,17.4,1,-4.5,1.3
2024/11/5 4:50,0,17.3,1,-4.6,1.2
2024/11/5 4:55,0,17.3,1,-4.6,1.2
2024/11/5 5:00,0,17.3,1,-4.7,1.1
2024/11/5 5:05,0,17.3,1,-4.6,1.2
2024/11/5 5:10,0,17.3,1,-4.5,1.2
2024/11/5 5:15,0,17.3,1,-4.4,1.3
2024/11/5 5:20,0,17.3,1,-4.4,1.4
2024/11/5 5:25,0,17.3,1,-4.3,1.5
2024/11/5 5:30,0,17.4,1,-4.2,1.6
2024/11/5 5:35,0,17.4,1,-4.1,1.6
2024/11/5 5:40,0,17.4,1,-4,1.7
2024/11/5 5:45,0,17.4,1,-4,1.8
2024/11/5 5:50,0,17.4,1,-3.9,1.8
2024/11/5 5:55,0,17.4,1,-3.8,1.9
2024/11/5 6:00,0,17.4,1,-3.7,2
2024/11/5 6:05,0,17.1,1,-3.6,2
2024/11/5 6:10,0,16.8,1,-3.6,1.9
2024/11/5 6:15,0,16.4,1,-3.6,1.8
2024/11/5 6:20,0,16.1,1,-3.5,1.8
2024/11/5 6:25,0,15.8,1,-3.4,1.8
2024/11/5 6:30,0,15.5,1,-3.4,1.7
2024/11/5 6:35,0,15.2,1,-3.4,1.6
2024/11/5 6:40,0,14.9,1,-3.3,1.6
2024/11/5 6:45,0,14.6,1,-3.2,1.5
2024/11/5 6:50,0,14.2,1,-3.2,1.5
2024/11/5 6:55,0,13.9,1,-3.2,1.4
2024/11/5 7:00,0,13.6,1,-3.1,1.4
2024/11/5 7:05,0,13.7,1,-2.8,1.3
2024/11/5 7:10,0,13.8,1,-2.6,1.2
2024/11/5 7:15,0,13.9,1,-2.4,1.1
2024/11/5 7:20,0,14,1,-2.1,1
2024/11/5 7:25,0,14.1,1,-1.8,0.9
2024/11/5 7:30,0,14.2,1,-1.6,0.8
2024/11/5 7:35,0,14.3,1,-1.4,0.7
2024/11/5 7:40,0,14.4,1,-1.1,0.6
2024/11/5 7:45,0,14.5,1,-0.8,0.5
2024/11/5 7:50,0,14.6,1,-0.6,0.4
2024/11/5 7:55,0,14.7,1,-0.4,0.3
2024/11/5 8:00,0,14.8,1,-0.1,0.2
2024/11/5 8:05,0,14.4,1,0,0.3
2024/11/5 8:10,0,14.1,1,0.1,0.4
2024/11/5 8:15,0,13.7,1,0.2,0.5
2024/11/5 8:20,0,13.3,1,0.4,0.6
2024/11/5 8:25,0,13,1,0.5,0.7
2024/11/5 8:30,0,12.6,1,0.6,0.8
2024/11/5 8:35,0,12.2,1,0.7,1
2024/11/5 8:40,0,11.9,1,0.8,1.1
2024/11/5 8:45,0,11.5,1,1,1.2
2024/11/5 8:50,0,11.1,1,1.1,1.3
2024/11/5 8:55,0,10.8,1,1.2,1.4
2024/11/5 9:00,0,10.4,1,1.3,1.5
2024/11/5 9:05,0,10.7,1,1.5,1.6
2024/11/5 9:10,0,10.9,1,1.7,1.7
2024/11/5 9:15,0,11.2,1,1.9,1.8
2024/11/5 9:20,0,11.4,1,2.1,2
2024/11/5 9:25,0,11.7,1,2.3,2.1
2024/11/5 9:30,0,12,1,2.4,2.2
2024/11/5 9:35,0,12.2,1,2.6,2.3
2024/11/5 9:40,0,12.5,1,2.8,2.4
2024/11/5 9:45,0,12.7,1,3,2.6
2024/11/5 9:50,0,13,1,3.2,2.7
2024/11/5 9:55,0,13.2,1,3.4,2.8
2024/11/5 10:00,0,13.5,1,3.6,2.9
2024/11/5 10:05,0,14.3,1,3.7,2.9
2024/11/5 10:10,0,15.1,1,3.8,2.8
2024/11/5 10:15,0,15.9,1,3.9,2.8
2024/11/5 10:20,0,16.7,1,4,2.8
2024/11/5 10:25,0,17.5,1,4.1,2.8
2024/11/5 10:30,0,18.4,1,4.2,2.8
2024/11/5 10:35,0,19.2,1,4.3,2.7
2024/11/5 10:40,0,20,1,4.4,2.7
2024/11/5 10:45,0,20.8,1,4.5,2.7
2024/11/5 10:50,0,21.6,1,4.6,2.6
2024/11/5 10:55,0,22.4,1,4.7,2.6
2024/11/5 11:00,0,23.2,1,4.8,2.6
2024/11/5 11:05,0,23.2,1,5,2.6
2024/11/5 11:10,0,23.2,1,5.1,2.6
2024/11/5 11:15,0,23.3,1,5.3,2.6
2024/11/5 11:20,0,23.3,1,5.5,2.7
2024/11/5 11:25,0,23.3,1,5.6,2.7
2024/11/5 11:30,0,23.4,1,5.8,2.7
2024/11/5 11:35,0,23.4,1,6,2.7
2024/11/5 11:40,0,23.4,1,6.1,2.7
2024/11/5 11:45,0,23.4,1,6.3,2.8
2024/11/5 11:50,0,23.4,1,6.5,2.8
2024/11/5 11:55,0,23.5,1,6.6,2.8
2024/11/5 12:00,0,23.5,3,6.8,2.8
2024/11/5 12:05,0,24,3,6.9,2.8
2024/11/5 12:10,0,24.6,3,7,2.8
2024/11/5 12:15,0,25.1,3,7.1,2.8
2024/11/5 12:20,0,25.7,3,7.2,2.8
2024/11/5 12:25,0,26.2,3,7.3,2.8
2024/11/5 12:30,0,26.8,3,7.4,2.8
2024/11/5 12:35,0,27.3,3,7.5,2.8
2024/11/5 12:40,0,27.8,3,7.6,2.8
2024/11/5 12:45,0,28.4,3,7.7,2.8
2024/11/5 12:50,0,28.9,3,7.8,2.8
2024/11/5 12:55,0,29.5,3,7.9,2.8
2024/11/5 13:00,0,30,3,8,2.8
2024/11/5 13:05,0,30,3,8.1,2.8
2024/11/5 13:10,0,30,3,8.1,2.7
2024/11/5 13:15,0,30,3,8.2,2.7
2024/11/5 13:20,0,30,3,8.3,2.7
2024/11/5 13:25,0,30,3,8.3,2.6
2024/11/5 13:30,0,30,3,8.4,2.6
2024/11/5 13:35,0,30,3,8.5,2.6
2024/11/5 13:40,0,30,3,8.5,2.5
2024/11/5 13:45,0,30,3,8.6,2.5
2024/11/5 13:50,0,30,3,8.7,2.5
2024/11/5 13:55,0,30,3,8.7,2.4
2024/11/5 14:00,0,30,2,8.8,2.4
2024/11/5 14:05,0,30,2,8.9,2.3
2024/11/5 14:10,0,30,2,8.9,2.3
2024/11/5 14:15,0,30,2,9,2.2
2024/11/5 14:20,0,30,2,9,2.1
2024/11/5 14:25,0,30,2,9.1,2.1
2024/11/5 14:30,0,30,2,9.2,2
2024/11/5 14:35,0,30,2,9.2,1.9
2024/11/5 14:40,0,30,2,9.3,1.9
2024/11/5 14:45,0,30,2,9.3,1.8
2024/11/5 14:50,0,30,2,9.4,1.7
2024/11/5 14:55,0,30,2,9.4,1.7
2024/11/5 15:00,0,30,1,9.5,1.6
2024/11/5 15:05,0,30,1,9.5,1.6
2024/11/5 15:10,0,30,1,9.6,1.5
2024/11/5 15:15,0,30,1,9.6,1.5
2024/11/5 15:20,0,30,1,9.6,1.4
2024/11/5 15:25,0,30,1,9.6,1.4
2024/11/5 15:30,0,30,1,9.6,1.4
2024/11/5 15:35,0,30,1,9.7,1.3
2024/11/5 15:40,0,30,1,9.7,1.3
2024/11/5 15:45,0,30,1,9.7,1.2
2024/11/5 15:50,0,30,1,9.8,1.2
2024/11/5 15:55,0,30,1,9.8,1.1
2024/11/5 16:00,0,30,1,9.8,1.1
2024/11/5 16:05,0,30,1,9.6,1.2
2024/11/5 16:10,0,30,1,9.5,1.2
2024/11/5 16:15,0,30,1,9.4,1.2
2024/11/5 16:20,0,30,1,9.2,1.3
2024/11/5 16:25,0,30,1,9,1.4
2024/11/5 16:30,0,30,1,8.9,1.4
2024/11/5 16:35,0,30,1,8.8,1.4
2024/11/5 16:40,0,30,1,8.6,1.5
2024/11/5 16:45,0,30,1,8.4,1.6
2024/11/5 16:50,0,30,1,8.3,1.6
2024/11/5 16:55,0,30,1,8.2,1.6
2024/11/5 17:00,0,30,1,8,1.7
2024/11/5 17:05,0,29.8,1,7.6,1.6
2024/11/5 17:10,0,29.6,1,7.3,1.6
2024/11/5 17:15,0,29.5,1,6.9,1.6
2024/11/5 17:20,0,29.3,1,6.6,1.5
2024/11/5 17:25,0,29.1,1,6.2,1.4
2024/11/5 17:30,0,29,1,5.8,1.4
2024/11/5 17:35,0,28.8,1,5.5,1.4
2024/11/5 17:40,0,28.6,1,5.1,1.3
2024/11/5 17:45,0,28.4,1,4.8,1.2
2024/11/5 17:50,0,28.2,1,4.4,1.2
2024/11/5 17:55,0,28.1,1,4.1,1.2
2024/11/5 18:00,0,27.9,1,3.7,1.1
2024/11/5 18:05,0,27.4,1,3.4,1
2024/11/5 18:10,0,27,1,3,0.9
2024/11/5 18:15,0,26.5,1,2.7,0.8
2024/11/5 18:20,0,26,1,2.4,0.8
2024/11/5 18:25,0,25.6,1,2,0.7
2024/11/5 18:30,0,25.1,1,1.7,0.6
2024/11/5 18:35,0,24.6,1,1.4,0.5
2024/11/5 18:40,0,24.2,1,1,0.4
2024/11/5 18:45,0,23.7,1,0.7,0.4
2024/11/5 18:50,0,23.2,1,0.4,0.3
2024/11/5 18:55,0,22.8,1,0,0.2
2024/11/5 19:00,0,22.3,2,-0.3,0.1
2024/11/5 19:05,0,21.8,2,-0.3,0.2
2024/11/5 19:10,0,21.3,2,-0.4,0.3
2024/11/5 19:15,0,20.8,2,-0.4,0.4
2024/11/5 19:20,0,20.2,2,-0.4,0.5
2024/11/5 19:25,0,19.7,2,-0.4,0.6
2024/11/5 19:30,0,19.2,2,-0.4,0.7
2024/11/5 19:35,0,18.7,2,-0.5,0.9
2024/11/5 19:40,0,18.2,2,-0.5,1
2024/11/5 19:45,0,17.7,2,-0.5,1.1
2024/11/5 19:50,0,17.1,2,-0.5,1.2
2024/11/5 19:55,0,16.6,2,-0.6,1.3
2024/11/5 20:00,0,16.1,1,-0.6,1.4
2024/11/5 20:05,0,15.5,1,-0.6,1.4
2024/11/5 20:10,0,14.8,1,-0.6,1.4
2024/11/5 20:15,0,14.2,1,-0.6,1.4
2024/11/5 20:20,0,13.6,1,-0.6,1.4
2024/11/5 20:25,0,13,1,-0.6,1.4
2024/11/5 20:30,0,12.4,1,-0.6,1.4
2024/11/5 20:35,0,11.7,1,-0.7,1.3
2024/11/5 20:40,0,11.1,1,-0.7,1.3
2024/11/5 20:45,0,10.5,1,-0.7,1.3
2024/11/5 20:50,0,9.9,1,-0.7,1.3
2024/11/5 20:55,0,9.2,1,-0.7,1.3
2024/11/5 21:00,0,8.6,1,-0.7,1.3
2024/11/5 21:05,0,8.6,1,-0.8,1.3
2024/11/5 21:10,0,8.6,1,-0.9,1.4
2024/11/5 21:15,0,8.6,1,-1,1.4
2024/11/5 21:20,0,8.6,1,-1.2,1.4
2024/11/5 21:25,0,8.6,1,-1.3,1.5
2024/11/5 21:30,0,8.6,1,-1.4,1.5
2024/11/5 21:35,0,8.7,1,-1.5,1.5
2024/11/5 21:40,0,8.7,1,-1.6,1.6
2024/11/5 21:45,0,8.7,1,-1.8,1.6
2024/11/5 21:50,0,8.7,1,-1.9,1.6
2024/11/5 21:55,0,8.7,1,-2,1.7
2024/11/5 22:00,0,8.7,1,-2.1,1.7
2024/11/5 22:05,0,8.6,1,-2.1,1.7
2024/11/5 22:10,0,8.5,1,-2.1,1.6
2024/11/5 22:15,0,8.4,1,-2,1.6
2024/11/5 22:20,0,8.2,1,-2,1.6
2024/11/5 22:25,0,8.1,1,-2,1.6
2024/11/5 22:30,0,8,1,-2,1.5
2024/11/5 22:35,0,7.9,1,-1.9,1.5
2024/11/5 22:40,0,7.8,1,-1.9,1.5
2024/11/5 22:45,0,7.6,1,-1.9,1.5
2024/11/5 22:50,0,7.5,1,-1.8,1.4
2024/11/5 22:55,0,7.4,1,-1.8,1.4
2024/11/5 23:00,0,7.3,1,-1.8,1.4
2024/11/5 23:05,0,7.4,1,-1.8,1.4
2024/11/5 23:10,0,7.5,1,-1.8,1.5
2024/11/5 23:15,0,7.6,1,-1.7,1.5
2024/11/5 23:20,0,7.6,1,-1.7,1.5
2024/11/5 23:25,0,7.7,1,-1.7,1.6
2024/11/5 23:30,0,7.8,1,-1.6,1.6
2024/11/5 23:35,0,7.9,1,-1.6,1.6
2024/11/5 23:40,0,8,1,-1.6,1.7
2024/11/5 23:45,0,8,1,-1.6,1.7
2024/11/5 23:50,0,8.1,1,-1.6,1.7
2024/11/5 23:55,0,8.2,1,-1.5,1.8
2024/11/6 0:00,0,8.3,1,-1.5,1.8
2024/11/6 0:05,0,8.4,1,-1.5,1.8
2024/11/6 0:10,0,8.5,1,-1.5,1.9
2024/11/6 0:15,0,8.6,1,-1.6,1.9
2024/11/6 0:20,0,8.8,1,-1.6,1.9
2024/11/6 0:25,0,8.9,1,-1.6,2
2024/11/6 0:30,0,9,1,-1.6,2
2024/11/6 0:35,0,9.1,1,-1.6,2
2024/11/6 0:40,0,9.2,1,-1.6,2.1
2024/11/6 0:45,0,9.4,1,-1.6,2.1
2024/11/6 0:50,0,9.5,1,-1.7,2.1
2024/11/6 0:55,0,9.6,1,-1.7,2.2
2024/11/6 1:00,0,9.7,1,-1.7,2.2
2024/11/6 1:05,0,10,1,-1.5,2.3
2024/11/6 1:10,0,10.2,1,-1.3,2.3
2024/11/6 1:15,0,10.4,1,-1.2,2.4
2024/11/6 1:20,0,10.7,1,-1,2.5
2024/11/6 1:25,0,11,1,-0.8,2.5
2024/11/6 1:30,0,11.2,1,-0.6,2.6
2024/11/6 1:35,0,11.4,1,-0.4,2.7
2024/11/6 1:40,0,11.7,1,-0.2,2.7
2024/11/6 1:45,0,12,1,0,2.8
2024/11/6 1:50,0,12.2,1,0.1,2.9
2024/11/6 1:55,0,12.4,1,0.3,2.9
2024/11/6 2:00,0,12.7,1,0.5,3
2024/11/6 2:05,0,12.4,1,0.5,3
2024/11/6 2:10,0,12.2,1,0.4,3
2024/11/6 2:15,0,12,1,0.4,3
2024/11/6 2:20,0,11.7,1,0.4,3
2024/11/6 2:25,0,11.4,1,0.3,3
2024/11/6 2:30,0,11.2,1,0.3,3
2024/11/6 2:35,0,11,1,0.3,3
2024/11/6 2:40,0,10.7,1,0.2,3
2024/11/6 2:45,0,10.4,1,0.2,3
2024/11/6 2:50,0,10.2,1,0.2,3
2024/11/6 2:55,0,10,1,0.1,3
2024/11/6 3:00,0,9.7,1,0.1,3
2024/11/6 3:05,0,9.6,1,0,3
2024/11/6 3:10,0,9.4,1,-0.2,2.9
2024/11/6 3:15,0,9.3,1,-0.3,2.9
2024/11/6 3:20,0,9.2,1,-0.5,2.8
2024/11/6 3:25,0,9.1,1,-0.6,2.8
2024/11/6 3:30,0,9,1,-0.8,2.8
2024/11/6 3:35,0,8.8,1,-0.9,2.7
2024/11/6 3:40,0,8.7,1,-1,2.7
2024/11/6 3:45,0,8.6,1,-1.2,2.6
2024/11/6 3:50,0,8.4,1,-1.3,2.6
2024/11/6 3:55,0,8.3,1,-1.5,2.5
2024/11/6 4:00,0,8.2,1,-1.6,2.5
2024/11/6 4:05,0,8.3,1,-1.5,2.6
2024/11/6 4:10,0,8.4,1,-1.5,2.8
2024/11/6 4:15,0,8.4,1,-1.4,2.9
2024/11/6 4:20,0,8.5,1,-1.3,3.1
2024/11/6 4:25,0,8.6,1,-1.2,3.2
2024/11/6 4:30,0,8.6,1,-1.2,3.4
2024/11/6 4:35,0,8.7,1,-1.1,3.5
2024/11/6 4:40,0,8.8,1,-1,3.6
2024/11/6 4:45,0,8.9,1,-0.9,3.8
2024/11/6 4:50,0,9,1,-0.8,3.9
2024/11/6 4:55,0,9,1,-0.8,4.1
2024/11/6 5:00,0,9.1,1,-0.7,4.2
2024/11/6 5:05,0,9.4,1,-0.7,4.2
2024/11/6 5:10,0,9.6,1,-0.8,4.2
2024/11/6 5:15,0,9.9,1,-0.8,4.1
2024/11/6 5:20,0,10.2,1,-0.9,4.1
2024/11/6 5:25,0,10.5,1,-0.9,4.1
2024/11/6 5:30,0,10.8,1,-1,4
2024/11/6 5:35,0,11,1,-1,4
2024/11/6 5:40,0,11.3,1,-1,4
2024/11/6 5:45,0,11.6,1,-1.1,4
2024/11/6 5:50,0,11.9,1,-1.1,4
2024/11/6 5:55,0,12.1,1,-1.2,3.9
2024/11/6 6:00,0,12.4,1,-1.2,3.9
2024/11/6 6:05,0,12.4,1,-1.2,3.9
2024/11/6 6:10,0,12.4,1,-1.2,3.9
2024/11/6 6:15,0,12.4,1,-1.2,3.9
2024/11/6 6:20,0,12.5,1,-1.2,3.9
2024/11/6 6:25,0,12.5,1,-1.2,3.9
2024/11/6 6:30,0,12.5,1,-1.2,4
2024/11/6 6:35,0,12.5,1,-1.3,4
2024/11/6 6:40,0,12.5,1,-1.3,4
2024/11/6 6:45,0,12.6,1,-1.3,4
2024/11/6 6:50,0,12.6,1,-1.3,4
2024/11/6 6:55,0,12.6,1,-1.3,4
2024/11/6 7:00,0,12.6,1,-1.3,4
2024/11/6 7:05,0,12.6,1,-1.2,4
2024/11/6 7:10,0,12.7,1,-1.1,3.9
2024/11/6 7:15,0,12.7,1,-1,3.9
2024/11/6 7:20,0,12.8,1,-0.9,3.9
2024/11/6 7:25,0,12.8,1,-0.8,3.8
2024/11/6 7:30,0,12.8,1,-0.7,3.8
2024/11/6 7:35,0,12.9,1,-0.6,3.8
2024/11/6 7:40,0,12.9,1,-0.5,3.7
2024/11/6 7:45,0,13,1,-0.4,3.7
2024/11/6 7:50,0,13,1,-0.3,3.7
2024/11/6 7:55,0,13.1,1,-0.2,3.6
2024/11/6 8:00,0,13.1,1,-0.1,3.6
2024/11/6 8:05,0,13.6,1,0.1,3.8
2024/11/6 8:10,0,14.2,1,0.2,3.9
2024/11/6 8:15,0,14.7,1,0.4,4.1
2024/11/6 8:20,0,15.2,1,0.5,4.2
2024/11/6 8:25,0,15.7,1,0.7,4.4
2024/11/6 8:30,0,16.2,1,0.9,4.6
2024/11/6 8:35,0,16.8,1,1,4.7
2024/11/6 8:40,0,17.3,1,1.2,4.9
2024/11/6 8:45,0,17.8,1,1.3,5
2024/11/6 8:50,0,18.3,1,1.5,5.2
2024/11/6 8:55,0,18.9,1,1.6,5.3
2024/11/6 9:00,0,19.4,1,1.8,5.5
2024/11/6 9:05,0,20.1,1,2,5.6
2024/11/6 9:10,0,20.7,1,2.3,5.8
2024/11/6 9:15,0,21.4,1,2.5,5.9
2024/11/6 9:20,0,22,1,2.7,6
2024/11/6 9:25,0,22.7,1,3,6.2
2024/11/6 9:30,0,23.4,1,3.2,6.3
2024/11/6 9:35,0,24,1,3.4,6.4
2024/11/6 9:40,0,24.7,1,3.7,6.6
2024/11/6 9:45,0,25.3,1,3.9,6.7
2024/11/6 9:50,0,26,1,4.1,6.8
2024/11/6 9:55,0,26.6,1,4.4,7
2024/11/6 10:00,0,27.3,2,4.6,7.1
2024/11/6 10:05,0,26.9,2,4.8,7
2024/11/6 10:10,0,26.5,2,5,7
2024/11/6 10:15,0,26,2,5.2,6.9
2024/11/6 10:20,0,25.6,2,5.4,6.9
2024/11/6 10:25,0,25.2,2,5.6,6.8
2024/11/6 10:30,0,24.8,2,5.8,6.8
2024/11/6 10:35,0,24.4,2,6.1,6.7
2024/11/6 10:40,0,24,2,6.3,6.6
2024/11/6 10:45,0,23.6,2,6.5,6.6
2024/11/6 10:50,0,23.1,2,6.7,6.5
2024/11/6 10:55,0,22.7,2,6.9,6.5
2024/11/6 11:00,0,22.3,3,7.1,6.4
2024/11/6 11:05,0,22.2,3,7.3,6.4
2024/11/6 11:10,0,22.2,3,7.4,6.3
2024/11/6 11:15,0,22.1,3,7.6,6.3
2024/11/6 11:20,0,22,3,7.7,6.2
2024/11/6 11:25,0,21.9,3,7.9,6.2
2024/11/6 11:30,0,21.8,3,8,6.2
2024/11/6 11:35,0,21.8,3,8.2,6.1
2024/11/6 11:40,0,21.7,3,8.4,6.1
2024/11/6 11:45,0,21.6,3,8.5,6
2024/11/6 11:50,0,21.5,3,8.7,6
2024/11/6 11:55,0,21.5,3,8.8,5.9
2024/11/6 12:00,0,21.4,3,9,5.9
2024/11/6 12:05,0,21.6,3,9,5.8
2024/11/6 12:10,0,21.8,3,9.1,5.8
2024/11/6 12:15,0,22,3,9.1,5.7
2024/11/6 12:20,0,22.2,3,9.1,5.6
2024/11/6 12:25,0,22.4,3,9.2,5.5
2024/11/6 12:30,0,22.6,3,9.2,5.4
2024/11/6 12:35,0,22.9,3,9.2,5.4
2024/11/6 12:40,0,23.1,3,9.3,5.3
2024/11/6 12:45,0,23.3,3,9.3,5.2
2024/11/6 12:50,0,23.5,3,9.3,5.2
2024/11/6 12:55,0,23.7,3,9.4,5.1
2024/11/6 13:00,0,23.9,2,9.4,5
2024/11/6 13:05,0,23.7,2,9.5,4.9
2024/11/6 13:10,0,23.4,2,9.6,4.8
2024/11/6 13:15,0,23.2,2,9.6,4.7
2024/11/6 13:20,0,22.9,2,9.7,4.6
2024/11/6 13:25,0,22.7,2,9.8,4.5
2024/11/6 13:30,0,22.4,2,9.9,4.4
2024/11/6 13:35,0,22.2,2,10,4.3
2024/11/6 13:40,0,22,2,10.1,4.2
2024/11/6 13:45,0,21.7,2,10.2,4.1
2024/11/6 13:50,0,21.5,2,10.2,4
2024/11/6 13:55,0,21.2,2,10.3,3.9
2024/11/6 14:00,0,21,3,10.4,3.8
2024/11/6 14:05,0,21.1,3,10.4,3.8
2024/11/6 14:10,0,21.3,3,10.5,3.8
2024/11/6 14:15,0,21.4,3,10.5,3.7
2024/11/6 14:20,0,21.5,3,10.5,3.7
2024/11/6 14:25,0,21.7,3,10.6,3.7
2024/11/6 14:30,0,21.8,3,10.6,3.6
2024/11/6 14:35,0,21.9,3,10.6,3.6
2024/11/6 14:40,0,22.1,3,10.7,3.6
2024/11/6 14:45,0,22.2,3,10.7,3.6
2024/11/6 14:50,0,22.3,3,10.7,3.6
2024/11/6 14:55,0,22.5,3,10.8,3.5
2024/11/6 15:00,0,22.6,2,10.8,3.5
2024/11/6 15:05,0,22.4,2,10.8,3.4
2024/11/6 15:10,0,22.3,2,10.7,3.3
2024/11/6 15:15,0,22.1,2,10.7,3.2
2024/11/6 15:20,0,21.9,2,10.6,3.1
2024/11/6 15:25,0,21.8,2,10.6,3
2024/11/6 15:30,0,21.6,2,10.6,2.9
2024/11/6 15:35,0,21.4,2,10.5,2.8
2024/11/6 15:40,0,21.3,2,10.5,2.7
2024/11/6 15:45,0,21.1,2,10.4,2.6
2024/11/6 15:50,0,20.9,2,10.4,2.5
2024/11/6 15:55,0,20.8,2,10.3,2.4
2024/11/6 16:00,0,20.6,2,10.3,2.3
2024/11/6 16:05,0,20.5,2,10.2,2.3
2024/11/6 16:10,0,20.4,2,10,2.3
2024/11/6 16:15,0,20.4,2,9.9,2.2
2024/11/6 16:20,0,20.3,2,9.8,2.2
2024/11/6 16:25,0,20.2,2,9.6,2.2
2024/11/6 16:30,0,20.1,2,9.5,2.2
2024/11/6 16:35,0,20,2,9.4,2.2
2024/11/6 16:40,0,19.9,2,9.2,2.2
2024/11/6 16:45,0,19.8,2,9.1,2.2
2024/11/6 16:50,0,19.8,2,9,2.1
2024/11/6 16:55,0,19.7,2,8.8,2.1
2024/11/6 17:00,0,19.6,1,8.7,2.1
2024/11/6 17:05,0,19.1,1,8.3,2.1
2024/11/6 17:10,0,18.6,1,8,2.1
2024/11/6 17:15,0,18.1,1,7.6,2
2024/11/6 17:20,0,17.6,1,7.3,2
2024/11/6 17:25,0,17.1,1,6.9,2
2024/11/6 17:30,0,16.6,1,6.6,2
2024/11/6 17:35,0,16.2,1,6.2,2
2024/11/6 17:40,0,15.7,1,5.8,2
2024/11/6 17:45,0,15.2,1,5.5,2
2024/11/6 17:50,0,14.7,1,5.1,1.9
2024/11/6 17:55,0,14.2,1,4.8,1.9
2024/11/6 18:00,0,13.7,1,4.4,1.9
2024/11/6 18:05,0,13.5,1,4.2,1.9
2024/11/6 18:10,0,13.3,1,3.9,1.8
2024/11/6 18:15,0,13.1,1,3.7,1.8
2024/11/6 18:20,0,12.9,1,3.5,1.7
2024/11/6 18:25,0,12.7,1,3.2,1.7
2024/11/6 18:30,0,12.5,1,3,1.6
2024/11/6 18:35,0,12.3,1,2.8,1.6
2024/11/6 18:40,0,12.1,1,2.5,1.6
2024/11/6 18:45,0,11.9,1,2.3,1.5
2024/11/6 18:50,0,11.7,1,2.1,1.5
2024/11/6 18:55,0,11.5,1,1.8,1.4
2024/11/6 19:00,0,11.3,1,1.6,1.4
2024/11/6 19:05,0,11.2,1,1.6,1.5
2024/11/6 19:10,0,11.1,1,1.6,1.6
2024/11/6 19:15,0,11,1,1.6,1.7
2024/11/6 19:20,0,11,1,1.6,1.8
2024/11/6 19:25,0,10.9,1,1.6,1.9
2024/11/6 19:30,0,10.8,1,1.6,2
2024/11/6 19:35,0,10.7,1,1.7,2
2024/11/6 19:40,0,10.6,1,1.7,2.1
2024/11/6 19:45,0,10.6,1,1.7,2.2
2024/11/6 19:50,0,10.5,1,1.7,2.3
2024/11/6 19:55,0,10.4,1,1.7,2.4
2024/11/6 20:00,0,10.3,1,1.7,2.5
2024/11/6 20:05,0,10.3,1,1.7,2.5
2024/11/6 20:10,0,10.2,1,1.6,2.4
2024/11/6 20:15,0,10.2,1,1.6,2.4
2024/11/6 20:20,0,10.2,1,1.6,2.4
2024/11/6 20:25,0,10.1,1,1.5,2.4
2024/11/6 20:30,0,10.1,1,1.5,2.4
2024/11/6 20:35,0,10.1,1,1.5,2.3
2024/11/6 20:40,0,10,1,1.4,2.3
2024/11/6 20:45,0,10,1,1.4,2.3
2024/11/6 20:50,0,10,1,1.4,2.2
2024/11/6 20:55,0,9.9,1,1.3,2.2
2024/11/6 21:00,0,9.9,1,1.3,2.2
2024/11/6 21:05,0,9.8,1,1.3,2.1
2024/11/6 21:10,0,9.6,1,1.3,2.1
2024/11/6 21:15,0,9.5,1,1.4,2
2024/11/6 21:20,0,9.4,1,1.4,1.9
2024/11/6 21:25,0,9.2,1,1.4,1.9
2024/11/6 21:30,0,9.1,1,1.4,1.8
2024/11/6 21:35,0,9,1,1.4,1.7
2024/11/6 21:40,0,8.8,1,1.4,1.7
2024/11/6 21:45,0,8.7,1,1.4,1.6
2024/11/6 21:50,0,8.6,1,1.5,1.5
2024/11/6 21:55,0,8.4,1,1.5,1.5
2024/11/6 22:00,0,8.3,1,1.5,1.4
2024/11/6 22:05,0,8.1,1,1.3,1.4
2024/11/6 22:10,0,7.8,1,1.2,1.3
2024/11/6 22:15,0,7.6,1,1,1.3
2024/11/6 22:20,0,7.4,1,0.9,1.3
2024/11/6 22:25,0,7.1,1,0.7,1.2
2024/11/6 22:30,0,6.9,1,0.6,1.2
2024/11/6 22:35,0,6.7,1,0.4,1.2
2024/11/6 22:40,0,6.4,1,0.2,1.1
2024/11/6 22:45,0,6.2,1,0.1,1.1
2024/11/6 22:50,0,6,1,-0.1,1.1
2024/11/6 22:55,0,5.7,1,-0.2,1
2024/11/6 23:00,0,5.5,1,-0.4,1
2024/11/6 23:05,0,5.6,1,-0.4,1
2024/11/6 23:10,0,5.7,1,-0.5,1
2024/11/6 23:15,0,5.8,1,-0.6,0.9
2024/11/6 23:20,0,5.9,1,-0.6,0.9
2024/11/6 23:25,0,6,1,-0.6,0.9
2024/11/6 23:30,0,6,1,-0.7,0.8
2024/11/6 23:35,0,6.1,1,-0.8,0.8
2024/11/6 23:40,0,6.2,1,-0.8,0.8
2024/11/6 23:45,0,6.3,1,-0.8,0.8
2024/11/6 23:50,0,6.4,1,-0.9,0.8
2024/11/6 23:55,0,6.5,1,-1,0.7
2024/11/7 0:00,0,6.6,1,-1,0.7
2024/11/7 0:05,0,6.6,1,-1,0.7
2024/11/7 0:10,0,6.5,1,-1,0.7
2024/11/7 0:15,0,6.4,1,-1,0.7
2024/11/7 0:20,0,6.4,1,-1.1,0.7
2024/11/7 0:25,0,6.4,1,-1.1,0.7
2024/11/7 0:30,0,6.3,1,-1.1,0.7
2024/11/7 0:35,0,6.2,1,-1.1,0.7
2024/11/7 0:40,0,6.2,1,-1.1,0.7
2024/11/7 0:45,0,6.2,1,-1.2,0.7
2024/11/7 0:50,0,6.1,1,-1.2,0.7
2024/11/7 0:55,0,6,1,-1.2,0.7
2024/11/7 1:00,0,6,1,-1.2,0.7
2024/11/7 1:05,0,6,1,-1.2,0.8
2024/11/7 1:10,0,5.9,1,-1.3,1
2024/11/7 1:15,0,5.8,1,-1.3,1.1
2024/11/7 1:20,0,5.8,1,-1.3,1.2
2024/11/7 1:25,0,5.8,1,-1.4,1.4
2024/11/7 1:30,0,5.7,1,-1.4,1.5
2024/11/7 1:35,0,5.6,1,-1.4,1.6
2024/11/7 1:40,0,5.6,1,-1.5,1.8
2024/11/7 1:45,0,5.6,1,-1.5,1.9
2024/11/7 1:50,0,5.5,1,-1.5,2
2024/11/7 1:55,0,5.4,1,-1.6,2.2
2024/11/7 2:00,0,5.4,1,-1.6,2.3
2024/11/7 2:05,0,5.6,1,-1.4,2.3
2024/11/7 2:10,0,5.7,1,-1.2,2.3
2024/11/7 2:15,0,5.9,1,-1,2.3
2024/11/7 2:20,0,6,1,-0.8,2.3
2024/11/7 2:25,0,6.2,1,-0.6,2.3
2024/11/7 2:30,0,6.3,1,-0.4,2.3
2024/11/7 2:35,0,6.4,1,-0.2,2.4
2024/11/7 2:40,0,6.6,1,0,2.4
2024/11/7 2:45,0,6.8,1,0.2,2.4
2024/11/7 2:50,0,6.9,1,0.4,2.4
2024/11/7 2:55,0,7,1,0.6,2.4
2024/11/7 3:00,0,7.2,1,0.8,2.4
2024/11/7 3:05,0,7.2,1,0.8,2.4
2024/11/7 3:10,0,7.2,1,0.7,2.4
2024/11/7 3:15,0,7.2,1,0.6,2.4
2024/11/7 3:20,0,7.1,1,0.6,2.4
2024/11/7 3:25,0,7.1,1,0.6,2.4
2024/11/7 3:30,0,7.1,1,0.5,2.4
2024/11/7 3:35,0,7.1,1,0.4,2.5
2024/11/7 3:40,0,7.1,1,0.4,2.5
2024/11/7 3:45,0,7,1,0.4,2.5
2024/11/7 3:50,0,7,1,0.3,2.5
2024/11/7 3:55,0,7,1,0.2,2.5
2024/11/7 4:00,0,7,1,0.2,2.5
2024/11/7 4:05,0,6.9,1,0.1,2.5
2024/11/7 4:10,0,6.7,1,0,2.5
2024/11/7 4:15,0,6.6,1,0,2.6
2024/11/7 4:20,0,6.4,1,-0.1,2.6
2024/11/7 4:25,0,6.3,1,-0.2,2.6
2024/11/7 4:30,0,6.2,1,-0.3,2.6
2024/11/7 4:35,0,6,1,-0.4,2.6
2024/11/7 4:40,0,5.9,1,-0.5,2.6
2024/11/7 4:45,0,5.7,1,-0.6,2.7
2024/11/7 4:50,0,5.6,1,-0.6,2.7
2024/11/7 4:55,0,5.4,1,-0.7,2.7
2024/11/7 5:00,0,5.3,1,-0.8,2.7
2024/11/7 5:05,0,5.2,1,-0.9,2.6
2024/11/7 5:10,0,5.2,1,-1,2.5
2024/11/7 5:15,0,5.1,1,-1.2,2.4
2024/11/7 5:20,0,5,1,-1.3,2.3
2024/11/7 5:25,0,4.9,1,-1.4,2.2
2024/11/7 5:30,0,4.8,1,-1.5,2.2
2024/11/7 5:35,0,4.8,1,-1.6,2.1
2024/11/7 5:40,0,4.7,1,-1.7,2
2024/11/7 5:45,0,4.6,1,-1.8,1.9
2024/11/7 5:50,0,4.6,1,-2,1.8
2024/11/7 5:55,0,4.5,1,-2.1,1.7
2024/11/7 6:00,0,4.4,1,-2.2,1.6
2024/11/7 6:05,0,4.5,1,-2.1,1.6
2024/11/7 6:10,0,4.6,1,-1.9,1.7
2024/11/7 6:15,0,4.7,1,-1.8,1.8
2024/11/7 6:20,0,4.8,1,-1.6,1.8
2024/11/7 6:25,0,4.9,1,-1.5,1.8
2024/11/7 6:30,0,5,1,-1.4,1.9
2024/11/7 6:35,0,5.1,1,-1.2,2
2024/11/7 6:40,0,5.2,1,-1.1,2
2024/11/7 6:45,0,5.3,1,-0.9,2.1
2024/11/7 6:50,0,5.4,1,-0.8,2.1
2024/11/7 6:55,0,5.5,1,-0.6,2.2
2024/11/7 7:00,0,5.6,1,-0.5,2.2
2024/11/7 7:05,0,5.7,1,-0.3,2.4
2024/11/7 7:10,0,5.8,1,-0.1,2.6
2024/11/7 7:15,0,5.9,1,0.1,2.8
2024/11/7 7:20,0,6,1,0.2,3.1
2024/11/7 7:25,0,6.1,1,0.4,3.3
2024/11/7 7:30,0,6.2,1,0.6,3.5
2024/11/7 7:35,0,6.2,1,0.8,3.7
2024/11/7 7:40,0,6.3,1,1,3.9
2024/11/7 7:45,0,6.4,1,1.2,4.2
2024/11/7 7:50,0,6.5,1,1.3,4.4
2024/11/7 7:55,0,6.6,1,1.5,4.6
2024/11/7 8:00,0,6.7,1,1.7,4.8
2024/11/7 8:05,0,6.8,1,1.8,4.7
2024/11/7 8:10,0,6.8,1,2,4.7
2024/11/7 8:15,0,6.8,1,2.2,4.6
2024/11/7 8:20,0,6.9,1,2.3,4.5
2024/11/7 8:25,0,7,1,2.4,4.5
2024/11/7 8:30,0,7,1,2.6,4.4
2024/11/7 8:35,0,7,1,2.8,4.3
2024/11/7 8:40,0,7.1,1,2.9,4.3
2024/11/7 8:45,0,7.2,1,3,4.2
2024/11/7 8:50,0,7.2,1,3.2,4.1
2024/11/7 8:55,0,7.2,1,3.4,4.1
2024/11/7 9:00,0,7.3,1,3.5,4
2024/11/7 9:05,0,7.6,1,3.7,4.1
2024/11/7 9:10,0,7.9,1,3.9,4.1
2024/11/7 9:15,0,8.2,1,4.2,4.2
2024/11/7 9:20,0,8.5,1,4.4,4.2
2024/11/7 9:25,0,8.8,1,4.6,4.3
2024/11/7 9:30,0,9.1,1,4.8,4.4
2024/11/7 9:35,0,9.4,1,5,4.4
2024/11/7 9:40,0,9.7,1,5.2,4.5
2024/11/7 9:45,0,10,1,5.4,4.5
2024/11/7 9:50,0,10.3,1,5.7,4.6
2024/11/7 9:55,0,10.6,1,5.9,4.6
2024/11/7 10:00,0,10.9,1,6.1,4.7
2024/11/7 10:05,0,11.2,1,6.4,4.7
2024/11/7 10:10,0,11.6,1,6.6,4.8
2024/11/7 10:15,0,11.9,1,6.8,4.8
2024/11/7 10:20,0,12.2,1,7.1,4.8
2024/11/7 10:25,0,12.6,1,7.4,4.9
2024/11/7 10:30,0,12.9,1,7.6,4.9
2024/11/7 10:35,0,13.2,1,7.8,4.9
2024/11/7 10:40,0,13.6,1,8.1,5
2024/11/7 10:45,0,13.9,1,8.4,5
2024/11/7 10:50,0,14.2,1,8.6,5
2024/11/7 10:55,0,14.6,1,8.8,5.1
2024/11/7 11:00,0,14.9,2,9.1,5.1
2024/11/7 11:05,0,14.7,2,9.2,5.1
2024/11/7 11:10,0,14.4,2,9.4,5.1
2024/11/7 11:15,0,14.2,2,9.5,5.1
2024/11/7 11:20,0,13.9,2,9.6,5.1
2024/11/7 11:25,0,13.7,2,9.8,5.1
2024/11/7 11:30,0,13.4,2,9.9,5.1
2024/11/7 11:35,0,13.2,2,10,5.1
2024/11/7 11:40,0,13,2,10.2,5.1
2024/11/7 11:45,0,12.7,2,10.3,5.1
2024/11/7 11:50,0,12.5,2,10.4,5.1
2024/11/7 11:55,0,12.2,2,10.6,5.1
2024/11/7 12:00,0,12,3,10.7,5.1
2024/11/7 12:05,0,11.9,3,10.8,5.2
2024/11/7 12:10,0,11.9,3,11,5.3
2024/11/7 12:15,0,11.8,3,11.1,5.4
2024/11/7 12:20,0,11.8,3,11.2,5.4
2024/11/7 12:25,0,11.7,3,11.4,5.5
2024/11/7 12:30,0,11.6,3,11.5,5.6
2024/11/7 12:35,0,11.6,3,11.6,5.7
2024/11/7 12:40,0,11.5,3,11.8,5.8
2024/11/7 12:45,0,11.5,3,11.9,5.8
2024/11/7 12:50,0,11.4,3,12,5.9
2024/11/7 12:55,0,11.4,3,12.2,6
2024/11/7 13:00,0,11.3,3,12.3,6.1
2024/11/7 13:05,0,11.3,3,12.4,6
2024/11/7 13:10,0,11.3,3,12.4,5.9
2024/11/7 13:15,0,11.3,3,12.5,5.8
2024/11/7 13:20,0,11.3,3,12.6,5.7
2024/11/7 13:25,0,11.3,3,12.6,5.6
2024/11/7 13:30,0,11.4,3,12.7,5.5
2024/11/7 13:35,0,11.4,3,12.8,5.4
2024/11/7 13:40,0,11.4,3,12.8,5.3
2024/11/7 13:45,0,11.4,3,12.9,5.2
2024/11/7 13:50,0,11.4,3,13,5.1
2024/11/7 13:55,0,11.4,3,13,5
2024/11/7 14:00,0,11.4,3,13.1,4.9
2024/11/7 14:05,0,11.4,3,13.1,4.9
2024/11/7 14:10,0,11.3,3,13.1,5
2024/11/7 14:15,0,11.2,3,13.1,5
2024/11/7 14:20,0,11.2,3,13.1,5.1
2024/11/7 14:25,0,11.2,3,13.1,5.1
2024/11/7 14:30,0,11.1,3,13,5.2
2024/11/7 14:35,0,11,3,13,5.2
2024/11/7 14:40,0,11,3,13,5.2
2024/11/7 14:45,0,11,3,13,5.3
2024/11/7 14:50,0,10.9,3,13,5.3
2024/11/7 14:55,0,10.9,3,13,5.4
2024/11/7 15:00,0,10.8,3,13,5.4
2024/11/7 15:05,0,10.7,3,13,5.3
2024/11/7 15:10,0,10.6,3,12.9,5.3
2024/11/7 15:15,0,10.5,3,12.9,5.2
2024/11/7 15:20,0,10.4,3,12.9,5.2
2024/11/7 15:25,0,10.3,3,12.8,5.1
2024/11/7 15:30,0,10.2,3,12.8,5.1
2024/11/7 15:35,0,10.2,3,12.8,5
2024/11/7 15:40,0,10.1,3,12.7,4.9
2024/11/7 15:45,0,10,3,12.7,4.9
2024/11/7 15:50,0,9.9,3,12.7,4.8
2024/11/7 15:55,0,9.8,3,12.6,4.8
2024/11/7 16:00,0,9.7,3,12.6,4.7
2024/11/7 16:05,0,9.6,3,12.4,4.5
2024/11/7 16:10,0,9.6,3,12.2,4.4
2024/11/7 16:15,0,9.5,3,12,4.2
2024/11/7 16:20,0,9.4,3,11.9,4.1
2024/11/7 16:25,0,9.4,3,11.7,3.9
2024/11/7 16:30,0,9.3,3,11.5,3.8
2024/11/7 16:35,0,9.2,3,11.3,3.6
2024/11/7 16:40,0,9.2,3,11.1,3.4
2024/11/7 16:45,0,9.1,3,11,3.3
2024/11/7 16:50,0,9,3,10.8,3.1
2024/11/7 16:55,0,9,3,10.6,3
2024/11/7 17:00,0,8.9,3,10.4,2.8
2024/11/7 17:05,0,8.8,3,10.2,2.7
2024/11/7 17:10,0,8.6,3,10.1,2.6
2024/11/7 17:15,0,8.5,3,10,2.5
2024/11/7 17:20,0,8.4,3,9.8,2.4
2024/11/7 17:25,0,8.2,3,9.6,2.3
2024/11/7 17:30,0,8.1,3,9.5,2.2
2024/11/7 17:35,0,8,3,9.4,2.2
2024/11/7 17:40,0,7.8,3,9.2,2.1
2024/11/7 17:45,0,7.7,3,9,2
2024/11/7 17:50,0,7.6,3,8.9,1.9
2024/11/7 17:55,0,7.4,3,8.8,1.8
2024/11/7 18:00,0,7.3,3,8.6,1.7
2024/11/7 18:05,0,7.2,3,8.5,1.7
2024/11/7 18:10,0,7,3,8.4,1.7
2024/11/7 18:15,0,6.9,3,8.4,1.8
2024/11/7 18:20,0,6.8,3,8.3,1.8
2024/11/7 18:25,0,6.7,3,8.2,1.8
2024/11/7 18:30,0,6.6,3,8.2,1.8
2024/11/7 18:35,0,6.4,3,8.1,1.8
2024/11/7 18:40,0,6.3,3,8,1.8
2024/11/7 18:45,0,6.2,3,7.9,1.8
2024/11/7 18:50,0,6,3,7.8,1.9
2024/11/7 18:55,0,5.9,3,7.8,1.9
2024/11/7 19:00,0,5.8,3,7.7,1.9
2024/11/7 19:05,0,5.8,3,7.7,1.9
2024/11/7 19:10,0,5.8,3,7.7,2
2024/11/7 19:15,0,5.8,3,7.7,2
2024/11/7 19:20,0,5.8,3,7.7,2.1
2024/11/7 19:25,0,5.8,3,7.7,2.1
2024/11/7 19:30,0,5.8,3,7.6,2.2
2024/11/7 19:35,0,5.7,3,7.6,2.2
2024/11/7 19:40,0,5.7,3,7.6,2.2
2024/11/7 19:45,0,5.7,3,7.6,2.3
2024/11/7 19:50,0,5.7,3,7.6,2.3
2024/11/7 19:55,0,5.7,3,7.6,2.4
2024/11/7 20:00,0,5.7,3,7.6,2.4
2024/11/7 20:05,0,5.6,3,7.6,2.4
2024/11/7 20:10,0,5.6,3,7.5,2.4
2024/11/7 20:15,0,5.6,3,7.5,2.4
2024/11/7 20:20,0,5.5,3,7.5,2.5
2024/11/7 20:25,0,5.4,3,7.4,2.5
2024/11/7 20:30,0,5.4,3,7.4,2.5
2024/11/7 20:35,0,5.4,3,7.4,2.5
2024/11/7 20:40,0,5.3,3,7.3,2.5
2024/11/7 20:45,0,5.2,3,7.3,2.6
2024/11/7 20:50,0,5.2,3,7.3,2.6
2024/11/7 20:55,0,5.1,3,7.2,2.6
2024/11/7 21:00,0,5.1,3,7.2,2.6
2024/11/7 21:05,0,5,3,7.1,2.7
2024/11/7 21:10,0,4.9,3,7,2.7
2024/11/7 21:15,0,4.9,3,6.9,2.8
2024/11/7 21:20,0,4.8,3,6.8,2.9
2024/11/7 21:25,0,4.7,3,6.7,2.9
2024/11/7 21:30,0,4.6,3,6.6,3
2024/11/7 21:35,0,4.6,3,6.6,3.1
2024/11/7 21:40,0,4.5,3,6.5,3.1
2024/11/7 21:45,0,4.4,3,6.4,3.2
2024/11/7 21:50,0,4.4,3,6.3,3.3
2024/11/7 21:55,0,4.3,3,6.2,3.3
2024/11/7 22:00,0,4.2,1,6.1,3.4
2024/11/7 22:05,0,4.1,1,6.1,3.3
2024/11/7 22:10,0,4,1,6.1,3.3
2024/11/7 22:15,0,4,1,6,3.2
2024/11/7 22:20,0,3.9,1,6,3.1
2024/11/7 22:25,0,3.8,1,6,3.1
2024/11/7 22:30,0,3.7,1,6,3
2024/11/7 22:35,0,3.6,1,6,2.9
2024/11/7 22:40,0,3.5,1,6,2.9
2024/11/7 22:45,0,3.4,1,6,2.8
2024/11/7 22:50,0,3.4,1,5.9,2.7
2024/11/7 22:55,0,3.3,1,5.9,2.7
2024/11/7 23:00,0,3.2,5,5.9,2.6
2024/11/7 23:05,0,3.2,5,5.9,2.6
2024/11/7 23:10,0,3.2,5,5.9,2.6
2024/11/7 23:15,0,3.2,5,5.8,2.5
2024/11/7 23:20,0,3.2,5,5.8,2.5
2024/11/7 23:25,0,3.2,5,5.8,2.5
2024/11/7 23:30,0,3.2,5,5.8,2.4
2024/11/7 23:35,0,3.3,5,5.7,2.4
2024/11/7 23:40,0,3.3,5,5.7,2.4
2024/11/7 23:45,0,3.3,5,5.7,2.4
2024/11/7 23:50,0,3.3,5,5.6,2.3
2024/11/7 23:55,0,3.3,5,5.6,2.3
2024/11/8 0:00,0,3.3,5,5.6,2.3
2024/11/8 0:05,0,3.2,5,5.6,2.3
2024/11/8 0:10,0,3.2,5,5.5,2.3
2024/11/8 0:15,0,3.2,5,5.5,2.3
2024/11/8 0:20,0,3.1,5,5.5,2.3
2024/11/8 0:25,0,3,5,5.4,2.3
2024/11/8 0:30,0,3,5,5.4,2.3
2024/11/8 0:35,0,3,5,5.4,2.3
2024/11/8 0:40,0,2.9,5,5.3,2.3
2024/11/8 0:45,0,2.8,5,5.3,2.3
2024/11/8 0:50,0,2.8,5,5.3,2.3
2024/11/8 0:55,0,2.8,5,5.2,2.3
2024/11/8 1:00,0,2.7,5,5.2,2.3
2024/11/8 1:05,0,2.7,5,5.2,2.4
2024/11/8 1:10,0,2.7,5,5.2,2.4
2024/11/8 1:15,0,2.8,5,5.2,2.5
2024/11/8 1:20,0,2.8,5,5.2,2.6
2024/11/8 1:25,0,2.8,5,5.2,2.7
2024/11/8 1:30,0,2.8,5,5.2,2.8
2024/11/8 1:35,0,2.8,5,5.2,2.8
2024/11/8 1:40,0,2.8,5,5.2,2.9
2024/11/8 1:45,0,2.8,5,5.2,3
2024/11/8 1:50,0,2.9,5,5.2,3
2024/11/8 1:55,0,2.9,5,5.2,3.1
2024/11/8 2:00,0,2.9,5,5.2,3.2
2024/11/8 2:05,0,2.9,5,5.1,3.1
2024/11/8 2:10,0,2.8,5,5,3
2024/11/8 2:15,0,2.8,5,5,3
2024/11/8 2:20,0,2.7,5,4.9,2.9
2024/11/8 2:25,0,2.7,5,4.8,2.8
2024/11/8 2:30,0,2.6,5,4.7,2.7
2024/11/8 2:35,0,2.6,5,4.6,2.6
2024/11/8 2:40,0,2.6,5,4.5,2.5
2024/11/8 2:45,0,2.5,5,4.4,2.4
2024/11/8 2:50,0,2.5,5,4.4,2.4
2024/11/8 2:55,0,2.4,5,4.3,2.3
2024/11/8 3:00,0,2.4,5,4.2,2.2
2024/11/8 3:05,0,2.4,5,4.2,2.3
2024/11/8 3:10,0,2.4,5,4.3,2.4
2024/11/8 3:15,0,2.4,5,4.3,2.5
2024/11/8 3:20,0,2.4,5,4.3,2.6
2024/11/8 3:25,0,2.4,5,4.4,2.7
2024/11/8 3:30,0,2.3,5,4.4,2.8
2024/11/8 3:35,0,2.3,5,4.4,2.9
2024/11/8 3:40,0,2.3,5,4.5,3
2024/11/8 3:45,0,2.3,5,4.5,3.1
2024/11/8 3:50,0,2.3,5,4.5,3.2
2024/11/8 3:55,0,2.3,5,4.6,3.3
2024/11/8 4:00,0,2.3,5,4.6,3.4
2024/11/8 4:05,0,2.3,5,4.6,3.4
2024/11/8 4:10,0,2.3,5,4.5,3.4
2024/11/8 4:15,0,2.3,5,4.5,3.4
2024/11/8 4:20,0,2.3,5,4.5,3.4
2024/11/8 4:25,0,2.3,5,4.4,3.4
2024/11/8 4:30,0,2.3,5,4.4,3.4
2024/11/8 4:35,0,2.4,5,4.4,3.5
2024/11/8 4:40,0,2.4,5,4.3,3.5
2024/11/8 4:45,0,2.4,5,4.3,3.5
2024/11/8 4:50,0,2.4,5,4.3,3.5
2024/11/8 4:55,0,2.4,5,4.2,3.5
2024/11/8 5:00,0,2.4,5,4.2,3.5
2024/11/8 5:05,0,2.4,5,4.1,3.5
2024/11/8 5:10,0,2.3,5,4.1,3.4
2024/11/8 5:15,0,2.3,5,4,3.4
2024/11/8 5:20,0,2.3,5,4,3.4
2024/11/8 5:25,0,2.2,5,3.9,3.4
2024/11/8 5:30,0,2.2,5,3.8,3.4
2024/11/8 5:35,0,2.2,5,3.8,3.3
2024/11/8 5:40,0,2.1,5,3.7,3.3
2024/11/8 5:45,0,2.1,5,3.7,3.3
2024/11/8 5:50,0,2.1,5,3.6,3.2
2024/11/8 5:55,0,2,5,3.6,3.2
2024/11/8 6:00,0,2,4,3.5,3.2
2024/11/8 6:05,0,2,4,3.5,3.3
2024/11/8 6:10,0,2,4,3.5,3.4
2024/11/8 6:15,0,2.1,4,3.5,3.4
2024/11/8 6:20,0,2.1,4,3.5,3.5
2024/11/8 6:25,0,2.1,4,3.5,3.6
2024/11/8 6:30,0,2.2,4,3.6,3.7
2024/11/8 6:35,0,2.2,4,3.6,3.8
2024/11/8 6:40,0,2.2,4,3.6,3.9
2024/11/8 6:45,0,2.2,4,3.6,4
2024/11/8 6:50,0,2.2,4,3.6,4
2024/11/8 6:55,0,2.3,4,3.6,4.1
2024/11/8 7:00,0,2.3,4,3.6,4.2
2024/11/8 7:05,0,2.3,4,3.6,4.3
2024/11/8 7:10,0,2.3,4,3.7,4.3
2024/11/8 7:15,0,2.4,4,3.8,4.4
2024/11/8 7:20,0,2.4,4,3.8,4.5
2024/11/8 7:25,0,2.4,4,3.8,4.5
2024/11/8 7:30,0,2.4,4,3.9,4.6
2024/11/8 7:35,0,2.5,4,4,4.7
2024/11/8 7:40,0,2.5,4,4,4.7
2024/11/8 7:45,0,2.5,4,4,4.8
2024/11/8 7:50,0,2.6,4,4.1,4.9
2024/11/8 7:55,0,2.6,4,4.2,4.9
2024/11/8 8:00,0,2.6,4,4.2,5
2024/11/8 8:05,0,2.7,4,4.4,5.1
2024/11/8 8:10,0,2.8,4,4.6,5.1
2024/11/8 8:15,0,2.9,4,4.8,5.2
2024/11/8 8:20,0,3,4,4.9,5.2
2024/11/8 8:25,0,3.1,4,5.1,5.3
2024/11/8 8:30,0,3.2,4,5.3,5.4
2024/11/8 8:35,0,3.3,4,5.5,5.4
2024/11/8 8:40,0,3.4,4,5.7,5.5
2024/11/8 8:45,0,3.5,4,5.9,5.5
2024/11/8 8:50,0,3.6,4,6,5.6
2024/11/8 8:55,0,3.7,4,6.2,5.6
2024/11/8 9:00,0,3.8,5,6.4,5.7
2024/11/8 9:05,0,3.9,5,6.6,5.8
2024/11/8 9:10,0,4.1,5,6.9,5.8
2024/11/8 9:15,0,4.2,5,7.1,5.8
2024/11/8 9:20,0,4.4,5,7.3,5.9
2024/11/8 9:25,0,4.5,5,7.6,6
2024/11/8 9:30,0,4.6,5,7.8,6
2024/11/8 9:35,0,4.8,5,8,6
2024/11/8 9:40,0,4.9,5,8.3,6.1
2024/11/8 9:45,0,5.1,5,8.5,6.2
2024/11/8 9:50,0,5.2,5,8.7,6.2
2024/11/8 9:55,0,5.4,5,9,6.2
2024/11/8 10:00,0,5.5,1,9.2,6.3
2024/11/8 10:05,0,5.6,1,9.4,6.3
2024/11/8 10:10,0,5.8,1,9.5,6.4
2024/11/8 10:15,0,5.9,1,9.7,6.4
2024/11/8 10:20,0,6,1,9.9,6.4
2024/11/8 10:25,0,6.1,1,10.1,6.4
2024/11/8 10:30,0,6.2,1,10.2,6.4
2024/11/8 10:35,0,6.4,1,10.4,6.5
2024/11/8 10:40,0,6.5,1,10.6,6.5
2024/11/8 10:45,0,6.6,1,10.8,6.5
2024/11/8 10:50,0,6.8,1,11,6.6
2024/11/8 10:55,0,6.9,1,11.1,6.6
2024/11/8 11:00,0,7,1,11.3,6.6
2024/11/8 11:05,0,7.1,1,11.5,6.5
2024/11/8 11:10,0,7.2,1,11.6,6.3
2024/11/8 11:15,0,7.2,1,11.8,6.2
2024/11/8 11:20,0,7.3,1,12,6
2024/11/8 11:25,0,7.4,1,12.2,5.9
2024/11/8 11:30,0,7.5,1,12.4,5.8
2024/11/8 11:35,0,7.6,1,12.5,5.6
2024/11/8 11:40,0,7.7,1,12.7,5.5
2024/11/8 11:45,0,7.8,1,12.9,5.3
2024/11/8 11:50,0,7.8,1,13,5.2
2024/11/8 11:55,0,7.9,1,13.2,5
2024/11/8 12:00,0,8,2,13.4,4.9
2024/11/8 12:05,0,8,2,13.4,5
2024/11/8 12:10,0,8,2,13.5,5.1
2024/11/8 12:15,0,8,2,13.5,5.2
2024/11/8 12:20,0,8,2,13.6,5.3
2024/11/8 12:25,0,8,2,13.6,5.4
2024/11/8 12:30,0,8,2,13.6,5.5
2024/11/8 12:35,0,7.9,2,13.7,5.6
2024/11/8 12:40,0,7.9,2,13.7,5.7
2024/11/8 12:45,0,7.9,2,13.8,5.8
2024/11/8 12:50,0,7.9,2,13.8,5.9
2024/11/8 12:55,0,7.9,2,13.9,6
2024/11/8 13:00,0,7.9,1,13.9,6.1
2024/11/8 13:05,0,7.9,1,14,6
2024/11/8 13:10,0,7.9,1,14,5.9
2024/11/8 13:15,0,7.9,1,14,5.8
2024/11/8 13:20,0,7.9,1,14.1,5.8
2024/11/8 13:25,0,7.9,1,14.2,5.7
2024/11/8 13:30,0,7.9,1,14.2,5.6
2024/11/8 13:35,0,7.9,1,14.2,5.5
2024/11/8 13:40,0,7.9,1,14.3,5.4
2024/11/8 13:45,0,7.9,1,14.4,5.4
2024/11/8 13:50,0,7.9,1,14.4,5.3
2024/11/8 13:55,0,7.9,1,14.4,5.2
2024/11/8 14:00,0,7.9,1,14.5,5.1
2024/11/8 14:05,0,8,1,14.5,5.2
2024/11/8 14:10,0,8,1,14.5,5.4
2024/11/8 14:15,0,8.1,1,14.6,5.5
2024/11/8 14:20,0,8.1,1,14.6,5.6
2024/11/8 14:25,0,8.2,1,14.6,5.7
2024/11/8 14:30,0,8.2,1,14.6,5.8
2024/11/8 14:35,0,8.3,1,14.6,6
2024/11/8 14:40,0,8.4,1,14.6,6.1
2024/11/8 14:45,0,8.4,1,14.6,6.2
2024/11/8 14:50,0,8.5,1,14.7,6.4
2024/11/8 14:55,0,8.5,1,14.7,6.5
2024/11/8 15:00,0,8.6,2,14.7,6.6
2024/11/8 15:05,0,8.5,2,14.7,6.6
2024/11/8 15:10,0,8.5,2,14.6,6.7
2024/11/8 15:15,0,8.4,2,14.6,6.8
2024/11/8 15:20,0,8.4,2,14.5,6.8
2024/11/8 15:25,0,8.3,2,14.5,6.8
2024/11/8 15:30,0,8.2,2,14.4,6.9
2024/11/8 15:35,0,8.2,2,14.4,7
2024/11/8 15:40,0,8.1,2,14.4,7
2024/11/8 15:45,0,8.1,2,14.3,7
2024/11/8 15:50,0,8,2,14.3,7.1
2024/11/8 15:55,0,8,2,14.2,7.2
2024/11/8 16:00,0,7.9,2,14.2,7.2
2024/11/8 16:05,0,7.8,2,14.1,6.9
2024/11/8 16:10,0,7.8,2,14,6.7
2024/11/8 16:15,0,7.8,2,13.8,6.4
2024/11/8 16:20,0,7.7,2,13.7,6.1
2024/11/8 16:25,0,7.6,2,13.6,5.9
2024/11/8 16:30,0,7.6,2,13.5,5.6
2024/11/8 16:35,0,7.6,2,13.4,5.3
2024/11/8 16:40,0,7.5,2,13.3,5.1
2024/11/8 16:45,0,7.4,2,13.2,4.8
2024/11/8 16:50,0,7.4,2,13,4.5
2024/11/8 16:55,0,7.4,2,12.9,4.3
2024/11/8 17:00,0,7.3,2,12.8,4
2024/11/8 17:05,0,7.2,2,12.6,3.8
2024/11/8 17:10,0,7.1,2,12.4,3.7
2024/11/8 17:15,0,7,2,12.2,3.5
2024/11/8 17:20,0,6.8,2,11.9,3.3
2024/11/8 17:25,0,6.7,2,11.7,3.2
2024/11/8 17:30,0,6.6,2,11.5,3
2024/11/8 17:35,0,6.5,2,11.3,2.8
2024/11/8 17:40,0,6.4,2,11.1,2.7
2024/11/8 17:45,0,6.2,2,10.8,2.5
2024/11/8 17:50,0,6.1,2,10.6,2.3
2024/11/8 17:55,0,6,2,10.4,2.2
2024/11/8 18:00,0,5.9,1,10.2,2
2024/11/8 18:05,0,5.8,1,10.1,2
2024/11/8 18:10,0,5.8,1,10.1,2
2024/11/8 18:15,0,5.7,1,10,2.1
2024/11/8 18:20,0,5.6,1,10,2.1
2024/11/8 18:25,0,5.6,1,10,2.1
2024/11/8 18:30,0,5.5,1,9.9,2.2
2024/11/8 18:35,0,5.4,1,9.8,2.2
2024/11/8 18:40,0,5.4,1,9.8,2.2
2024/11/8 18:45,0,5.3,1,9.8,2.2
2024/11/8 18:50,0,5.2,1,9.7,2.2
2024/11/8 18:55,0,5.2,1,9.6,2.3
2024/11/8 19:00,0,5.1,1,9.6,2.3
2024/11/8 19:05,0,5.1,1,9.5,2.5
2024/11/8 19:10,0,5,1,9.5,2.6
2024/11/8 19:15,0,5,1,9.4,2.8
2024/11/8 19:20,0,4.9,1,9.4,2.9
2024/11/8 19:25,0,4.9,1,9.4,3.1
2024/11/8 19:30,0,4.8,1,9.3,3.2
2024/11/8 19:35,0,4.8,1,9.2,3.4
2024/11/8 19:40,0,4.8,1,9.2,3.6
2024/11/8 19:45,0,4.7,1,9.2,3.7
2024/11/8 19:50,0,4.7,1,9.1,3.9
2024/11/8 19:55,0,4.6,1,9,4
2024/11/8 20:00,0,4.6,2,9,4.2
2024/11/8 20:05,0,4.7,2,9.1,4.4
2024/11/8 20:10,0,4.7,2,9.1,4.6
2024/11/8 20:15,0,4.8,2,9.2,4.7
2024/11/8 20:20,0,4.9,2,9.3,4.9
2024/11/8 20:25,0,4.9,2,9.3,5.1
2024/11/8 20:30,0,5,2,9.4,5.2
2024/11/8 20:35,0,5.1,2,9.5,5.4
2024/11/8 20:40,0,5.1,2,9.5,5.6
2024/11/8 20:45,0,5.2,2,9.6,5.8
2024/11/8 20:50,0,5.3,2,9.7,5.9
2024/11/8 20:55,0,5.3,2,9.7,6.1
2024/11/8 21:00,0,5.4,6,9.8,6.3
2024/11/8 21:05,0,5.3,6,9.7,6
2024/11/8 21:10,0,5.2,6,9.6,5.7
2024/11/8 21:15,0,5.2,6,9.6,5.4
2024/11/8 21:20,0,5.1,6,9.5,5.1
2024/11/8 21:25,0,5,6,9.4,4.8
2024/11/8 21:30,0,4.9,6,9.3,4.6
2024/11/8 21:35,0,4.8,6,9.2,4.3
2024/11/8 21:40,0,4.7,6,9.1,4
2024/11/8 21:45,0,4.6,6,9,3.7
2024/11/8 21:50,0,4.6,6,9,3.4
2024/11/8 21:55,0,4.5,6,8.9,3.1
2024/11/8 22:00,0,4.4,1,8.8,2.8
2024/11/8 22:05,0,4.3,1,8.7,2.8
2024/11/8 22:10,0,4.2,1,8.7,2.7
2024/11/8 22:15,0,4.1,1,8.6,2.7
2024/11/8 22:20,0,4,1,8.5,2.7
2024/11/8 22:25,0,3.9,1,8.5,2.6
2024/11/8 22:30,0,3.8,1,8.4,2.6
2024/11/8 22:35,0,3.7,1,8.3,2.6
2024/11/8 22:40,0,3.6,1,8.3,2.5
2024/11/8 22:45,0,3.5,1,8.2,2.5
2024/11/8 22:50,0,3.4,1,8.1,2.5
2024/11/8 22:55,0,3.3,1,8.1,2.4
2024/11/8 23:00,0,3.2,4,8,2.4
2024/11/8 23:05,0,3.2,4,7.9,2.4
2024/11/8 23:10,0,3.1,4,7.9,2.4
2024/11/8 23:15,0,3.1,4,7.8,2.5
2024/11/8 23:20,0,3,4,7.7,2.5
2024/11/8 23:25,0,3,4,7.7,2.5
2024/11/8 23:30,0,3,4,7.6,2.6
2024/11/8 23:35,0,2.9,4,7.5,2.6
2024/11/8 23:40,0,2.9,4,7.5,2.6
2024/11/8 23:45,0,2.8,4,7.4,2.6
2024/11/8 23:50,0,2.8,4,7.3,2.7
2024/11/8 23:55,0,2.7,4,7.3,2.7
2024/11/9 0:00,0,2.7,4,7.2,2.7
2024/11/9 0:05,0,2.7,4,7.2,2.8
2024/11/9 0:10,0,2.7,4,7.2,2.8
2024/11/9 0:15,0,2.7,4,7.2,2.9
2024/11/9 0:20,0,2.7,4,7.2,3
2024/11/9 0:25,0,2.7,4,7.2,3.1
2024/11/9 0:30,0,2.7,4,7.2,3.2
2024/11/9 0:35,0,2.6,4,7.1,3.2
2024/11/9 0:40,0,2.6,4,7.1,3.3
2024/11/9 0:45,0,2.6,4,7.1,3.4
2024/11/9 0:50,0,2.6,4,7.1,3.4
2024/11/9 0:55,0,2.6,4,7.1,3.5
2024/11/9 1:00,0,2.6,4,7.1,3.6
2024/11/9 1:05,0,2.6,4,7.2,3.6
2024/11/9 1:10,0,2.6,4,7.2,3.5
2024/11/9 1:15,0,2.6,4,7.3,3.4
2024/11/9 1:20,0,2.6,4,7.3,3.4
2024/11/9 1:25,0,2.6,4,7.4,3.4
2024/11/9 1:30,0,2.6,4,7.4,3.3
2024/11/9 1:35,0,2.5,4,7.5,3.2
2024/11/9 1:40,0,2.5,4,7.6,3.2
2024/11/9 1:45,0,2.5,4,7.6,3.2
2024/11/9 1:50,0,2.5,4,7.7,3.1
2024/11/9 1:55,0,2.5,4,7.7,3
2024/11/9 2:00,0,2.5,4,7.8,3
2024/11/9 2:05,0,2.5,4,7.8,3
2024/11/9 2:10,0,2.5,4,7.7,3.1
2024/11/9 2:15,0,2.5,4,7.6,3.1
2024/11/9 2:20,0,2.5,4,7.6,3.2
2024/11/9 2:25,0,2.5,4,7.6,3.2
2024/11/9 2:30,0,2.6,4,7.5,3.2
2024/11/9 2:35,0,2.6,4,7.4,3.3
2024/11/9 2:40,0,2.6,4,7.4,3.3
2024/11/9 2:45,0,2.6,4,7.4,3.4
2024/11/9 2:50,0,2.6,4,7.3,3.4
2024/11/9 2:55,0,2.6,4,7.2,3.5
2024/11/9 3:00,0,2.6,4,7.2,3.5
2024/11/9 3:05,0,2.6,4,7.2,3.5
2024/11/9 3:10,0,2.6,4,7.2,3.4
2024/11/9 3:15,0,2.6,4,7.2,3.4
2024/11/9 3:20,0,2.5,4,7.1,3.4
2024/11/9 3:25,0,2.5,4,7.1,3.4
2024/11/9 3:30,0,2.5,4,7.1,3.4
2024/11/9 3:35,0,2.5,4,7.1,3.3
2024/11/9 3:40,0,2.5,4,7.1,3.3
2024/11/9 3:45,0,2.4,4,7,3.3
2024/11/9 3:50,0,2.4,4,7,3.2
2024/11/9 3:55,0,2.4,4,7,3.2
2024/11/9 4:00,0,2.4,4,7,3.2
2024/11/9 4:05,0,2.5,4,7,3.4
2024/11/9 4:10,0,2.6,4,7,3.6
2024/11/9 4:15,0,2.7,4,7.1,3.7
2024/11/9 4:20,0,2.8,4,7.1,3.9
2024/11/9 4:25,0,2.9,4,7.1,4.1
2024/11/9 4:30,0,3,4,7.2,4.2
2024/11/9 4:35,0,3.2,4,7.2,4.4
2024/11/9 4:40,0,3.3,4,7.2,4.6
2024/11/9 4:45,0,3.4,4,7.2,4.8
2024/11/9 4:50,0,3.5,4,7.2,4.9
2024/11/9 4:55,0,3.6,4,7.3,5.1
2024/11/9 5:00,0,3.7,4,7.3,5.3
2024/11/9 5:05,0,3.7,4,7.3,5.1
2024/11/9 5:10,0,3.6,4,7.2,5
2024/11/9 5:15,0,3.6,4,7.2,4.8
2024/11/9 5:20,0,3.6,4,7.2,4.7
2024/11/9 5:25,0,3.6,4,7.2,4.6
2024/11/9 5:30,0,3.6,4,7.2,4.4
2024/11/9 5:35,0,3.5,4,7.1,4.2
2024/11/9 5:40,0,3.5,4,7.1,4.1
2024/11/9 5:45,0,3.5,4,7.1,4
2024/11/9 5:50,0,3.4,4,7,3.8
2024/11/9 5:55,0,3.4,4,7,3.6
2024/11/9 6:00,0,3.4,4,7,3.5
2024/11/9 6:05,0,3.5,4,7.1,3.6
2024/11/9 6:10,0,3.6,4,7.2,3.7
2024/11/9 6:15,0,3.6,4,7.3,3.8
2024/11/9 6:20,0,3.7,4,7.4,4
2024/11/9 6:25,0,3.8,4,7.5,4.1
2024/11/9 6:30,0,3.9,4,7.6,4.2
2024/11/9 6:35,0,4,4,7.6,4.3
2024/11/9 6:40,0,4.1,4,7.7,4.4
2024/11/9 6:45,0,4.2,4,7.8,4.6
2024/11/9 6:50,0,4.2,4,7.9,4.7
2024/11/9 6:55,0,4.3,4,8,4.8
2024/11/9 7:00,0,4.4,3,8.1,4.9
2024/11/9 7:05,0,4.4,3,8.1,4.8
2024/11/9 7:10,0,4.4,3,8.2,4.8
2024/11/9 7:15,0,4.4,3,8.2,4.7
2024/11/9 7:20,0,4.4,3,8.3,4.6
2024/11/9 7:25,0,4.4,3,8.3,4.6
2024/11/9 7:30,0,4.4,3,8.4,4.5
2024/11/9 7:35,0,4.5,3,8.4,4.4
2024/11/9 7:40,0,4.5,3,8.4,4.4
2024/11/9 7:45,0,4.5,3,8.5,4.3
2024/11/9 7:50,0,4.5,3,8.5,4.2
2024/11/9 7:55,0,4.5,3,8.6,4.2
2024/11/9 8:00,0,4.5,3,8.6,4.1
2024/11/9 8:05,0,4.5,3,8.6,3.9
2024/11/9 8:10,0,4.5,3,8.7,3.7
2024/11/9 8:15,0,4.5,3,8.8,3.6
2024/11/9 8:20,0,4.5,3,8.8,3.4
2024/11/9 8:25,0,4.5,3,8.8,3.2
2024/11/9 8:30,0,4.5,3,8.9,3
2024/11/9 8:35,0,4.5,3,9,2.9
2024/11/9 8:40,0,4.5,3,9,2.7
2024/11/9 8:45,0,4.5,3,9,2.5
2024/11/9 8:50,0,4.5,3,9.1,2.4
2024/11/9 8:55,0,4.5,3,9.1,2.2
2024/11/9 9:00,0,4.5,3,9.2,2
2024/11/9 9:05,0,4.5,3,9.3,2.1
2024/11/9 9:10,0,4.5,3,9.3,2.2
2024/11/9 9:15,0,4.4,3,9.4,2.4
2024/11/9 9:20,0,4.4,3,9.4,2.5
2024/11/9 9:25,0,4.4,3,9.5,2.6
2024/11/9 9:30,0,4.4,3,9.6,2.8
2024/11/9 9:35,0,4.4,3,9.6,2.9
2024/11/9 9:40,0,4.4,3,9.7,3
2024/11/9 9:45,0,4.4,3,9.7,3.1
2024/11/9 9:50,0,4.3,3,9.8,3.2
2024/11/9 9:55,0,4.3,3,9.8,3.4
2024/11/9 10:00,0,4.3,3,9.9,3.5
2024/11/9 10:05,0,4.3,3,9.9,3.3
2024/11/9 10:10,0,4.3,3,10,3.1
2024/11/9 10:15,0,4.4,3,10,3
2024/11/9 10:20,0,4.4,3,10.1,2.8
2024/11/9 10:25,0,4.4,3,10.1,2.6
2024/11/9 10:30,0,4.4,3,10.2,2.4
2024/11/9 10:35,0,4.4,3,10.2,2.2
2024/11/9 10:40,0,4.4,3,10.2,2
2024/11/9 10:45,0,4.4,3,10.3,1.8
2024/11/9 10:50,0,4.5,3,10.3,1.7
2024/11/9 10:55,0,4.5,3,10.4,1.5
2024/11/9 11:00,0,4.5,3,10.4,1.3
2024/11/9 11:05,0,4.5,3,10.4,1.3
2024/11/9 11:10,0,4.6,3,10.5,1.3
2024/11/9 11:15,0,4.6,3,10.5,1.3
2024/11/9 11:20,0,4.6,3,10.5,1.3
2024/11/9 11:25,0,4.6,3,10.6,1.3
2024/11/9 11:30,0,4.6,3,10.6,1.4
2024/11/9 11:35,0,4.7,3,10.6,1.4
2024/11/9 11:40,0,4.7,3,10.7,1.4
2024/11/9 11:45,0,4.7,3,10.7,1.4
2024/11/9 11:50,0,4.8,3,10.7,1.4
2024/11/9 11:55,0,4.8,3,10.8,1.4
2024/11/9 12:00,0,4.8,3,10.8,1.4
2024/11/9 12:05,0,4.8,3,10.9,1.5
2024/11/9 12:10,0,4.8,3,10.9,1.5
2024/11/9 12:15,0,4.8,3,11,1.6
2024/11/9 12:20,0,4.7,3,11,1.7
2024/11/9 12:25,0,4.7,3,11.1,1.8
2024/11/9 12:30,0,4.7,3,11.2,1.8
2024/11/9 12:35,0,4.7,3,11.2,1.9
2024/11/9 12:40,0,4.7,3,11.3,2
2024/11/9 12:45,0,4.6,3,11.3,2.1
2024/11/9 12:50,0,4.6,3,11.4,2.2
2024/11/9 12:55,0,4.6,3,11.4,2.2
2024/11/9 13:00,0,4.6,3,11.5,2.3
2024/11/9 13:05,0,4.7,3,11.5,2.3
2024/11/9 13:10,0,4.8,3,11.6,2.3
2024/11/9 13:15,0,5,3,11.6,2.2
2024/11/9 13:20,0,5.1,3,11.6,2.2
2024/11/9 13:25,0,5.2,3,11.6,2.2
2024/11/9 13:30,0,5.4,3,11.6,2.2
2024/11/9 13:35,0,5.5,3,11.7,2.2
2024/11/9 13:40,0,5.6,3,11.7,2.2
2024/11/9 13:45,0,5.7,3,11.7,2.2
2024/11/9 13:50,0,5.8,3,11.8,2.1
2024/11/9 13:55,0,6,3,11.8,2.1
2024/11/9 14:00,0,6.1,3,11.8,2.1
2024/11/9 14:05,0,6.1,3,11.8,2
2024/11/9 14:10,0,6.1,3,11.8,1.9
2024/11/9 14:15,0,6.1,3,11.8,1.8
2024/11/9 14:20,0,6.1,3,11.8,1.8
2024/11/9 14:25,0,6.1,3,11.8,1.7
2024/11/9 14:30,0,6.2,3,11.8,1.6
2024/11/9 14:35,0,6.2,3,11.7,1.5
2024/11/9 14:40,0,6.2,3,11.7,1.4
2024/11/9 14:45,0,6.2,3,11.7,1.4
2024/11/9 14:50,0,6.2,3,11.7,1.3
2024/11/9 14:55,0,6.2,3,11.7,1.2
2024/11/9 15:00,0,6.2,3,11.7,1.1
2024/11/9 15:05,0,6.2,3,11.7,1.2
2024/11/9 15:10,0,6.2,3,11.7,1.2
2024/11/9 15:15,0,6.2,3,11.7,1.2
2024/11/9 15:20,0,6.2,3,11.7,1.3
2024/11/9 15:25,0,6.2,3,11.7,1.4
2024/11/9 15:30,0,6.2,3,11.7,1.4
2024/11/9 15:35,0,6.1,3,11.7,1.4
2024/11/9 15:40,0,6.1,3,11.7,1.5
2024/11/9 15:45,0,6.1,3,11.7,1.6
2024/11/9 15:50,0,6.1,3,11.7,1.6
2024/11/9 15:55,0,6.1,3,11.7,1.6
2024/11/9 16:00,0,6.1,3,11.7,1.7
2024/11/9 16:05,0,6,3,11.6,1.7
2024/11/9 16:10,0,5.9,3,11.5,1.6
2024/11/9 16:15,0,5.9,3,11.5,1.6
2024/11/9 16:20,0,5.8,3,11.4,1.6
2024/11/9 16:25,0,5.7,3,11.3,1.5
2024/11/9 16:30,0,5.6,3,11.2,1.5
2024/11/9 16:35,0,5.6,3,11.2,1.5
2024/11/9 16:40,0,5.5,3,11.1,1.4
2024/11/9 16:45,0,5.4,3,11,1.4
2024/11/9 16:50,0,5.4,3,11,1.4
2024/11/9 16:55,0,5.3,3,10.9,1.3
2024/11/9 17:00,0,5.2,3,10.8,1.3
2024/11/9 17:05,0,5.1,3,10.6,1.4
2024/11/9 17:10,0,4.9,3,10.4,1.4
2024/11/9 17:15,0,4.8,3,10.2,1.4
2024/11/9 17:20,0,4.6,3,10,1.5
2024/11/9 17:25,0,4.5,3,9.8,1.6
2024/11/9 17:30,0,4.4,3,9.6,1.6
2024/11/9 17:35,0,4.2,3,9.4,1.6
2024/11/9 17:40,0,4.1,3,9.2,1.7
2024/11/9 17:45,0,3.9,3,9,1.8
2024/11/9 17:50,0,3.8,3,8.8,1.8
2024/11/9 17:55,0,3.6,3,8.6,1.8
2024/11/9 18:00,0,3.5,5,8.4,1.9
2024/11/9 18:05,0,3.4,5,8.4,1.9
2024/11/9 18:10,0,3.3,5,8.3,1.9
2024/11/9 18:15,0,3.2,5,8.3,1.9
2024/11/9 18:20,0,3.2,5,8.3,1.9
2024/11/9 18:25,0,3.1,5,8.2,1.9
2024/11/9 18:30,0,3,5,8.2,1.9
2024/11/9 18:35,0,2.9,5,8.2,1.9
2024/11/9 18:40,0,2.8,5,8.1,1.9
2024/11/9 18:45,0,2.8,5,8.1,1.9
2024/11/9 18:50,0,2.7,5,8.1,1.9
2024/11/9 18:55,0,2.6,5,8,1.9
2024/11/9 19:00,0,2.5,5,8,1.9
2024/11/9 19:05,0,2.5,5,7.9,1.8
2024/11/9 19:10,0,2.5,5,7.8,1.8
2024/11/9 19:15,0,2.4,5,7.6,1.8
2024/11/9 19:20,0,2.4,5,7.5,1.7
2024/11/9 19:25,0,2.4,5,7.4,1.6
2024/11/9 19:30,0,2.4,5,7.2,1.6
2024/11/9 19:35,0,2.4,5,7.1,1.6
2024/11/9 19:40,0,2.4,5,7,1.5
2024/11/9 19:45,0,2.3,5,6.9,1.4
2024/11/9 19:50,0,2.3,5,6.8,1.4
2024/11/9 19:55,0,2.3,5,6.6,1.4
2024/11/9 20:00,0,2.3,5,6.5,1.3
2024/11/9 20:05,0,2.4,5,6.6,1.3
2024/11/9 20:10,0,2.5,5,6.7,1.4
2024/11/9 20:15,0,2.6,5,6.8,1.4
2024/11/9 20:20,0,2.7,5,6.9,1.4
2024/11/9 20:25,0,2.8,5,7,1.4
2024/11/9 20:30,0,2.9,5,7.2,1.5
2024/11/9 20:35,0,3,5,7.3,1.5
2024/11/9 20:40,0,3.1,5,7.4,1.5
2024/11/9 20:45,0,3.2,5,7.5,1.5
2024/11/9 20:50,0,3.3,5,7.6,1.6
2024/11/9 20:55,0,3.4,5,7.7,1.6
2024/11/9 21:00,0,3.5,5,7.8,1.6
2024/11/9 21:05,0,3.8,5,8,1.8
2024/11/9 21:10,0,4.1,5,8.1,2
2024/11/9 21:15,0,4.4,5,8.3,2.2
2024/11/9 21:20,0,4.8,5,8.5,2.4
2024/11/9 21:25,0,5.1,5,8.6,2.6
2024/11/9 21:30,0,5.4,5,8.8,2.8
2024/11/9 21:35,0,5.7,5,9,2.9
2024/11/9 21:40,0,6,5,9.1,3.1
2024/11/9 21:45,0,6.4,5,9.3,3.3
2024/11/9 21:50,0,6.7,5,9.5,3.5
2024/11/9 21:55,0,7,5,9.6,3.7
2024/11/9 22:00,0,7.3,2,9.8,3.9
2024/11/9 22:05,0,8,2,9.8,3.8
2024/11/9 22:10,0,8.6,2,9.8,3.7
2024/11/9 22:15,0,9.3,2,9.7,3.6
2024/11/9 22:20,0,9.9,2,9.7,3.5
2024/11/9 22:25,0,10.6,2,9.7,3.4
2024/11/9 22:30,0,11.2,2,9.6,3.4
2024/11/9 22:35,0,11.9,2,9.6,3.3
2024/11/9 22:40,0,12.6,2,9.6,3.2
2024/11/9 22:45,0,13.2,2,9.6,3.1
2024/11/9 22:50,0,13.9,2,9.6,3
2024/11/9 22:55,0,14.5,2,9.5,2.9
2024/11/9 23:00,0,15.2,1,9.5,2.8
2024/11/9 23:05,0,15.8,1,9.3,2.8
2024/11/9 23:10,0,16.3,1,9.1,2.7
2024/11/9 23:15,0,16.9,1,8.9,2.6
2024/11/9 23:20,0,17.5,1,8.7,2.6
2024/11/9 23:25,0,18,1,8.5,2.6
2024/11/9 23:30,0,18.6,1,8.2,2.5
2024/11/9 23:35,0,19.2,1,8,2.4
2024/11/9 23:40,0,19.7,1,7.8,2.4
2024/11/9 23:45,0,20.3,1,7.6,2.4
2024/11/9 23:50,0,20.9,1,7.4,2.3
2024/11/9 23:55,0,21.4,1,7.2,2.2
2024/11/10 0:00,0,22,1,7,2.2
2024/11/10 0:05,0,22.7,1,7,2.2
2024/11/10 0:10,0,23.3,1,7,2.2
2024/11/10 0:15,0,24,1,6.9,2.2
2024/11/10 0:20,0,24.7,1,6.9,2.2
2024/11/10 0:25,0,25.3,1,6.9,2.2
2024/11/10 0:30,0,26,1,6.8,2.2
2024/11/10 0:35,0,26.7,1,6.8,2.3
2024/11/10 0:40,0,27.3,1,6.8,2.3
2024/11/10 0:45,0,28,1,6.8,2.3
2024/11/10 0:50,0,28.7,1,6.8,2.3
2024/11/10 0:55,0,29.3,1,6.7,2.3
2024/11/10 1:00,0,30,3,6.7,2.3
2024/11/10 1:05,0,30,3,6.6,2.4
2024/11/10 1:10,0,30,3,6.6,2.6
2024/11/10 1:15,0,30,3,6.5,2.7
2024/11/10 1:20,0,30,3,6.4,2.9
2024/11/10 1:25,0,30,3,6.3,3
2024/11/10 1:30,0,30,3,6.2,3.2
2024/11/10 1:35,0,30,3,6.2,3.3
2024/11/10 1:40,0,30,3,6.1,3.4
2024/11/10 1:45,0,30,3,6,3.6
2024/11/10 1:50,0,30,3,6,3.7
2024/11/10 1:55,0,30,3,5.9,3.9
2024/11/10 2:00,0,30,1,5.8,4
2024/11/10 2:05,0,30,1,5.8,3.9
2024/11/10 2:10,0,30,1,5.9,3.9
2024/11/10 2:15,0,30,1,5.9,3.8
2024/11/10 2:20,0,30,1,6,3.7
2024/11/10 2:25,0,30,1,6,3.7
2024/11/10 2:30,0,30,1,6,3.6
2024/11/10 2:35,0,30,1,6.1,3.5
2024/11/10 2:40,0,30,1,6.1,3.5
2024/11/10 2:45,0,30,1,6.2,3.4
2024/11/10 2:50,0,30,1,6.2,3.3
2024/11/10 2:55,0,30,1,6.3,3.3
2024/11/10 3:00,0,30,1,6.3,3.2
2024/11/10 3:05,0,30,1,6.1,3.2
2024/11/10 3:10,0,30,1,6,3.1
2024/11/10 3:15,0,30,1,5.8,3.1
2024/11/10 3:20,0,30,1,5.7,3.1
2024/11/10 3:25,0,30,1,5.6,3
2024/11/10 3:30,0,30,1,5.4,3
2024/11/10 3:35,0,30,1,5.2,3
2024/11/10 3:40,0,30,1,5.1,2.9
2024/11/10 3:45,0,30,1,5,2.9
2024/11/10 3:50,0,30,1,4.8,2.9
2024/11/10 3:55,0,30,1,4.6,2.8
2024/11/10 4:00,0,30,1,4.5,2.8
2024/11/10 4:05,0,29.6,1,4.4,2.8
2024/11/10 4:10,0,29.1,1,4.3,2.8
2024/11/10 4:15,0,28.7,1,4.2,2.7
2024/11/10 4:20,0,28.3,1,4.2,2.7
2024/11/10 4:25,0,27.8,1,4.1,2.7
2024/11/10 4:30,0,27.4,1,4,2.6
2024/11/10 4:35,0,27,1,3.9,2.6
2024/11/10 4:40,0,26.5,1,3.8,2.6
2024/11/10 4:45,0,26.1,1,3.8,2.6
2024/11/10 4:50,0,25.7,1,3.7,2.6
2024/11/10 4:55,0,25.2,1,3.6,2.5
2024/11/10 5:00,0,24.8,1,3.5,2.5
2024/11/10 5:05,0,24.7,1,3.4,2.4
2024/11/10 5:10,0,24.6,1,3.3,2.4
2024/11/10 5:15,0,24.5,1,3.2,2.3
2024/11/10 5:20,0,24.4,1,3.2,2.3
2024/11/10 5:25,0,24.3,1,3.1,2.2
2024/11/10 5:30,0,24.2,1,3,2.2
2024/11/10 5:35,0,24.2,1,2.9,2.1
2024/11/10 5:40,0,24.1,1,2.8,2
2024/11/10 5:45,0,24,1,2.8,2
2024/11/10 5:50,0,23.9,1,2.7,1.9
2024/11/10 5:55,0,23.8,1,2.6,1.9
2024/11/10 6:00,0,23.7,1,2.5,1.8
2024/11/10 6:05,0,22.5,1,2.3,1.7
2024/11/10 6:10,0,21.4,1,2.2,1.6
2024/11/10 6:15,0,20.2,1,2,1.6
2024/11/10 6:20,0,19.1,1,1.8,1.5
2024/11/10 6:25,0,17.9,1,1.6,1.4
2024/11/10 6:30,0,16.8,1,1.4,1.3
2024/11/10 6:35,0,15.6,1,1.3,1.2
2024/11/10 6:40,0,14.4,1,1.1,1.1
2024/11/10 6:45,0,13.3,1,0.9,1
2024/11/10 6:50,0,12.1,1,0.7,1
2024/11/10 6:55,0,11,1,0.6,0.9
2024/11/10 7:00,0,9.8,1,0.4,0.8
2024/11/10 7:05,0,9.3,1,0.5,0.8
2024/11/10 7:10,0,8.9,1,0.6,0.8
2024/11/10 7:15,0,8.4,1,0.8,0.7
2024/11/10 7:20,0,7.9,1,0.9,0.7
2024/11/10 7:25,0,7.5,1,1,0.7
2024/11/10 7:30,0,7,1,1.1,0.6
2024/11/10 7:35,0,6.5,1,1.2,0.6
2024/11/10 7:40,0,6.1,1,1.3,0.6
2024/11/10 7:45,0,5.6,1,1.4,0.6
2024/11/10 7:50,0,5.1,1,1.6,0.6
2024/11/10 7:55,0,4.7,1,1.7,0.5
2024/11/10 8:00,0,4.2,1,1.8,0.5
2024/11/10 8:05,0,5,1,2.1,0.6
2024/11/10 8:10,0,5.9,1,2.5,0.7
2024/11/10 8:15,0,6.7,1,2.8,0.8
2024/11/10 8:20,0,7.5,1,3.1,0.9
2024/11/10 8:25,0,8.4,1,3.5,1
2024/11/10 8:30,0,9.2,1,3.8,1.2
2024/11/10 8:35,0,10,1,4.1,1.3
2024/11/10 8:40,0,10.9,1,4.5,1.4
2024/11/10 8:45,0,11.7,1,4.8,1.5
2024/11/10 8:50,0,12.5,1,5.1,1.6
2024/11/10 8:55,0,13.4,1,5.5,1.7
2024/11/10 9:00,0,14.2,1,5.8,1.8
2024/11/10 9:05,0,14.4,1,6,2
2024/11/10 9:10,0,14.6,1,6.1,2.2
2024/11/10 9:15,0,14.9,1,6.3,2.4
2024/11/10 9:20,0,15.1,1,6.4,2.5
2024/11/10 9:25,0,15.3,1,6.6,2.7
2024/11/10 9:30,0,15.6,1,6.8,2.9
2024/11/10 9:35,0,15.8,1,6.9,3.1
2024/11/10 9:40,0,16,1,7.1,3.3
2024/11/10 9:45,0,16.2,1,7.2,3.4
2024/11/10 9:50,0,16.4,1,7.4,3.6
2024/11/10 9:55,0,16.7,1,7.5,3.8
2024/11/10 10:00,0,16.9,1,7.7,4
2024/11/10 10:05,0,16.6,1,7.9,4
2024/11/10 10:10,0,16.4,1,8.1,3.9
2024/11/10 10:15,0,16.1,1,8.3,3.9
2024/11/10 10:20,0,15.8,1,8.5,3.9
2024/11/10 10:25,0,15.6,1,8.7,3.8
2024/11/10 10:30,0,15.3,1,9,3.8
2024/11/10 10:35,0,15,1,9.2,3.8
2024/11/10 10:40,0,14.8,1,9.4,3.7
2024/11/10 10:45,0,14.5,1,9.6,3.7
2024/11/10 10:50,0,14.2,1,9.8,3.7
2024/11/10 10:55,0,14,1,10,3.6
2024/11/10 11:00,0,13.7,1,10.2,3.6
2024/11/10 11:05,0,14.1,1,10.3,3.7
2024/11/10 11:10,0,14.4,1,10.4,3.7
2024/11/10 11:15,0,14.8,1,10.5,3.8
2024/11/10 11:20,0,15.2,1,10.6,3.9
2024/11/10 11:25,0,15.6,1,10.7,3.9
2024/11/10 11:30,0,16,1,10.8,4
2024/11/10 11:35,0,16.3,1,10.9,4.1
2024/11/10 11:40,0,16.7,1,11,4.1
2024/11/10 11:45,0,17.1,1,11.1,4.2
2024/11/10 11:50,0,17.4,1,11.2,4.3
2024/11/10 11:55,0,17.8,1,11.3,4.3
2024/11/10 12:00,0,18.2,1,11.4,4.4
2024/11/10 12:05,0,18.8,1,11.5,4.5
2024/11/10 12:10,0,19.3,1,11.7,4.5
2024/11/10 12:15,0,19.8,1,11.8,4.6
2024/11/10 12:20,0,20.4,1,11.9,4.7
2024/11/10 12:25,0,21,1,12.1,4.7
2024/11/10 12:30,0,21.5,1,12.2,4.8
2024/11/10 12:35,0,22,1,12.3,4.9
2024/11/10 12:40,0,22.6,1,12.5,4.9
2024/11/10 12:45,0,23.2,1,12.6,5
2024/11/10 12:50,0,23.7,1,12.7,5.1
2024/11/10 12:55,0,24.2,1,12.9,5.1
2024/11/10 13:00,0,24.8,1,13,5.2
2024/11/10 13:05,0,24.9,1,13,5.3
2024/11/10 13:10,0,25,1,13.1,5.4
2024/11/10 13:15,0,25.2,1,13.1,5.4
2024/11/10 13:20,0,25.3,1,13.2,5.5
2024/11/10 13:25,0,25.4,1,13.2,5.6
2024/11/10 13:30,0,25.5,1,13.2,5.6
2024/11/10 13:35,0,25.6,1,13.3,5.7
2024/11/10 13:40,0,25.7,1,13.3,5.8
2024/11/10 13:45,0,25.8,1,13.4,5.9
2024/11/10 13:50,0,26,1,13.4,5.9
2024/11/10 13:55,0,26.1,1,13.5,6
2024/11/10 14:00,0,26.2,1,13.5,6.1
2024/11/10 14:05,0,26.2,1,13.5,6
2024/11/10 14:10,0,26.2,1,13.5,6
2024/11/10 14:15,0,26.2,1,13.4,5.9
2024/11/10 14:20,0,26.3,1,13.4,5.9
2024/11/10 14:25,0,26.3,1,13.4,5.8
2024/11/10 14:30,0,26.3,1,13.4,5.8
2024/11/10 14:35,0,26.3,1,13.4,5.8
2024/11/10 14:40,0,26.3,1,13.4,5.7
2024/11/10 14:45,0,26.4,1,13.4,5.6
2024/11/10 14:50,0,26.4,1,13.3,5.6
2024/11/10 14:55,0,26.4,1,13.3,5.6
2024/11/10 15:00,0,26.4,1,13.3,5.5
2024/11/10 15:05,0,26.2,1,13.3,5.4
2024/11/10 15:10,0,26.1,1,13.2,5.4
2024/11/10 15:15,0,25.9,1,13.2,5.4
2024/11/10 15:20,0,25.7,1,13.2,5.3
2024/11/10 15:25,0,25.6,1,13.1,5.2
2024/11/10 15:30,0,25.4,1,13.1,5.2
2024/11/10 15:35,0,25.2,1,13.1,5.2
2024/11/10 15:40,0,25.1,1,13,5.1
2024/11/10 15:45,0,24.9,1,13,5.1
2024/11/10 15:50,0,24.7,1,13,5
2024/11/10 15:55,0,24.6,1,12.9,5
2024/11/10 16:00,0,24.4,1,12.9,4.9
2024/11/10 16:05,0,24.4,1,12.7,4.7
2024/11/10 16:10,0,24.4,1,12.6,4.5
2024/11/10 16:15,0,24.4,1,12.4,4.3
2024/11/10 16:20,0,24.4,1,12.2,4.1
2024/11/10 16:25,0,24.4,1,12.1,3.9
2024/11/10 16:30,0,24.4,1,11.9,3.6
2024/11/10 16:35,0,24.5,1,11.7,3.4
2024/11/10 16:40,0,24.5,1,11.6,3.2
2024/11/10 16:45,0,24.5,1,11.4,3
2024/11/10 16:50,0,24.5,1,11.2,2.8
2024/11/10 16:55,0,24.5,1,11.1,2.6
2024/11/10 17:00,0,24.5,1,10.9,2.4
2024/11/10 17:05,0,23.9,1,10.7,2.3
2024/11/10 17:10,0,23.3,1,10.6,2.2
2024/11/10 17:15,0,22.8,1,10.4,2.2
2024/11/10 17:20,0,22.2,1,10.2,2.1
2024/11/10 17:25,0,21.6,1,10,2
2024/11/10 17:30,0,21,1,9.9,2
2024/11/10 17:35,0,20.4,1,9.7,1.9
2024/11/10 17:40,0,19.8,1,9.5,1.8
2024/11/10 17:45,0,19.2,1,9.3,1.7
2024/11/10 17:50,0,18.7,1,9.2,1.6
2024/11/10 17:55,0,18.1,1,9,1.6
2024/11/10 18:00,0,17.5,1,8.8,1.5
2024/11/10 18:05,0,16.9,1,8.7,1.5
2024/11/10 18:10,0,16.2,1,8.6,1.5
2024/11/10 18:15,0,15.6,1,8.4,1.5
2024/11/10 18:20,0,14.9,1,8.3,1.5
2024/11/10 18:25,0,14.3,1,8.2,1.5
2024/11/10 18:30,0,13.6,1,8,1.6
2024/11/10 18:35,0,13,1,7.9,1.6
2024/11/10 18:40,0,12.4,1,7.8,1.6
2024/11/10 18:45,0,11.7,1,7.7,1.6
2024/11/10 18:50,0,11.1,1,7.6,1.6
2024/11/10 18:55,0,10.4,1,7.4,1.6
2024/11/10 19:00,0,9.8,1,7.3,1.6
2024/11/10 19:05,0,9.6,1,7.1,1.6
2024/11/10 19:10,0,9.5,1,7,1.7
2024/11/10 19:15,0,9.3,1,6.8,1.7
2024/11/10 19:20,0,9.2,1,6.6,1.8
2024/11/10 19:25,0,9,1,6.4,1.8
2024/11/10 19:30,0,8.9,1,6.2,1.8
2024/11/10 19:35,0,8.7,1,6.1,1.9
2024/11/10 19:40,0,8.5,1,5.9,1.9
2024/11/10 19:45,0,8.4,1,5.7,2
2024/11/10 19:50,0,8.2,1,5.6,2
2024/11/10 19:55,0,8.1,1,5.4,2.1
2024/11/10 20:00,0,7.9,1,5.2,2.1
2024/11/10 20:05,0,7.8,1,5.3,2.1
2024/11/10 20:10,0,7.7,1,5.4,2.2
2024/11/10 20:15,0,7.6,1,5.6,2.2
2024/11/10 20:20,0,7.4,1,5.7,2.2
2024/11/10 20:25,0,7.3,1,5.8,2.3
2024/11/10 20:30,0,7.2,1,6,2.3
2024/11/10 20:35,0,7.1,1,6.1,2.3
2024/11/10 20:40,0,7,1,6.2,2.4
2024/11/10 20:45,0,6.8,1,6.3,2.4
2024/11/10 20:50,0,6.7,1,6.4,2.4
2024/11/10 20:55,0,6.6,1,6.6,2.5
2024/11/10 21:00,0,6.5,3,6.7,2.5
2024/11/10 21:05,0,6.5,3,6.6,2.4
2024/11/10 21:10,0,6.4,3,6.5,2.3
2024/11/10 21:15,0,6.4,3,6.4,2.2
2024/11/10 21:20,0,6.3,3,6.2,2.1
2024/11/10 21:25,0,6.3,3,6.1,2
2024/11/10 21:30,0,6.2,3,6,1.8
2024/11/10 21:35,0,6.2,3,5.9,1.7
2024/11/10 21:40,0,6.2,3,5.8,1.6
2024/11/10 21:45,0,6.1,3,5.6,1.5
2024/11/10 21:50,0,6.1,3,5.5,1.4
2024/11/10 21:55,0,6,3,5.4,1.3
2024/11/10 22:00,0,6,3,5.3,1.2
2024/11/10 22:05,0,6,3,5.2,1.2
2024/11/10 22:10,0,5.9,3,5.1,1.3
2024/11/10 22:15,0,5.8,3,5,1.3
2024/11/10 22:20,0,5.8,3,4.9,1.4
2024/11/10 22:25,0,5.8,3,4.8,1.4
2024/11/10 22:30,0,5.7,3,4.7,1.4
2024/11/10 22:35,0,5.6,3,4.6,1.5
2024/11/10 22:40,0,5.6,3,4.5,1.5
2024/11/10 22:45,0,5.6,3,4.4,1.6
2024/11/10 22:50,0,5.5,3,4.3,1.6
2024/11/10 22:55,0,5.4,3,4.2,1.7
2024/11/10 23:00,0,5.4,2,4.1,1.7
2024/11/10 23:05,0,5.4,2,4.1,1.7
2024/11/10 23:10,0,5.4,2,4.2,1.7
2024/11/10 23:15,0,5.4,2,4.2,1.8
2024/11/10 23:20,0,5.4,2,4.3,1.8
2024/11/10 23:25,0,5.4,2,4.4,1.8
2024/11/10 23:30,0,5.4,2,4.4,1.8
2024/11/10 23:35,0,5.4,2,4.4,1.8
2024/11/10 23:40,0,5.4,2,4.5,1.8
2024/11/10 23:45,0,5.4,2,4.6,1.8
2024/11/10 23:50,0,5.4,2,4.6,1.9
2024/11/10 23:55,0,5.4,2,4.6,1.9
2024/11/11 0:00,0,5.4,1,4.7,1.9
2024/11/11 0:05,0,5.2,1,4.6,1.8
2024/11/11 0:10,0,5.1,1,4.6,1.8
2024/11/11 0:15,0,4.9,1,4.5,1.8
2024/11/11 0:20,0,4.7,1,4.4,1.7
2024/11/11 0:25,0,4.5,1,4.3,1.6
2024/11/11 0:30,0,4.4,1,4.2,1.6
2024/11/11 0:35,0,4.2,1,4.2,1.6
2024/11/11 0:40,0,4,1,4.1,1.5
2024/11/11 0:45,0,3.8,1,4,1.4
2024/11/11 0:50,0,3.6,1,4,1.4
2024/11/11 0:55,0,3.5,1,3.9,1.4
2024/11/11 1:00,0,3.3,4,3.8,1.3
2024/11/11 1:05,0,3.1,4,3.7,1.3
2024/11/11 1:10,0,2.9,4,3.6,1.2
2024/11/11 1:15,0,2.7,4,3.4,1.2
2024/11/11 1:20,0,2.5,4,3.3,1.1
2024/11/11 1:25,0,2.3,4,3.2,1.1
2024/11/11 1:30,0,2.1,4,3,1
2024/11/11 1:35,0,1.9,4,2.9,1
2024/11/11 1:40,0,1.7,4,2.8,1
2024/11/11 1:45,0,1.5,4,2.7,0.9
2024/11/11 1:50,0,1.3,4,2.6,0.9
2024/11/11 1:55,0,1.1,4,2.4,0.8
2024/11/11 2:00,0,0.9,5,2.3,0.8
2024/11/11 2:05,0,1.1,5,2.4,0.9
2024/11/11 2:10,0,1.2,5,2.5,1
2024/11/11 2:15,0,1.4,5,2.6,1.2
2024/11/11 2:20,0,1.5,5,2.7,1.3
2024/11/11 2:25,0,1.7,5,2.8,1.4
2024/11/11 2:30,0,1.8,5,2.9,1.5
2024/11/11 2:35,0,2,5,3,1.6
2024/11/11 2:40,0,2.2,5,3.1,1.7
2024/11/11 2:45,0,2.3,5,3.2,1.8
2024/11/11 2:50,0,2.5,5,3.3,2
2024/11/11 2:55,0,2.6,5,3.4,2.1
2024/11/11 3:00,0,2.8,4,3.5,2.2
2024/11/11 3:05,0,2.7,4,3.4,2.2
2024/11/11 3:10,0,2.6,4,3.3,2.2
2024/11/11 3:15,0,2.4,4,3.2,2.1
2024/11/11 3:20,0,2.3,4,3.2,2.1
2024/11/11 3:25,0,2.2,4,3.1,2.1
2024/11/11 3:30,0,2,4,3,2
2024/11/11 3:35,0,1.9,4,2.9,2
2024/11/11 3:40,0,1.8,4,2.8,2
2024/11/11 3:45,0,1.7,4,2.8,2
2024/11/11 3:50,0,1.6,4,2.7,2
2024/11/11 3:55,0,1.4,4,2.6,1.9
2024/11/11 4:00,0,1.3,4,2.5,1.9
2024/11/11 4:05,0,1.3,4,2.5,2
2024/11/11 4:10,0,1.2,4,2.5,2
2024/11/11 4:15,0,1.2,4,2.6,2
2024/11/11 4:20,0,1.1,4,2.6,2.1
2024/11/11 4:25,0,1.1,4,2.6,2.2
2024/11/11 4:30,0,1,4,2.6,2.2
2024/11/11 4:35,0,1,4,2.6,2.2
2024/11/11 4:40,0,1,4,2.6,2.3
2024/11/11 4:45,0,0.9,4,2.7,2.4
2024/11/11 4:50,0,0.9,4,2.7,2.4
2024/11/11 4:55,0,0.8,4,2.7,2.4
2024/11/11 5:00,0,0.8,5,2.7,2.5
2024/11/11 5:05,0,0.9,5,2.7,2.5
2024/11/11 5:10,0,1,5,2.7,2.6
2024/11/11 5:15,0,1.1,5,2.8,2.6
2024/11/11 5:20,0,1.2,5,2.8,2.7
2024/11/11 5:25,0,1.3,5,2.8,2.7
2024/11/11 5:30,0,1.5,5,2.8,2.8
2024/11/11 5:35,0,1.6,5,2.8,2.8
2024/11/11 5:40,0,1.7,5,2.8,2.8
2024/11/11 5:45,0,1.8,5,2.8,2.9
2024/11/11 5:50,0,1.9,5,2.9,2.9
2024/11/11 5:55,0,2,5,2.9,3
2024/11/11 6:00,0,2.1,4,2.9,3
2024/11/11 6:05,0,2.1,4,2.9,2.9
2024/11/11 6:10,0,2.1,4,2.9,2.8
2024/11/11 6:15,0,2.1,4,3,2.6
2024/11/11 6:20,0,2.1,4,3,2.5
2024/11/11 6:25,0,2.1,4,3,2.4
2024/11/11 6:30,0,2,4,3,2.2
2024/11/11 6:35,0,2,4,3,2.1
2024/11/11 6:40,0,2,4,3,2
2024/11/11 6:45,0,2,4,3,1.9
2024/11/11 6:50,0,2,4,3.1,1.8
2024/11/11 6:55,0,2,4,3.1,1.6
2024/11/11 7:00,0,2,4,3.1,1.5
2024/11/11 7:05,0,2.2,4,3.2,1.6
2024/11/11 7:10,0,2.4,4,3.4,1.7
2024/11/11 7:15,0,2.5,4,3.5,1.8
2024/11/11 7:20,0,2.7,4,3.6,1.9
2024/11/11 7:25,0,2.9,4,3.7,2
2024/11/11 7:30,0,3,4,3.8,2
2024/11/11 7:35,0,3.2,4,4,2.1
2024/11/11 7:40,0,3.4,4,4.1,2.2
2024/11/11 7:45,0,3.6,4,4.2,2.3
2024/11/11 7:50,0,3.7,4,4.4,2.4
2024/11/11 7:55,0,3.9,4,4.5,2.5
2024/11/11 8:00,0,4.1,2,4.6,2.6
2024/11/11 8:05,0,4.4,2,4.7,2.6
2024/11/11 8:10,0,4.7,2,4.8,2.6
2024/11/11 8:15,0,5,2,4.8,2.5
2024/11/11 8:20,0,5.3,2,4.9,2.5
2024/11/11 8:25,0,5.6,2,5,2.5
2024/11/11 8:30,0,5.9,2,5,2.4
2024/11/11 8:35,0,6.2,2,5.1,2.4
2024/11/11 8:40,0,6.5,2,5.2,2.4
2024/11/11 8:45,0,6.8,2,5.3,2.4
2024/11/11 8:50,0,7.1,2,5.4,2.3
2024/11/11 8:55,0,7.4,2,5.4,2.3
2024/11/11 9:00,0,7.7,2,5.5,2.3
2024/11/11 9:05,0,8.1,2,5.7,2.5
2024/11/11 9:10,0,8.6,2,6,2.8
2024/11/11 9:15,0,9,2,6.2,3
2024/11/11 9:20,0,9.5,2,6.4,3.2
2024/11/11 9:25,0,9.9,2,6.7,3.5
2024/11/11 9:30,0,10.4,2,6.9,3.7
2024/11/11 9:35,0,10.8,2,7.1,3.9
2024/11/11 9:40,0,11.2,2,7.4,4.2
2024/11/11 9:45,0,11.7,2,7.6,4.4
2024/11/11 9:50,0,12.1,2,7.8,4.6
2024/11/11 9:55,0,12.6,2,8.1,4.9
2024/11/11 10:00,0,13,1,8.3,5.1
2024/11/11 10:05,0,13.8,1,8.5,5.1
2024/11/11 10:10,0,14.5,1,8.6,5
2024/11/11 10:15,0,15.3,1,8.8,5
2024/11/11 10:20,0,16.1,1,9,5
2024/11/11 10:25,0,16.8,1,9.1,5
2024/11/11 10:30,0,17.6,1,9.3,4.9
2024/11/11 10:35,0,18.4,1,9.5,4.9
2024/11/11 10:40,0,19.1,1,9.6,4.9
2024/11/11 10:45,0,19.9,1,9.8,4.9
2024/11/11 10:50,0,20.7,1,10,4.8
2024/11/11 10:55,0,21.4,1,10.1,4.8
2024/11/11 11:00,0,22.2,2,10.3,4.8
2024/11/11 11:05,0,22.1,2,10.4,4.9
2024/11/11 11:10,0,21.9,2,10.6,5
2024/11/11 11:15,0,21.8,2,10.7,5.2
2024/11/11 11:20,0,21.7,2,10.8,5.3
2024/11/11 11:25,0,21.5,2,11,5.4
2024/11/11 11:30,0,21.4,2,11.1,5.6
2024/11/11 11:35,0,21.3,2,11.2,5.7
2024/11/11 11:40,0,21.1,2,11.4,5.8
2024/11/11 11:45,0,21,2,11.5,5.9
2024/11/11 11:50,0,20.9,2,11.6,6
2024/11/11 11:55,0,20.7,2,11.8,6.2
2024/11/11 12:00,0,20.6,3,11.9,6.3
2024/11/11 12:05,0,20.6,3,12,6.2
2024/11/11 12:10,0,20.5,3,12,6
2024/11/11 12:15,0,20.5,3,12.1,5.9
2024/11/11 12:20,0,20.4,3,12.2,5.8
2024/11/11 12:25,0,20.4,3,12.3,5.7
2024/11/11 12:30,0,20.3,3,12.4,5.6
2024/11/11 12:35,0,20.2,3,12.4,5.4
2024/11/11 12:40,0,20.2,3,12.5,5.3
2024/11/11 12:45,0,20.2,3,12.6,5.2
2024/11/11 12:50,0,20.1,3,12.6,5
2024/11/11 12:55,0,20,3,12.7,4.9
2024/11/11 13:00,0,20,1,12.8,4.8
2024/11/11 13:05,0,20.1,1,12.9,5
2024/11/11 13:10,0,20.3,1,13,5.2
2024/11/11 13:15,0,20.4,1,13.1,5.4
2024/11/11 13:20,0,20.6,1,13.2,5.6
2024/11/11 13:25,0,20.7,1,13.3,5.8
2024/11/11 13:30,0,20.8,1,13.4,6
2024/11/11 13:35,0,21,1,13.4,6.2
2024/11/11 13:40,0,21.1,1,13.5,6.4
2024/11/11 13:45,0,21.3,1,13.6,6.6
2024/11/11 13:50,0,21.4,1,13.7,6.8
2024/11/11 13:55,0,21.6,1,13.8,7
2024/11/11 14:00,0,21.7,1,13.9,7.2
2024/11/11 14:05,0,21.5,1,13.9,7.2
2024/11/11 14:10,0,21.4,1,13.8,7.2
2024/11/11 14:15,0,21.2,1,13.8,7.1
2024/11/11 14:20,0,21,1,13.7,7.1
2024/11/11 14:25,0,20.8,1,13.7,7.1
2024/11/11 14:30,0,20.6,1,13.6,7
2024/11/11 14:35,0,20.5,1,13.6,7
2024/11/11 14:40,0,20.3,1,13.6,7
2024/11/11 14:45,0,20.1,1,13.5,7
2024/11/11 14:50,0,20,1,13.5,7
2024/11/11 14:55,0,19.8,1,13.4,6.9
2024/11/11 15:00,0,19.6,1,13.4,6.9
2024/11/11 15:05,0,19.9,1,13.3,6.9
2024/11/11 15:10,0,20.2,1,13.2,6.9
2024/11/11 15:15,0,20.5,1,13.1,6.9
2024/11/11 15:20,0,20.7,1,13,6.9
2024/11/11 15:25,0,21,1,12.9,6.9
2024/11/11 15:30,0,21.3,1,12.8,7
2024/11/11 15:35,0,21.6,1,12.7,7
2024/11/11 15:40,0,21.9,1,12.6,7
2024/11/11 15:45,0,22.2,1,12.5,7
2024/11/11 15:50,0,22.4,1,12.4,7
2024/11/11 15:55,0,22.7,1,12.3,7
2024/11/11 16:00,0,23,1,12.2,7
2024/11/11 16:05,0,23,1,12,6.9
2024/11/11 16:10,0,23,1,11.9,6.7
2024/11/11 16:15,0,23,1,11.7,6.6
2024/11/11 16:20,0,22.9,1,11.6,6.4
2024/11/11 16:25,0,22.9,1,11.4,6.3
2024/11/11 16:30,0,22.9,1,11.2,6.2
2024/11/11 16:35,0,22.9,1,11.1,6
2024/11/11 16:40,0,22.9,1,10.9,5.9
2024/11/11 16:45,0,22.8,1,10.8,5.7
2024/11/11 16:50,0,22.8,1,10.6,5.6
2024/11/11 16:55,0,22.8,1,10.5,5.4
2024/11/11 17:00,0,22.8,1,10.3,5.3
2024/11/11 17:05,0,22.9,1,10.1,5.1
2024/11/11 17:10,0,23.1,1,9.9,5
2024/11/11 17:15,0,23.2,1,9.7,4.8
2024/11/11 17:20,0,23.4,1,9.5,4.6
2024/11/11 17:25,0,23.5,1,9.3,4.4
2024/11/11 17:30,0,23.6,1,9,4.2
2024/11/11 17:35,0,23.8,1,8.8,4.1
2024/11/11 17:40,0,23.9,1,8.6,3.9
2024/11/11 17:45,0,24.1,1,8.4,3.7
2024/11/11 17:50,0,24.2,1,8.2,3.6
2024/11/11 17:55,0,24.4,1,8,3.4
2024/11/11 18:00,0,24.5,1,7.8,3.2
2024/11/11 18:05,0,24.5,1,7.7,3.1
2024/11/11 18:10,0,24.4,1,7.6,3
2024/11/11 18:15,0,24.4,1,7.5,3
2024/11/11 18:20,0,24.4,1,7.4,2.9
2024/11/11 18:25,0,24.4,1,7.3,2.8
2024/11/11 18:30,0,24.4,1,7.2,2.7
2024/11/11 18:35,0,24.3,1,7.1,2.6
2024/11/11 18:40,0,24.3,1,7,2.5
2024/11/11 18:45,0,24.3,1,6.9,2.4
2024/11/11 18:50,0,24.2,1,6.8,2.4
2024/11/11 18:55,0,24.2,1,6.7,2.3
2024/11/11 19:00,0,24.2,1,6.6,2.2
2024/11/11 19:05,0,24,1,6.5,2.3
2024/11/11 19:10,0,23.7,1,6.4,2.3
2024/11/11 19:15,0,23.5,1,6.2,2.4
2024/11/11 19:20,0,23.2,1,6.1,2.5
2024/11/11 19:25,0,23,1,6,2.5
2024/11/11 19:30,0,22.8,1,5.8,2.6
2024/11/11 19:35,0,22.5,1,5.7,2.7
2024/11/11 19:40,0,22.3,1,5.6,2.7
2024/11/11 19:45,0,22,1,5.5,2.8
2024/11/11 19:50,0,21.8,1,5.4,2.9
2024/11/11 19:55,0,21.5,1,5.2,2.9
2024/11/11 20:00,0,21.3,1,5.1,3
2024/11/11 20:05,0,21.2,1,4.9,2.9
2024/11/11 20:10,0,21.2,1,4.8,2.8
2024/11/11 20:15,0,21.1,1,4.6,2.7
2024/11/11 20:20,0,21,1,4.5,2.6
2024/11/11 20:25,0,20.9,1,4.3,2.5
2024/11/11 20:30,0,20.8,1,4.2,2.4
2024/11/11 20:35,0,20.8,1,4,2.4
2024/11/11 20:40,0,20.7,1,3.8,2.3
2024/11/11 20:45,0,20.6,1,3.7,2.2
2024/11/11 20:50,0,20.5,1,3.5,2.1
2024/11/11 20:55,0,20.5,1,3.4,2
2024/11/11 21:00,0,20.4,1,3.2,1.9
2024/11/11 21:05,0,20.6,1,3,2
2024/11/11 21:10,0,20.8,1,2.7,2
2024/11/11 21:15,0,21,1,2.4,2
2024/11/11 21:20,0,21.2,1,2.2,2.1
2024/11/11 21:25,0,21.4,1,2,2.2
2024/11/11 21:30,0,21.5,1,1.7,2.2
2024/11/11 21:35,0,21.7,1,1.5,2.2
2024/11/11 21:40,0,21.9,1,1.2,2.3
2024/11/11 21:45,0,22.1,1,1,2.4
2024/11/11 21:50,0,22.3,1,0.7,2.4
2024/11/11 21:55,0,22.5,1,0.5,2.4
2024/11/11 22:00,0,22.7,1,0.2,2.5
2024/11/11 22:05,0,22.8,1,0.2,2.4
2024/11/11 22:10,0,23,1,0.1,2.3
2024/11/11 22:15,0,23.1,1,0,2.2
2024/11/11 22:20,0,23.3,1,0,2.1
2024/11/11 22:25,0,23.4,1,-0.1,2
2024/11/11 22:30,0,23.5,1,-0.1,2
2024/11/11 22:35,0,23.7,1,-0.2,1.9
2024/11/11 22:40,0,23.8,1,-0.2,1.8
2024/11/11 22:45,0,24,1,-0.3,1.7
2024/11/11 22:50,0,24.1,1,-0.3,1.6
2024/11/11 22:55,0,24.3,1,-0.4,1.5
2024/11/11 23:00,0,24.4,1,-0.4,1.4
2024/11/11 23:05,0,24.8,1,-0.5,1.4
2024/11/11 23:10,0,25.2,1,-0.6,1.3
2024/11/11 23:15,0,25.6,1,-0.7,1.3
2024/11/11 23:20,0,26,1,-0.8,1.3
2024/11/11 23:25,0,26.4,1,-0.9,1.2
2024/11/11 23:30,0,26.8,1,-1,1.2
2024/11/11 23:35,0,27.3,1,-1,1.2
2024/11/11 23:40,0,27.7,1,-1.1,1.1
2024/11/11 23:45,0,28.1,1,-1.2,1.1
2024/11/11 23:50,0,28.5,1,-1.3,1.1
2024/11/11 23:55,0,28.9,1,-1.4,1
2024/11/12 0:00,0,29.3,1,-1.5,1
2024/11/12 0:05,0,29.4,1,-1.6,1
2024/11/12 0:10,0,29.4,1,-1.6,0.9
2024/11/12 0:15,0,29.5,1,-1.7,0.9
2024/11/12 0:20,0,29.5,1,-1.7,0.9
2024/11/12 0:25,0,29.6,1,-1.8,0.8
2024/11/12 0:30,0,29.6,1,-1.8,0.8
2024/11/12 0:35,0,29.7,1,-1.9,0.8
2024/11/12 0:40,0,29.8,1,-2,0.7
2024/11/12 0:45,0,29.8,1,-2,0.7
2024/11/12 0:50,0,29.9,1,-2.1,0.7
2024/11/12 0:55,0,29.9,1,-2.1,0.6
2024/11/12 1:00,0,30,1,-2.2,0.6
2024/11/12 1:05,0,30,1,-2.1,0.7
2024/11/12 1:10,0,30,1,-2,0.8
2024/11/12 1:15,0,30,1,-1.9,0.8
2024/11/12 1:20,0,30,1,-1.8,0.9
2024/11/12 1:25,0,30,1,-1.7,1
2024/11/12 1:30,0,30,1,-1.6,1.1
2024/11/12 1:35,0,30,1,-1.4,1.2
2024/11/12 1:40,0,30,1,-1.3,1.3
2024/11/12 1:45,0,30,1,-1.2,1.4
2024/11/12 1:50,0,30,1,-1.1,1.4
2024/11/12 1:55,0,30,1,-1,1.5
2024/11/12 2:00,0,30,1,-0.9,1.6
2024/11/12 2:05,0,29.4,1,-1,1.6
2024/11/12 2:10,0,28.9,1,-1.1,1.7
2024/11/12 2:15,0,28.3,1,-1.2,1.7
2024/11/12 2:20,0,27.8,1,-1.2,1.8
2024/11/12 2:25,0,27.2,1,-1.3,1.8
2024/11/12 2:30,0,26.6,1,-1.4,1.8
2024/11/12 2:35,0,26.1,1,-1.5,1.9
2024/11/12 2:40,0,25.5,1,-1.6,1.9
2024/11/12 2:45,0,25,1,-1.6,2
2024/11/12 2:50,0,24.4,1,-1.7,2
2024/11/12 2:55,0,23.9,1,-1.8,2.1
2024/11/12 3:00,0,23.3,1,-1.9,2.1
2024/11/12 3:05,0,23.7,1,-2.1,2
2024/11/12 3:10,0,24.1,1,-2.2,2
2024/11/12 3:15,0,24.5,1,-2.4,1.9
2024/11/12 3:20,0,24.9,1,-2.6,1.8
2024/11/12 3:25,0,25.3,1,-2.7,1.7
2024/11/12 3:30,0,25.7,1,-2.9,1.6
2024/11/12 3:35,0,26.1,1,-3.1,1.6
2024/11/12 3:40,0,26.5,1,-3.2,1.5
2024/11/12 3:45,0,26.9,1,-3.4,1.4
2024/11/12 3:50,0,27.3,1,-3.6,1.4
2024/11/12 3:55,0,27.7,1,-3.7,1.3
2024/11/12 4:00,0,28.1,1,-3.9,1.2
2024/11/12 4:05,0,27.5,1,-4,1.2
2024/11/12 4:10,0,26.9,1,-4,1.1
2024/11/12 4:15,0,26.3,1,-4.1,1.1
2024/11/12 4:20,0,25.7,1,-4.2,1.1
2024/11/12 4:25,0,25.1,1,-4.3,1
2024/11/12 4:30,0,24.5,1,-4.4,1
2024/11/12 4:35,0,23.9,1,-4.4,1
2024/11/12 4:40,0,23.3,1,-4.5,0.9
2024/11/12 4:45,0,22.7,1,-4.6,0.9
2024/11/12 4:50,0,22.1,1,-4.6,0.9
2024/11/12 4:55,0,21.5,1,-4.7,0.8
2024/11/12 5:00,0,20.9,1,-4.8,0.8
2024/11/12 5:05,0,20.4,1,-4.6,0.9
2024/11/12 5:10,0,20,1,-4.4,1
2024/11/12 5:15,0,19.5,1,-4.2,1.2
2024/11/12 5:20,0,19,1,-4.1,1.3
2024/11/12 5:25,0,18.6,1,-3.9,1.4
2024/11/12 5:30,0,18.1,1,-3.7,1.5
2024/11/12 5:35,0,17.6,1,-3.5,1.6
2024/11/12 5:40,0,17.2,1,-3.3,1.7
2024/11/12 5:45,0,16.7,1,-3.2,1.8
2024/11/12 5:50,0,16.2,1,-3,2
2024/11/12 5:55,0,15.8,1,-2.8,2.1
2024/11/12 6:00,0,15.3,1,-2.6,2.2
2024/11/12 6:05,0,15.9,1,-2.6,2.1
2024/11/12 6:10,0,16.5,1,-2.7,2.1
2024/11/12 6:15,0,17,1,-2.8,2
2024/11/12 6:20,0,17.6,1,-2.8,1.9
2024/11/12 6:25,0,18.2,1,-2.8,1.8
2024/11/12 6:30,0,18.8,1,-2.9,1.8
2024/11/12 6:35,0,19.4,1,-3,1.7
2024/11/12 6:40,0,20,1,-3,1.6
2024/11/12 6:45,0,20.6,1,-3.1,1.5
2024/11/12 6:50,0,21.1,1,-3.1,1.5
2024/11/12 6:55,0,21.7,1,-3.2,1.4
2024/11/12 7:00,0,22.3,1,-3.2,1.3
2024/11/12 7:05,0,22.1,1,-3.1,1.4
2024/11/12 7:10,0,21.9,1,-2.9,1.5
2024/11/12 7:15,0,21.8,1,-2.8,1.5
2024/11/12 7:20,0,21.6,1,-2.6,1.6
2024/11/12 7:25,0,21.4,1,-2.5,1.7
2024/11/12 7:30,0,21.2,1,-2.4,1.8
2024/11/12 7:35,0,21,1,-2.2,1.8
2024/11/12 7:40,0,20.8,1,-2.1,1.9
2024/11/12 7:45,0,20.7,1,-1.9,2
2024/11/12 7:50,0,20.5,1,-1.8,2.1
2024/11/12 7:55,0,20.3,1,-1.6,2.1
2024/11/12 8:00,0,20.1,1,-1.5,2.2
2024/11/12 8:05,0,20,1,-1.2,2.4
2024/11/12 8:10,0,20,1,-0.9,2.6
2024/11/12 8:15,0,19.9,1,-0.6,2.8
2024/11/12 8:20,0,19.8,1,-0.3,3
2024/11/12 8:25,0,19.8,1,0,3.2
2024/11/12 8:30,0,19.7,1,0.2,3.4
2024/11/12 8:35,0,19.6,1,0.5,3.6
2024/11/12 8:40,0,19.6,1,0.8,3.8
2024/11/12 8:45,0,19.5,1,1.1,4
2024/11/12 8:50,0,19.4,1,1.4,4.2
2024/11/12 8:55,0,19.4,1,1.7,4.4
2024/11/12 9:00,0,19.3,3,2,4.6
2024/11/12 9:05,0,19.4,3,2.1,4.5
2024/11/12 9:10,0,19.4,3,2.3,4.4
2024/11/12 9:15,0,19.5,3,2.4,4.3
2024/11/12 9:20,0,19.6,3,2.5,4.2
2024/11/12 9:25,0,19.7,3,2.7,4.1
2024/11/12 9:30,0,19.8,3,2.8,4
2024/11/12 9:35,0,19.8,3,2.9,4
2024/11/12 9:40,0,19.9,3,3.1,3.9
2024/11/12 9:45,0,20,3,3.2,3.8
2024/11/12 9:50,0,20,3,3.3,3.7
2024/11/12 9:55,0,20.1,3,3.5,3.6
2024/11/12 10:00,0,20.2,3,3.6,3.5
2024/11/12 10:05,0,20.2,3,3.7,3.7
2024/11/12 10:10,0,20.1,3,3.8,3.8
2024/11/12 10:15,0,20,3,3.9,4
2024/11/12 10:20,0,20,3,4,4.2
2024/11/12 10:25,0,20,3,4.1,4.4
2024/11/12 10:30,0,19.9,3,4.2,4.6
2024/11/12 10:35,0,19.8,3,4.4,4.7
2024/11/12 10:40,0,19.8,3,4.5,4.9
2024/11/12 10:45,0,19.8,3,4.6,5.1
2024/11/12 10:50,0,19.7,3,4.7,5.2
2024/11/12 10:55,0,19.7,3,4.8,5.4
2024/11/12 11:00,0,19.6,2,4.9,5.6
2024/11/12 11:05,0,19.6,2,5.2,5.5
2024/11/12 11:10,0,19.7,2,5.4,5.5
2024/11/12 11:15,0,19.7,2,5.6,5.4
2024/11/12 11:20,0,19.7,2,5.9,5.3
2024/11/12 11:25,0,19.7,2,6.2,5.3
2024/11/12 11:30,0,19.8,2,6.4,5.2
2024/11/12 11:35,0,19.8,2,6.6,5.1
2024/11/12 11:40,0,19.8,2,6.9,5.1
2024/11/12 11:45,0,19.8,2,7.2,5
2024/11/12 11:50,0,19.8,2,7.4,4.9
2024/11/12 11:55,0,19.9,2,7.6,4.9
2024/11/12 12:00,0,19.9,3,7.9,4.8
2024/11/12 12:05,0,20.3,3,8,4.8
2024/11/12 12:10,0,20.7,3,8.2,4.7
2024/11/12 12:15,0,21.1,3,8.3,4.6
2024/11/12 12:20,0,21.5,3,8.5,4.6
2024/11/12 12:25,0,21.9,3,8.6,4.6
2024/11/12 12:30,0,22.2,3,8.8,4.5
2024/11/12 12:35,0,22.6,3,8.9,4.4
2024/11/12 12:40,0,23,3,9,4.4
2024/11/12 12:45,0,23.4,3,9.2,4.4
2024/11/12 12:50,0,23.8,3,9.3,4.3
2024/11/12 12:55,0,24.2,3,9.5,4.2
2024/11/12 13:00,0,24.6,3,9.6,4.2
2024/11/12 13:05,0,24.4,3,9.7,4.3
2024/11/12 13:10,0,24.1,3,9.8,4.3
2024/11/12 13:15,0,23.9,3,9.8,4.4
2024/11/12 13:20,0,23.6,3,9.9,4.5
2024/11/12 13:25,0,23.4,3,10,4.5
2024/11/12 13:30,0,23.2,3,10,4.6
2024/11/12 13:35,0,22.9,3,10.1,4.7
2024/11/12 13:40,0,22.7,3,10.2,4.7
2024/11/12 13:45,0,22.4,3,10.3,4.8
2024/11/12 13:50,0,22.2,3,10.4,4.9
2024/11/12 13:55,0,21.9,3,10.4,4.9
2024/11/12 14:00,0,21.7,3,10.5,5
2024/11/12 14:05,0,22.4,3,10.5,4.8
2024/11/12 14:10,0,23.1,3,10.6,4.7
2024/11/12 14:15,0,23.8,3,10.6,4.5
2024/11/12 14:20,0,24.5,3,10.7,4.3
2024/11/12 14:25,0,25.2,3,10.7,4.2
2024/11/12 14:30,0,25.8,3,10.8,4
2024/11/12 14:35,0,26.5,3,10.8,3.8
2024/11/12 14:40,0,27.2,3,10.8,3.7
2024/11/12 14:45,0,27.9,3,10.9,3.5
2024/11/12 14:50,0,28.6,3,10.9,3.3
2024/11/12 14:55,0,29.3,3,11,3.2
2024/11/12 15:00,0,30,3,11,3
2024/11/12 15:05,0,30,3,10.9,3
2024/11/12 15:10,0,30,3,10.9,3
2024/11/12 15:15,0,30,3,10.8,3
2024/11/12 15:20,0,30,3,10.8,3.1
2024/11/12 15:25,0,30,3,10.7,3.1
2024/11/12 15:30,0,30,3,10.6,3.1
2024/11/12 15:35,0,30,3,10.6,3.1
2024/11/12 15:40,0,30,3,10.5,3.1
2024/11/12 15:45,0,30,3,10.5,3.2
2024/11/12 15:50,0,30,3,10.4,3.2
2024/11/12 15:55,0,30,3,10.4,3.2
2024/11/12 16:00,0,30,2,10.3,3.2
2024/11/12 16:05,0,30,2,10.2,3.1
2024/11/12 16:10,0,30,2,10,3.1
2024/11/12 16:15,0,30,2,9.9,3
2024/11/12 16:20,0,30,2,9.8,2.9
2024/11/12 16:25,0,30,2,9.7,2.9
2024/11/12 16:30,0,30,2,9.6,2.8
2024/11/12 16:35,0,30,2,9.4,2.7
2024/11/12 16:40,0,30,2,9.3,2.7
2024/11/12 16:45,0,30,2,9.2,2.6
2024/11/12 16:50,0,30,2,9,2.5
2024/11/12 16:55,0,30,2,8.9,2.5
2024/11/12 17:00,0,30,3,8.8,2.4
2024/11/12 17:05,0,29.5,3,8.6,2.3
2024/11/12 17:10,0,29.1,3,8.5,2.1
2024/11/12 17:15,0,28.6,3,8.3,2
2024/11/12 17:20,0,28.2,3,8.2,1.9
2024/11/12 17:25,0,27.7,3,8,1.7
2024/11/12 17:30,0,27.2,3,7.8,1.6
2024/11/12 17:35,0,26.8,3,7.7,1.5
2024/11/12 17:40,0,26.3,3,7.5,1.3
2024/11/12 17:45,0,25.9,3,7.4,1.2
2024/11/12 17:50,0,25.4,3,7.2,1.1
2024/11/12 17:55,0,25,3,7.1,0.9
2024/11/12 18:00,0,24.5,3,6.9,0.8
2024/11/12 18:05,0,24.1,3,6.8,0.9
2024/11/12 18:10,0,23.7,3,6.8,0.9
2024/11/12 18:15,0,23.3,3,6.7,1
2024/11/12 18:20,0,22.9,3,6.6,1.1
2024/11/12 18:25,0,22.5,3,6.6,1.1
2024/11/12 18:30,0,22.1,3,6.5,1.2
2024/11/12 18:35,0,21.7,3,6.4,1.3
2024/11/12 18:40,0,21.3,3,6.4,1.3
2024/11/12 18:45,0,20.9,3,6.3,1.4
2024/11/12 18:50,0,20.5,3,6.2,1.5
2024/11/12 18:55,0,20.1,3,6.2,1.5
2024/11/12 19:00,0,19.7,3,6.1,1.6
2024/11/12 19:05,0,19.4,3,6.2,1.7
2024/11/12 19:10,0,19.2,3,6.2,1.8
2024/11/12 19:15,0,18.9,3,6.3,1.8
2024/11/12 19:20,0,18.6,3,6.4,1.9
2024/11/12 19:25,0,18.3,3,6.5,2
2024/11/12 19:30,0,18,3,6.6,2.1
2024/11/12 19:35,0,17.8,3,6.6,2.2
2024/11/12 19:40,0,17.5,3,6.7,2.3
2024/11/12 19:45,0,17.2,3,6.8,2.4
2024/11/12 19:50,0,17,3,6.8,2.4
2024/11/12 19:55,0,16.7,3,6.9,2.5
2024/11/12 20:00,0,16.4,3,7,2.6
2024/11/12 20:05,0,16.3,3,7,2.6
2024/11/12 20:10,0,16.3,3,6.9,2.6
2024/11/12 20:15,0,16.2,3,6.8,2.5
2024/11/12 20:20,0,16.1,3,6.8,2.5
2024/11/12 20:25,0,16.1,3,6.8,2.5
2024/11/12 20:30,0,16,3,6.7,2.4
2024/11/12 20:35,0,15.9,3,6.6,2.4
2024/11/12 20:40,0,15.9,3,6.6,2.4
2024/11/12 20:45,0,15.8,3,6.6,2.4
2024/11/12 20:50,0,15.7,3,6.5,2.3
2024/11/12 20:55,0,15.7,3,6.4,2.3
2024/11/12 21:00,0,15.6,3,6.4,2.3
2024/11/12 21:05,0,15.5,3,6.5,2.3
2024/11/12 21:10,0,15.4,3,6.5,2.4
2024/11/12 21:15,0,15.4,3,6.6,2.4
2024/11/12 21:20,0,15.3,3,6.7,2.5
2024/11/12 21:25,0,15.2,3,6.7,2.6
2024/11/12 21:30,0,15.2,3,6.8,2.6
2024/11/12 21:35,0,15.1,3,6.9,2.6
2024/11/12 21:40,0,15,3,6.9,2.7
2024/11/12 21:45,0,14.9,3,7,2.8
2024/11/12 21:50,0,14.8,3,7.1,2.8
2024/11/12 21:55,0,14.8,3,7.1,2.8
2024/11/12 22:00,0,14.7,3,7.2,2.9
2024/11/12 22:05,0,15,3,7.2,2.9
2024/11/12 22:10,0,15.3,3,7.2,2.9
2024/11/12 22:15,0,15.6,3,7.2,2.9
2024/11/12 22:20,0,15.9,3,7.2,2.9
2024/11/12 22:25,0,16.2,3,7.2,2.9
2024/11/12 22:30,0,16.5,3,7.2,2.8
2024/11/12 22:35,0,16.8,3,7.1,2.8
2024/11/12 22:40,0,17.1,3,7.1,2.8
2024/11/12 22:45,0,17.4,3,7.1,2.8
2024/11/12 22:50,0,17.7,3,7.1,2.8
2024/11/12 22:55,0,18,3,7.1,2.8
2024/11/12 23:00,0,18.3,3,7.1,2.8
2024/11/12 23:05,0,18.3,3,7,2.7
2024/11/12 23:10,0,18.3,3,6.9,2.6
2024/11/12 23:15,0,18.4,3,6.8,2.5
2024/11/12 23:20,0,18.4,3,6.6,2.4
2024/11/12 23:25,0,18.4,3,6.5,2.3
2024/11/12 23:30,0,18.4,3,6.4,2.2
2024/11/12 23:35,0,18.4,3,6.3,2
2024/11/12 23:40,0,18.4,3,6.2,1.9
2024/11/12 23:45,0,18.4,3,6,1.8
2024/11/12 23:50,0,18.5,3,5.9,1.7
2024/11/12 23:55,0,18.5,3,5.8,1.6
2024/11/13 0:00,0,18.5,3,5.7,1.5
2024/11/13 0:05,0,18.6,3,5.5,1.5
2024/11/13 0:10,0,18.6,3,5.4,1.5
2024/11/13 0:15,0,18.7,3,5.2,1.5
2024/11/13 0:20,0,18.8,3,5.1,1.5
2024/11/13 0:25,0,18.9,3,4.9,1.5
2024/11/13 0:30,0,19,3,4.8,1.6
2024/11/13 0:35,0,19,3,4.6,1.6
2024/11/13 0:40,0,19.1,3,4.4,1.6
2024/11/13 0:45,0,19.2,3,4.3,1.6
2024/11/13 0:50,0,19.2,3,4.1,1.6
2024/11/13 0:55,0,19.3,3,4,1.6
2024/11/13 1:00,0,19.4,3,3.8,1.6
2024/11/13 1:05,0,19,3,3.7,1.7
2024/11/13 1:10,0,18.6,3,3.6,1.7
2024/11/13 1:15,0,18.3,3,3.4,1.8
2024/11/13 1:20,0,17.9,3,3.3,1.8
2024/11/13 1:25,0,17.5,3,3.2,1.9
2024/11/13 1:30,0,17.2,3,3.1,2
2024/11/13 1:35,0,16.8,3,3,2
2024/11/13 1:40,0,16.4,3,2.9,2.1
2024/11/13 1:45,0,16,3,2.8,2.1
2024/11/13 1:50,0,15.6,3,2.6,2.2
2024/11/13 1:55,0,15.3,3,2.5,2.2
2024/11/13 2:00,0,14.9,1,2.4,2.3
2024/11/13 2:05,0,15,1,2.4,2.2
2024/11/13 2:10,0,15.1,1,2.4,2
2024/11/13 2:15,0,15.2,1,2.4,1.9
2024/11/13 2:20,0,15.3,1,2.3,1.8
2024/11/13 2:25,0,15.4,1,2.3,1.7
2024/11/13 2:30,0,15.5,1,2.3,1.5
2024/11/13 2:35,0,15.6,1,2.3,1.4
2024/11/13 2:40,0,15.7,1,2.3,1.3
2024/11/13 2:45,0,15.8,1,2.2,1.2
2024/11/13 2:50,0,15.9,1,2.2,1
2024/11/13 2:55,0,16,1,2.2,0.9
2024/11/13 3:00,0,16.1,1,2.2,0.8
2024/11/13 3:05,0,15.9,1,2.3,0.8
2024/11/13 3:10,0,15.8,1,2.3,0.8
2024/11/13 3:15,0,15.6,1,2.4,0.8
2024/11/13 3:20,0,15.5,1,2.5,0.7
2024/11/13 3:25,0,15.3,1,2.5,0.7
2024/11/13 3:30,0,15.2,1,2.6,0.7
2024/11/13 3:35,0,15,1,2.7,0.7
2024/11/13 3:40,0,14.8,1,2.7,0.7
2024/11/13 3:45,0,14.7,1,2.8,0.6
2024/11/13 3:50,0,14.5,1,2.9,0.6
2024/11/13 3:55,0,14.4,1,2.9,0.6
2024/11/13 4:00,0,14.2,2,3,0.6
2024/11/13 4:05,0,14.2,2,3.1,0.6
2024/11/13 4:10,0,14.1,2,3.1,0.7
2024/11/13 4:15,0,14,2,3.2,0.8
2024/11/13 4:20,0,14,2,3.2,0.8
2024/11/13 4:25,0,14,2,3.3,0.8
2024/11/13 4:30,0,13.9,2,3.4,0.9
2024/11/13 4:35,0,13.8,2,3.4,1
2024/11/13 4:40,0,13.8,2,3.5,1
2024/11/13 4:45,0,13.8,2,3.5,1
2024/11/13 4:50,0,13.7,2,3.6,1.1
2024/11/13 4:55,0,13.6,2,3.6,1.2
2024/11/13 5:00,0,13.6,2,3.7,1.2
2024/11/13 5:05,0,13.7,2,3.7,1.2
2024/11/13 5:10,0,13.8,2,3.7,1.2
2024/11/13 5:15,0,13.9,2,3.7,1.2
2024/11/13 5:20,0,14,2,3.7,1.2
2024/11/13 5:25,0,14.1,2,3.7,1.2
2024/11/13 5:30,0,14.2,2,3.7,1.2
2024/11/13 5:35,0,14.3,2,3.7,1.2
2024/11/13 5:40,0,14.4,2,3.7,1.2
2024/11/13 5:45,0,14.5,2,3.7,1.2
2024/11/13 5:50,0,14.6,2,3.7,1.2
2024/11/13 5:55,0,14.7,2,3.7,1.2
2024/11/13 6:00,0,14.8,2,3.7,1.2
2024/11/13 6:05,0,14.7,2,3.7,1.1
2024/11/13 6:10,0,14.6,2,3.7,1
2024/11/13 6:15,0,14.4,2,3.8,1
2024/11/13 6:20,0,14.3,2,3.8,0.9
2024/11/13 6:25,0,14.2,2,3.8,0.8
2024/11/13 6:30,0,14,2,3.8,0.7
2024/11/13 6:35,0,13.9,2,3.8,0.6
2024/11/13 6:40,0,13.8,2,3.8,0.5
2024/11/13 6:45,0,13.7,2,3.8,0.4
2024/11/13 6:50,0,13.6,2,3.9,0.4
2024/11/13 6:55,0,13.4,2,3.9,0.3
2024/11/13 7:00,0,13.3,3,3.9,0.2
2024/11/13 7:05,0,13.2,3,3.9,0.2
2024/11/13 7:10,0,13.1,3,4,0.2
2024/11/13 7:15,0,13,3,4,0.2
2024/11/13 7:20,0,12.9,3,4,0.2
2024/11/13 7:25,0,12.8,3,4,0.2
2024/11/13 7:30,0,12.8,3,4,0.2
2024/11/13 7:35,0,12.7,3,4.1,0.1
2024/11/13 7:40,0,12.6,3,4.1,0.1
2024/11/13 7:45,0,12.5,3,4.1,0.1
2024/11/13 7:50,0,12.4,3,4.2,0.1
2024/11/13 7:55,0,12.3,3,4.2,0.1
2024/11/13 8:00,0,12.2,3,4.2,0.1
2024/11/13 8:05,0,11.9,3,4.3,0.2
2024/11/13 8:10,0,11.7,3,4.4,0.2
2024/11/13 8:15,0,11.4,3,4.4,0.3
2024/11/13 8:20,0,11.1,3,4.5,0.4
2024/11/13 8:25,0,10.9,3,4.6,0.4
2024/11/13 8:30,0,10.6,3,4.7,0.5
2024/11/13 8:35,0,10.3,3,4.8,0.6
2024/11/13 8:40,0,10.1,3,4.9,0.6
2024/11/13 8:45,0,9.8,3,5,0.7
2024/11/13 8:50,0,9.5,3,5,0.8
2024/11/13 8:55,0,9.3,3,5.1,0.8
2024/11/13 9:00,0,9,3,5.2,0.9
2024/11/13 9:05,0,9,3,5.2,0.9
2024/11/13 9:10,0,9.1,3,5.3,0.9
2024/11/13 9:15,0,9.1,3,5.3,0.9
2024/11/13 9:20,0,9.1,3,5.4,0.9
2024/11/13 9:25,0,9.2,3,5.4,0.9
2024/11/13 9:30,0,9.2,3,5.4,0.9
2024/11/13 9:35,0,9.2,3,5.5,0.9
2024/11/13 9:40,0,9.3,3,5.5,0.9
2024/11/13 9:45,0,9.3,3,5.6,0.9
2024/11/13 9:50,0,9.3,3,5.6,0.9
2024/11/13 9:55,0,9.4,3,5.7,0.9
2024/11/13 10:00,0,9.4,3,5.7,0.9
2024/11/13 10:05,0,9.4,3,5.7,0.9
2024/11/13 10:10,0,9.4,3,5.8,1
2024/11/13 10:15,0,9.4,3,5.8,1
2024/11/13 10:20,0,9.4,3,5.8,1.1
2024/11/13 10:25,0,9.4,3,5.8,1.1
2024/11/13 10:30,0,9.4,3,5.8,1.2
2024/11/13 10:35,0,9.4,3,5.9,1.2
2024/11/13 10:40,0,9.4,3,5.9,1.2
2024/11/13 10:45,0,9.4,3,5.9,1.3
2024/11/13 10:50,0,9.4,3,6,1.3
2024/11/13 10:55,0,9.4,3,6,1.4
2024/11/13 11:00,0,9.4,3,6,1.4
2024/11/13 11:05,0,9.6,3,6.2,1.4
2024/11/13 11:10,0,9.8,3,6.3,1.3
2024/11/13 11:15,0,10,3,6.4,1.3
2024/11/13 11:20,0,10.2,3,6.6,1.3
2024/11/13 11:25,0,10.4,3,6.8,1.2
2024/11/13 11:30,0,10.6,3,6.9,1.2
2024/11/13 11:35,0,10.8,3,7,1.2
2024/11/13 11:40,0,11,3,7.2,1.1
2024/11/13 11:45,0,11.2,3,7.4,1.1
2024/11/13 11:50,0,11.4,3,7.5,1.1
2024/11/13 11:55,0,11.6,3,7.6,1
2024/11/13 12:00,0,11.8,3,7.8,1
2024/11/13 12:05,0,11.9,3,7.9,1
2024/11/13 12:10,0,12,3,8,1.1
2024/11/13 12:15,0,12.1,3,8.1,1.1
2024/11/13 12:20,0,12.2,3,8.2,1.2
2024/11/13 12:25,0,12.3,3,8.3,1.2
2024/11/13 12:30,0,12.4,3,8.4,1.2
2024/11/13 12:35,0,12.6,3,8.6,1.3
2024/11/13 12:40,0,12.7,3,8.7,1.3
2024/11/13 12:45,0,12.8,3,8.8,1.4
2024/11/13 12:50,0,12.9,3,8.9,1.4
2024/11/13 12:55,0,13,3,9,1.5
2024/11/13 13:00,0,13.1,3,9.1,1.5
2024/11/13 13:05,0,13,3,9.1,1.5
2024/11/13 13:10,0,12.8,3,9.2,1.5
2024/11/13 13:15,0,12.7,3,9.2,1.5
2024/11/13 13:20,0,12.6,3,9.3,1.5
2024/11/13 13:25,0,12.4,3,9.3,1.5
2024/11/13 13:30,0,12.3,3,9.4,1.5
2024/11/13 13:35,0,12.2,3,9.4,1.5
2024/11/13 13:40,0,12,3,9.4,1.5
2024/11/13 13:45,0,11.9,3,9.5,1.5
2024/11/13 13:50,0,11.8,3,9.5,1.5
2024/11/13 13:55,0,11.6,3,9.6,1.5
2024/11/13 14:00,0,11.5,3,9.6,1.5
2024/11/13 14:05,0,11.4,3,9.6,1.5
2024/11/13 14:10,0,11.4,3,9.6,1.5
2024/11/13 14:15,0,11.3,3,9.6,1.5
2024/11/13 14:20,0,11.3,3,9.6,1.5
2024/11/13 14:25,0,11.2,3,9.6,1.5
2024/11/13 14:30,0,11.2,3,9.6,1.4
2024/11/13 14:35,0,11.1,3,9.5,1.4
2024/11/13 14:40,0,11,3,9.5,1.4
2024/11/13 14:45,0,11,3,9.5,1.4
2024/11/13 14:50,0,10.9,3,9.5,1.4
2024/11/13 14:55,0,10.9,3,9.5,1.4
2024/11/13 15:00,0,10.8,3,9.5,1.4
2024/11/13 15:05,0,10.9,3,9.5,1.4
2024/11/13 15:10,0,10.9,3,9.5,1.4
2024/11/13 15:15,0,11,3,9.6,1.4
2024/11/13 15:20,0,11,3,9.6,1.4
2024/11/13 15:25,0,11.1,3,9.6,1.4
2024/11/13 15:30,0,11.2,3,9.6,1.4
2024/11/13 15:35,0,11.2,3,9.6,1.5
2024/11/13 15:40,0,11.3,3,9.6,1.5
2024/11/13 15:45,0,11.3,3,9.6,1.5
2024/11/13 15:50,0,11.4,3,9.7,1.5
2024/11/13 15:55,0,11.4,3,9.7,1.5
2024/11/13 16:00,0,11.5,3,9.7,1.5
2024/11/13 16:05,0,11.5,3,9.6,1.5
2024/11/13 16:10,0,11.6,3,9.5,1.4
2024/11/13 16:15,0,11.6,3,9.4,1.4
2024/11/13 16:20,0,11.6,3,9.3,1.3
2024/11/13 16:25,0,11.6,3,9.2,1.3
2024/11/13 16:30,0,11.6,3,9.1,1.2
2024/11/13 16:35,0,11.7,3,9,1.2
2024/11/13 16:40,0,11.7,3,8.9,1.2
2024/11/13 16:45,0,11.7,3,8.8,1.1
2024/11/13 16:50,0,11.8,3,8.7,1.1
2024/11/13 16:55,0,11.8,3,8.6,1
2024/11/13 17:00,0,11.8,3,8.5,1
2024/11/13 17:05,0,11.6,3,8.4,1
2024/11/13 17:10,0,11.3,3,8.3,1
2024/11/13 17:15,0,11.1,3,8.2,1
2024/11/13 17:20,0,10.8,3,8.1,1
2024/11/13 17:25,0,10.6,3,8,1
2024/11/13 17:30,0,10.4,3,8,1
2024/11/13 17:35,0,10.1,3,7.9,1
2024/11/13 17:40,0,9.9,3,7.8,1
2024/11/13 17:45,0,9.6,3,7.7,1
2024/11/13 17:50,0,9.4,3,7.6,1
2024/11/13 17:55,0,9.1,3,7.5,1
2024/11/13 18:00,0,8.9,2,7.4,1
2024/11/13 18:05,0,8.8,2,7.3,1
2024/11/13 18:10,0,8.6,2,7.1,1
2024/11/13 18:15,0,8.5,2,7,1
2024/11/13 18:20,0,8.4,2,6.8,1
2024/11/13 18:25,0,8.3,2,6.7,1
2024/11/13 18:30,0,8.2,2,6.6,1
2024/11/13 18:35,0,8,2,6.4,1.1
2024/11/13 18:40,0,7.9,2,6.3,1.1
2024/11/13 18:45,0,7.8,2,6.1,1.1
2024/11/13 18:50,0,7.6,2,6,1.1
2024/11/13 18:55,0,7.5,2,5.8,1.1
2024/11/13 19:00,0,7.4,2,5.7,1.1
2024/11/13 19:05,0,7.1,2,5.7,1.2
2024/11/13 19:10,0,6.9,2,5.6,1.3
2024/11/13 19:15,0,6.6,2,5.6,1.4
2024/11/13 19:20,0,6.4,2,5.5,1.4
2024/11/13 19:25,0,6.1,2,5.5,1.5
2024/11/13 19:30,0,5.8,2,5.4,1.6
2024/11/13 19:35,0,5.6,2,5.4,1.7
2024/11/13 19:40,0,5.3,2,5.4,1.8
2024/11/13 19:45,0,5.1,2,5.3,1.8
2024/11/13 19:50,0,4.8,2,5.3,1.9
2024/11/13 19:55,0,4.6,2,5.2,2
2024/11/13 20:00,0,4.3,1,5.2,2.1
2024/11/13 20:05,0,4.2,1,5.2,2.1
2024/11/13 20:10,0,4.1,1,5.1,2.2
2024/11/13 20:15,0,4,1,5,2.2
2024/11/13 20:20,0,4,1,5,2.2
2024/11/13 20:25,0,3.9,1,5,2.2
2024/11/13 20:30,0,3.8,1,4.9,2.2
2024/11/13 20:35,0,3.7,1,4.8,2.3
2024/11/13 20:40,0,3.6,1,4.8,2.3
2024/11/13 20:45,0,3.6,1,4.8,2.3
2024/11/13 20:50,0,3.5,1,4.7,2.4
2024/11/13 20:55,0,3.4,1,4.6,2.4
2024/11/13 21:00,0,3.3,4,4.6,2.4
2024/11/13 21:05,0,3.2,4,4.4,2.4
2024/11/13 21:10,0,3,4,4.2,2.3
2024/11/13 21:15,0,2.9,4,4.1,2.3
2024/11/13 21:20,0,2.8,4,3.9,2.3
2024/11/13 21:25,0,2.7,4,3.7,2.2
2024/11/13 21:30,0,2.6,4,3.6,2.2
2024/11/13 21:35,0,2.4,4,3.4,2.2
2024/11/13 21:40,0,2.3,4,3.2,2.1
2024/11/13 21:45,0,2.2,4,3,2.1
2024/11/13 21:50,0,2,4,2.8,2.1
2024/11/13 21:55,0,1.9,4,2.7,2
2024/11/13 22:00,0,1.8,4,2.5,2
2024/11/13 22:05,0,1.7,4,2.6,2
2024/11/13 22:10,0,1.6,4,2.6,2
2024/11/13 22:15,0,1.6,4,2.7,2
2024/11/13 22:20,0,1.5,4,2.8,2.1
2024/11/13 22:25,0,1.4,4,2.8,2.1
2024/11/13 22:30,0,1.4,4,2.9,2.1
2024/11/13 22:35,0,1.3,4,3,2.1
2024/11/13 22:40,0,1.2,4,3,2.1
2024/11/13 22:45,0,1.1,4,3.1,2.2
2024/11/13 22:50,0,1,4,3.2,2.2
2024/11/13 22:55,0,1,4,3.2,2.2
2024/11/13 23:00,0,0.9,5,3.3,2.2
2024/11/13 23:05,0,0.9,5,3.1,2.1
2024/11/13 23:10,0,0.8,5,2.9,2.1
2024/11/13 23:15,0,0.8,5,2.7,2
2024/11/13 23:20,0,0.7,5,2.5,1.9
2024/11/13 23:25,0,0.7,5,2.3,1.8
2024/11/13 23:30,0,0.6,5,2.2,1.8
2024/11/13 23:35,0,0.6,5,2,1.7
2024/11/13 23:40,0,0.6,5,1.8,1.6
2024/11/13 23:45,0,0.5,5,1.6,1.5
2024/11/13 23:50,0,0.5,5,1.4,1.5
2024/11/13 23:55,0,0.4,5,1.2,1.4
2024/11/14 0:00,0,0.4,5,1,1.3
2024/11/14 0:05,0,0.4,5,1,1.3
2024/11/14 0:10,0,0.4,5,0.9,1.3
2024/11/14 0:15,0,0.3,5,0.9,1.3
2024/11/14 0:20,0,0.3,5,0.8,1.3
2024/11/14 0:25,0,0.3,5,0.8,1.3
2024/11/14 0:30,0,0.2,5,0.8,1.4
2024/11/14 0:35,0,0.2,5,0.7,1.4
2024/11/14 0:40,0,0.2,5,0.7,1.4
2024/11/14 0:45,0,0.2,5,0.6,1.4
2024/11/14 0:50,0,0.1,5,0.6,1.4
2024/11/14 0:55,0,0.1,5,0.5,1.4
2024/11/14 1:00,0,0.1,7,0.5,1.4
2024/11/14 1:05,0,0.1,7,0.5,1.3
2024/11/14 1:10,0,0.1,7,0.5,1.3
2024/11/14 1:15,0,0.1,7,0.6,1.2
2024/11/14 1:20,0,0.1,7,0.6,1.1
2024/11/14 1:25,0,0.1,7,0.6,1.1
2024/11/14 1:30,0,0.1,7,0.6,1
2024/11/14 1:35,0,0.1,7,0.6,0.9
2024/11/14 1:40,0,0.1,7,0.6,0.9
2024/11/14 1:45,0,0.1,7,0.6,0.8
2024/11/14 1:50,0,0.1,7,0.7,0.7
2024/11/14 1:55,0,0.1,7,0.7,0.7
2024/11/14 2:00,0,0.1,7,0.7,0.6
2024/11/14 2:05,0,0.1,7,0.8,0.6
2024/11/14 2:10,0,0.1,7,0.9,0.6
2024/11/14 2:15,0,0.1,7,1,0.6
2024/11/14 2:20,0,0.1,7,1.1,0.6
2024/11/14 2:25,0,0.1,7,1.2,0.6
2024/11/14 2:30,0,0.1,7,1.4,0.6
2024/11/14 2:35,0,0.1,7,1.5,0.7
2024/11/14 2:40,0,0.1,7,1.6,0.7
2024/11/14 2:45,0,0.1,7,1.7,0.7
2024/11/14 2:50,0,0.1,7,1.8,0.7
2024/11/14 2:55,0,0.1,7,1.9,0.7
2024/11/14 3:00,0,0.1,7,2,0.7
2024/11/14 3:05,0,0.1,7,2,0.7
2024/11/14 3:10,0,0.1,7,2,0.7
2024/11/14 3:15,0,0.1,7,2,0.7
2024/11/14 3:20,0,0.1,7,2,0.7
2024/11/14 3:25,0,0.1,7,2,0.7
2024/11/14 3:30,0,0.1,7,2,0.6
2024/11/14 3:35,0,0.1,7,1.9,0.6
2024/11/14 3:40,0,0.1,7,1.9,0.6
2024/11/14 3:45,0,0.1,7,1.9,0.6
2024/11/14 3:50,0,0.1,7,1.9,0.6
2024/11/14 3:55,0,0.1,7,1.9,0.6
2024/11/14 4:00,0,0.1,7,1.9,0.6
2024/11/14 4:05,0,0.1,7,1.9,0.6
2024/11/14 4:10,0,0.1,7,1.9,0.7
2024/11/14 4:15,0,0.1,7,2,0.8
2024/11/14 4:20,0,0.1,7,2,0.8
2024/11/14 4:25,0,0.1,7,2,0.8
2024/11/14 4:30,0,0.1,7,2,0.9
2024/11/14 4:35,0,0.1,7,2,1
2024/11/14 4:40,0,0.1,7,2,1
2024/11/14 4:45,0,0.1,7,2,1
2024/11/14 4:50,0,0.1,7,2.1,1.1
2024/11/14 4:55,0,0.1,7,2.1,1.2
2024/11/14 5:00,0,0.1,7,2.1,1.2
2024/11/14 5:05,0,0.1,7,2.1,1.2
2024/11/14 5:10,0,0.1,7,2.1,1.1
2024/11/14 5:15,0,0.1,7,2.1,1
2024/11/14 5:20,0,0.1,7,2.1,1
2024/11/14 5:25,0,0.1,7,2.1,1
2024/11/14 5:30,0,0.1,7,2,0.9
2024/11/14 5:35,0,0.1,7,2,0.8
2024/11/14 5:40,0,0.1,7,2,0.8
2024/11/14 5:45,0,0.1,7,2,0.8
2024/11/14 5:50,0,0.1,7,2,0.7
2024/11/14 5:55,0,0.1,7,2,0.6
2024/11/14 6:00,0,0.1,7,2,0.6
2024/11/14 6:05,0,0.1,7,2,0.6
2024/11/14 6:10,0,0.1,7,2,0.6
2024/11/14 6:15,0,0.1,7,2,0.6
2024/11/14 6:20,0,0.1,7,2,0.6
2024/11/14 6:25,0,0.1,7,2,0.6
2024/11/14 6:30,0,0.1,7,2,0.6
2024/11/14 6:35,0,0.1,7,2.1,0.7
2024/11/14 6:40,0,0.1,7,2.1,0.7
2024/11/14 6:45,0,0.1,7,2.1,0.7
2024/11/14 6:50,0,0.1,7,2.1,0.7
2024/11/14 6:55,0,0.1,7,2.1,0.7
2024/11/14 7:00,0,0.1,7,2.1,0.7
2024/11/14 7:05,0,0.1,7,2.1,0.7
2024/11/14 7:10,0,0.1,7,2.2,0.7
2024/11/14 7:15,0,0.1,7,2.2,0.8
2024/11/14 7:20,0,0.1,7,2.2,0.8
2024/11/14 7:25,0,0.1,7,2.2,0.8
2024/11/14 7:30,0,0.1,7,2.2,0.8
2024/11/14 7:35,0,0.1,7,2.3,0.8
2024/11/14 7:40,0,0.1,7,2.3,0.8
2024/11/14 7:45,0,0.1,7,2.3,0.8
2024/11/14 7:50,0,0.1,7,2.4,0.9
2024/11/14 7:55,0,0.1,7,2.4,0.9
2024/11/14 8:00,0,0.1,7,2.4,0.9
2024/11/14 8:05,0,0.1,7,2.5,1
2024/11/14 8:10,0,0.1,7,2.5,1
2024/11/14 8:15,0,0.1,7,2.6,1
2024/11/14 8:20,0,0.1,7,2.6,1.1
2024/11/14 8:25,0,0.1,7,2.7,1.2
2024/11/14 8:30,0,0.2,7,2.8,1.2
2024/11/14 8:35,0,0.2,7,2.8,1.2
2024/11/14 8:40,0,0.2,7,2.9,1.3
2024/11/14 8:45,0,0.2,7,2.9,1.4
2024/11/14 8:50,0,0.2,7,3,1.4
2024/11/14 8:55,0,0.2,7,3,1.4
2024/11/14 9:00,0,0.2,7,3.1,1.5
2024/11/14 9:05,0,0.2,7,3.1,1.5
2024/11/14 9:10,0,0.2,7,3.2,1.6
2024/11/14 9:15,0,0.2,7,3.2,1.6
2024/11/14 9:20,0,0.2,7,3.3,1.6
2024/11/14 9:25,0,0.2,7,3.3,1.6
2024/11/14 9:30,0,0.2,7,3.4,1.6
2024/11/14 9:35,0,0.2,7,3.4,1.7
2024/11/14 9:40,0,0.2,7,3.4,1.7
2024/11/14 9:45,0,0.2,7,3.5,1.7
2024/11/14 9:50,0,0.2,7,3.5,1.8
2024/11/14 9:55,0,0.2,7,3.6,1.8
2024/11/14 10:00,0,0.2,7,3.6,1.8
2024/11/14 10:05,0,0.3,7,3.6,1.8
2024/11/14 10:10,0,0.4,7,3.7,1.8
2024/11/14 10:15,0,0.5,7,3.8,1.8
2024/11/14 10:20,0,0.6,7,3.8,1.8
2024/11/14 10:25,0,0.7,7,3.8,1.8
2024/11/14 10:30,0,0.8,7,3.9,1.8
2024/11/14 10:35,0,1,7,4,1.8
2024/11/14 10:40,0,1.1,7,4,1.8
2024/11/14 10:45,0,1.2,7,4,1.8
2024/11/14 10:50,0,1.3,7,4.1,1.8
2024/11/14 10:55,0,1.4,7,4.2,1.8
2024/11/14 11:00,0,1.5,4,4.2,1.8
2024/11/14 11:05,0,1.6,4,4.3,2
2024/11/14 11:10,0,1.7,4,4.4,2.1
2024/11/14 11:15,0,1.8,4,4.4,2.3
2024/11/14 11:20,0,1.9,4,4.5,2.5
2024/11/14 11:25,0,2,4,4.6,2.6
2024/11/14 11:30,0,2.1,4,4.6,2.8
2024/11/14 11:35,0,2.2,4,4.7,3
2024/11/14 11:40,0,2.3,4,4.8,3.1
2024/11/14 11:45,0,2.4,4,4.9,3.3
2024/11/14 11:50,0,2.5,4,4.9,3.5
2024/11/14 11:55,0,2.6,4,5,3.6
2024/11/14 12:00,0,2.7,5,5.1,3.8
2024/11/14 12:05,0,2.6,5,5,3.8
2024/11/14 12:10,0,2.5,5,4.9,3.8
2024/11/14 12:15,0,2.4,5,4.9,3.8
2024/11/14 12:20,0,2.3,5,4.8,3.8
2024/11/14 12:25,0,2.2,5,4.7,3.8
2024/11/14 12:30,0,2,5,4.6,3.8
2024/11/14 12:35,0,1.9,5,4.6,3.7
2024/11/14 12:40,0,1.8,5,4.5,3.7
2024/11/14 12:45,0,1.7,5,4.4,3.7
2024/11/14 12:50,0,1.6,5,4.4,3.7
2024/11/14 12:55,0,1.5,5,4.3,3.7
2024/11/14 13:00,0,1.4,5,4.2,3.7
2024/11/14 13:05,0,1.5,5,4.2,3.8
2024/11/14 13:10,0,1.5,5,4.3,3.8
2024/11/14 13:15,0,1.6,5,4.3,3.8
2024/11/14 13:20,0,1.6,5,4.3,3.9
2024/11/14 13:25,0,1.7,5,4.4,4
2024/11/14 13:30,0,1.8,5,4.4,4
2024/11/14 13:35,0,1.8,5,4.4,4
2024/11/14 13:40,0,1.9,5,4.5,4.1
2024/11/14 13:45,0,1.9,5,4.5,4.2
2024/11/14 13:50,0,2,5,4.5,4.2
2024/11/14 13:55,0,2,5,4.6,4.2
2024/11/14 14:00,0,2.1,4,4.6,4.3
2024/11/14 14:05,0,2.1,4,4.6,4.4
2024/11/14 14:10,0,2.1,4,4.7,4.6
2024/11/14 14:15,0,2.1,4,4.7,4.7
2024/11/14 14:20,0,2.1,4,4.8,4.9
2024/11/14 14:25,0,2.1,4,4.8,5
2024/11/14 14:30,0,2.2,4,4.8,5.2
2024/11/14 14:35,0,2.2,4,4.9,5.3
2024/11/14 14:40,0,2.2,4,4.9,5.4
2024/11/14 14:45,0,2.2,4,5,5.6
2024/11/14 14:50,0,2.2,4,5,5.7
2024/11/14 14:55,0,2.2,4,5.1,5.9
2024/11/14 15:00,0,2.2,4,5.1,6
2024/11/14 15:05,0,2.1,4,5,6
2024/11/14 15:10,0,2,4,4.9,5.9
2024/11/14 15:15,0,1.9,4,4.9,5.8
2024/11/14 15:20,0,1.8,4,4.8,5.8
2024/11/14 15:25,0,1.7,4,4.7,5.8
2024/11/14 15:30,0,1.6,4,4.6,5.7
2024/11/14 15:35,0,1.6,4,4.6,5.6
2024/11/14 15:40,0,1.5,4,4.5,5.6
2024/11/14 15:45,0,1.4,4,4.4,5.6
2024/11/14 15:50,0,1.3,4,4.4,5.5
2024/11/14 15:55,0,1.2,4,4.3,5.4
2024/11/14 16:00,0,1.1,4,4.2,5.4
2024/11/14 16:05,0,1,4,4.2,5.4
2024/11/14 16:10,0,1,4,4.1,5.4
2024/11/14 16:15,0,0.9,4,4,5.4
2024/11/14 16:20,0,0.9,4,4,5.5
2024/11/14 16:25,0,0.8,4,4,5.5
2024/11/14 16:30,0,0.8,4,3.9,5.5
2024/11/14 16:35,0,0.7,4,3.8,5.5
2024/11/14 16:40,0,0.6,4,3.8,5.5
2024/11/14 16:45,0,0.6,4,3.8,5.6
2024/11/14 16:50,0,0.5,4,3.7,5.6
2024/11/14 16:55,0,0.5,4,3.6,5.6
2024/11/14 17:00,0,0.4,5,3.6,5.6
2024/11/14 17:05,0,0.4,5,3.6,5.7
2024/11/14 17:10,0,0.4,5,3.5,5.7
2024/11/14 17:15,0,0.4,5,3.4,5.8
2024/11/14 17:20,0,0.3,5,3.4,5.9
2024/11/14 17:25,0,0.3,5,3.4,5.9
2024/11/14 17:30,0,0.3,5,3.3,6
2024/11/14 17:35,0,0.3,5,3.2,6.1
2024/11/14 17:40,0,0.3,5,3.2,6.1
2024/11/14 17:45,0,0.2,5,3.2,6.2
2024/11/14 17:50,0,0.2,5,3.1,6.3
2024/11/14 17:55,0,0.2,5,3,6.3
2024/11/14 18:00,0,0.2,7,3,6.4
2024/11/14 18:05,0,0.2,7,3,6.4
2024/11/14 18:10,0,0.2,7,3.1,6.4
2024/11/14 18:15,0,0.2,7,3.1,6.3
2024/11/14 18:20,0,0.2,7,3.1,6.3
2024/11/14 18:25,0,0.2,7,3.2,6.3
2024/11/14 18:30,0,0.2,7,3.2,6.2
2024/11/14 18:35,0,0.2,7,3.2,6.2
2024/11/14 18:40,0,0.2,7,3.3,6.2
2024/11/14 18:45,0,0.2,7,3.3,6.2
2024/11/14 18:50,0,0.2,7,3.3,6.1
2024/11/14 18:55,0,0.2,7,3.4,6.1
2024/11/14 19:00,0,0.2,7,3.4,6.1
2024/11/14 19:05,0,0.2,7,3.4,6.1
2024/11/14 19:10,0,0.2,7,3.4,6
2024/11/14 19:15,0,0.2,7,3.4,6
2024/11/14 19:20,0,0.2,7,3.5,5.9
2024/11/14 19:25,0,0.2,7,3.5,5.9
2024/11/14 19:30,0,0.2,7,3.5,5.8
2024/11/14 19:35,0,0.2,7,3.5,5.8
2024/11/14 19:40,0,0.2,7,3.5,5.8
2024/11/14 19:45,0,0.2,7,3.6,5.7
2024/11/14 19:50,0,0.2,7,3.6,5.7
2024/11/14 19:55,0,0.2,7,3.6,5.6
2024/11/14 20:00,0,0.2,7,3.6,5.6
2024/11/14 20:05,0,0.2,7,3.6,5.6
2024/11/14 20:10,0,0.2,7,3.7,5.5
2024/11/14 20:15,0,0.2,7,3.7,5.5
2024/11/14 20:20,0,0.2,7,3.7,5.4
2024/11/14 20:25,0,0.2,7,3.8,5.4
2024/11/14 20:30,0,0.2,7,3.8,5.4
2024/11/14 20:35,0,0.2,7,3.8,5.3
2024/11/14 20:40,0,0.2,7,3.9,5.3
2024/11/14 20:45,0,0.2,7,3.9,5.2
2024/11/14 20:50,0,0.2,7,3.9,5.2
2024/11/14 20:55,0,0.2,7,4,5.1
2024/11/14 21:00,0,0.2,7,4,5.1
2024/11/14 21:05,0,0.2,7,4,5.1
2024/11/14 21:10,0,0.2,7,4,5
2024/11/14 21:15,0,0.2,7,4,5
2024/11/14 21:20,0,0.2,7,3.9,4.9
2024/11/14 21:25,0,0.2,7,3.9,4.9
2024/11/14 21:30,0,0.2,7,3.9,4.8
2024/11/14 21:35,0,0.2,7,3.9,4.8
2024/11/14 21:40,0,0.2,7,3.9,4.8
2024/11/14 21:45,0,0.2,7,3.8,4.7
2024/11/14 21:50,0,0.2,7,3.8,4.7
2024/11/14 21:55,0,0.2,7,3.8,4.6
2024/11/14 22:00,0,0.2,5,3.8,4.6
2024/11/14 22:05,0,0.2,5,3.8,4.6
2024/11/14 22:10,0,0.2,5,3.8,4.7
2024/11/14 22:15,0,0.2,5,3.8,4.7
2024/11/14 22:20,0,0.2,5,3.9,4.7
2024/11/14 22:25,0,0.2,5,3.9,4.8
2024/11/14 22:30,0,0.2,5,3.9,4.8
2024/11/14 22:35,0,0.2,5,3.9,4.8
2024/11/14 22:40,0,0.2,5,3.9,4.9
2024/11/14 22:45,0,0.2,5,4,4.9
2024/11/14 22:50,0,0.2,5,4,4.9
2024/11/14 22:55,0,0.2,5,4,5
2024/11/14 23:00,0,0.2,5,4,5
2024/11/14 23:05,0,0.2,5,4,4.9
2024/11/14 23:10,0,0.2,5,4,4.8
2024/11/14 23:15,0,0.2,5,3.9,4.8
2024/11/14 23:20,0,0.2,5,3.9,4.7
2024/11/14 23:25,0,0.2,5,3.9,4.6
2024/11/14 23:30,0,0.2,5,3.8,4.6
2024/11/14 23:35,0,0.3,5,3.8,4.5
2024/11/14 23:40,0,0.3,5,3.8,4.4
2024/11/14 23:45,0,0.3,5,3.8,4.3
2024/11/14 23:50,0,0.3,5,3.8,4.2
2024/11/14 23:55,0,0.3,5,3.7,4.2
2024/11/15 0:00,0,0.3,5,3.7,4.1
2024/11/15 0:05,0,0.3,5,3.7,4.1
2024/11/15 0:10,0,0.3,5,3.7,4.1
2024/11/15 0:15,0,0.3,5,3.7,4
2024/11/15 0:20,0,0.3,5,3.7,4
2024/11/15 0:25,0,0.3,5,3.7,4
2024/11/15 0:30,0,0.2,5,3.8,4
2024/11/15 0:35,0,0.2,5,3.8,4
2024/11/15 0:40,0,0.2,5,3.8,4
2024/11/15 0:45,0,0.2,5,3.8,4
2024/11/15 0:50,0,0.2,5,3.8,3.9
2024/11/15 0:55,0,0.2,5,3.8,3.9
2024/11/15 1:00,0,0.2,5,3.8,3.9
2024/11/15 1:05,0,0.2,5,3.8,4.1
2024/11/15 1:10,0,0.2,5,3.8,4.3
2024/11/15 1:15,0,0.2,5,3.9,4.4
2024/11/15 1:20,0,0.3,5,3.9,4.6
2024/11/15 1:25,0,0.3,5,3.9,4.8
2024/11/15 1:30,0,0.3,5,4,5
2024/11/15 1:35,0,0.3,5,4,5.2
2024/11/15 1:40,0,0.3,5,4,5.4
2024/11/15 1:45,0,0.4,5,4,5.6
2024/11/15 1:50,0,0.4,5,4,5.7
2024/11/15 1:55,0,0.4,5,4.1,5.9
2024/11/15 2:00,0,0.4,5,4.1,6.1
2024/11/15 2:05,0,0.4,5,4,6
2024/11/15 2:10,0,0.4,5,4,6
2024/11/15 2:15,0,0.5,5,4,5.9
2024/11/15 2:20,0,0.5,5,3.9,5.9
2024/11/15 2:25,0,0.5,5,3.8,5.8
2024/11/15 2:30,0,0.6,5,3.8,5.8
2024/11/15 2:35,0,0.6,5,3.8,5.7
2024/11/15 2:40,0,0.6,5,3.7,5.6
2024/11/15 2:45,0,0.6,5,3.6,5.6
2024/11/15 2:50,0,0.6,5,3.6,5.5
2024/11/15 2:55,0,0.7,5,3.6,5.5
2024/11/15 3:00,0,0.7,5,3.5,5.4
2024/11/15 3:05,0,0.7,5,3.5,5.2
2024/11/15 3:10,0,0.7,5,3.4,5
2024/11/15 3:15,0,0.7,5,3.4,4.9
2024/11/15 3:20,0,0.7,5,3.4,4.7
2024/11/15 3:25,0,0.7,5,3.3,4.5
2024/11/15 3:30,0,0.8,5,3.3,4.3
2024/11/15 3:35,0,0.8,5,3.3,4.1
2024/11/15 3:40,0,0.8,5,3.2,3.9
2024/11/15 3:45,0,0.8,5,3.2,3.8
2024/11/15 3:50,0,0.8,5,3.2,3.6
2024/11/15 3:55,0,0.8,5,3.1,3.4
2024/11/15 4:00,0,0.8,5,3.1,3.2
2024/11/15 4:05,0,0.9,5,3.1,3.2
2024/11/15 4:10,0,0.9,5,3.2,3.2
2024/11/15 4:15,0,1,5,3.2,3.2
2024/11/15 4:20,0,1,5,3.2,3.2
2024/11/15 4:25,0,1.1,5,3.2,3.2
2024/11/15 4:30,0,1.2,5,3.2,3.2
2024/11/15 4:35,0,1.2,5,3.3,3.1
2024/11/15 4:40,0,1.3,5,3.3,3.1
2024/11/15 4:45,0,1.3,5,3.3,3.1
2024/11/15 4:50,0,1.4,5,3.4,3.1
2024/11/15 4:55,0,1.4,5,3.4,3.1
2024/11/15 5:00,0,1.5,4,3.4,3.1
2024/11/15 5:05,0,1.5,4,3.4,3.2
2024/11/15 5:10,0,1.6,4,3.5,3.2
2024/11/15 5:15,0,1.6,4,3.5,3.2
2024/11/15 5:20,0,1.6,4,3.6,3.3
2024/11/15 5:25,0,1.6,4,3.6,3.4
2024/11/15 5:30,0,1.6,4,3.6,3.4
2024/11/15 5:35,0,1.7,4,3.7,3.4
2024/11/15 5:40,0,1.7,4,3.7,3.5
2024/11/15 5:45,0,1.7,4,3.8,3.6
2024/11/15 5:50,0,1.8,4,3.8,3.6
2024/11/15 5:55,0,1.8,4,3.9,3.6
2024/11/15 6:00,0,1.8,4,3.9,3.7
2024/11/15 6:05,0,1.8,4,3.9,3.7
2024/11/15 6:10,0,1.8,4,3.9,3.7
2024/11/15 6:15,0,1.8,4,4,3.7
2024/11/15 6:20,0,1.8,4,4,3.7
2024/11/15 6:25,0,1.8,4,4,3.7
2024/11/15 6:30,0,1.8,4,4,3.7
2024/11/15 6:35,0,1.9,4,4,3.7
2024/11/15 6:40,0,1.9,4,4,3.7
2024/11/15 6:45,0,1.9,4,4,3.7
2024/11/15 6:50,0,1.9,4,4.1,3.7
2024/11/15 6:55,0,1.9,4,4.1,3.7
2024/11/15 7:00,0,1.9,4,4.1,3.7
2024/11/15 7:05,0,1.9,4,4.1,3.6
2024/11/15 7:10,0,1.9,4,4.1,3.5
2024/11/15 7:15,0,1.9,4,4.1,3.4
2024/11/15 7:20,0,1.9,4,4.2,3.4
2024/11/15 7:25,0,1.9,4,4.2,3.3
2024/11/15 7:30,0,1.9,4,4.2,3.2
2024/11/15 7:35,0,1.9,4,4.2,3.1
2024/11/15 7:40,0,1.9,4,4.2,3
2024/11/15 7:45,0,1.9,4,4.2,3
2024/11/15 7:50,0,1.9,4,4.3,2.9
2024/11/15 7:55,0,1.9,4,4.3,2.8
2024/11/15 8:00,0,1.9,4,4.3,2.7
2024/11/15 8:05,0,1.9,4,4.3,2.7
2024/11/15 8:10,0,2,4,4.4,2.6
2024/11/15 8:15,0,2,4,4.4,2.6
2024/11/15 8:20,0,2,4,4.4,2.5
2024/11/15 8:25,0,2.1,4,4.5,2.5
2024/11/15 8:30,0,2.1,4,4.5,2.4
2024/11/15 8:35,0,2.1,4,4.5,2.4
2024/11/15 8:40,0,2.2,4,4.6,2.4
2024/11/15 8:45,0,2.2,4,4.6,2.3
2024/11/15 8:50,0,2.2,4,4.6,2.3
2024/11/15 8:55,0,2.3,4,4.7,2.2
2024/11/15 9:00,0,2.3,4,4.7,2.2
2024/11/15 9:05,0,2.3,4,4.7,2.2
2024/11/15 9:10,0,2.4,4,4.8,2.1
2024/11/15 9:15,0,2.4,4,4.8,2.1
2024/11/15 9:20,0,2.4,4,4.8,2
2024/11/15 9:25,0,2.5,4,4.9,2
2024/11/15 9:30,0,2.5,4,4.9,2
2024/11/15 9:35,0,2.5,4,4.9,1.9
2024/11/15 9:40,0,2.6,4,5,1.9
2024/11/15 9:45,0,2.6,4,5,1.8
2024/11/15 9:50,0,2.6,4,5,1.8
2024/11/15 9:55,0,2.7,4,5.1,1.7
2024/11/15 10:00,0,2.7,5,5.1,1.7
2024/11/15 10:05,0,2.7,5,5.1,1.7
2024/11/15 10:10,0,2.8,5,5.2,1.6
2024/11/15 10:15,0,2.8,5,5.2,1.6
2024/11/15 10:20,0,2.8,5,5.2,1.6
2024/11/15 10:25,0,2.8,5,5.3,1.6
2024/11/15 10:30,0,2.8,5,5.3,1.5
2024/11/15 10:35,0,2.9,5,5.3,1.5
2024/11/15 10:40,0,2.9,5,5.4,1.5
2024/11/15 10:45,0,2.9,5,5.4,1.5
2024/11/15 10:50,0,3,5,5.4,1.4
2024/11/15 10:55,0,3,5,5.5,1.4
2024/11/15 11:00,0,3,5,5.5,1.4
2024/11/15 11:05,0,3,5,5.5,1.4
2024/11/15 11:10,0,3,5,5.5,1.3
2024/11/15 11:15,0,2.9,5,5.5,1.3
2024/11/15 11:20,0,2.9,5,5.5,1.3
2024/11/15 11:25,0,2.9,5,5.5,1.2
2024/11/15 11:30,0,2.8,5,5.6,1.2
2024/11/15 11:35,0,2.8,5,5.6,1.2
2024/11/15 11:40,0,2.8,5,5.6,1.1
2024/11/15 11:45,0,2.8,5,5.6,1.1
2024/11/15 11:50,0,2.8,5,5.6,1.1
2024/11/15 11:55,0,2.7,5,5.6,1
2024/11/15 12:00,0,2.7,5,5.6,1
2024/11/15 12:05,0,2.7,5,5.6,1.2
2024/11/15 12:10,0,2.7,5,5.7,1.3
2024/11/15 12:15,0,2.7,5,5.7,1.4
2024/11/15 12:20,0,2.7,5,5.7,1.6
2024/11/15 12:25,0,2.7,5,5.8,1.8
2024/11/15 12:30,0,2.7,5,5.8,1.9
2024/11/15 12:35,0,2.6,5,5.8,2
2024/11/15 12:40,0,2.6,5,5.9,2.2
2024/11/15 12:45,0,2.6,5,5.9,2.3
2024/11/15 12:50,0,2.6,5,5.9,2.5
2024/11/15 12:55,0,2.6,5,6,2.6
2024/11/15 13:00,0,2.6,5,6,2.8
2024/11/15 13:05,0,2.6,5,6,2.8
2024/11/15 13:10,0,2.6,5,6.1,2.9
2024/11/15 13:15,0,2.7,5,6.1,2.9
2024/11/15 13:20,0,2.7,5,6.2,3
2024/11/15 13:25,0,2.7,5,6.2,3
2024/11/15 13:30,0,2.8,5,6.2,3
2024/11/15 13:35,0,2.8,5,6.3,3.1
2024/11/15 13:40,0,2.8,5,6.3,3.1
2024/11/15 13:45,0,2.8,5,6.4,3.2
2024/11/15 13:50,0,2.8,5,6.4,3.2
2024/11/15 13:55,0,2.9,5,6.5,3.3
2024/11/15 14:00,0,2.9,8,6.5,3.3
2024/11/15 14:05,0,2.9,8,6.6,3.2
2024/11/15 14:10,0,2.9,8,6.6,3.1
2024/11/15 14:15,0,2.9,8,6.7,3
2024/11/15 14:20,0,2.9,8,6.8,2.9
2024/11/15 14:25,0,2.9,8,6.9,2.8
2024/11/15 14:30,0,3,8,7,2.6
2024/11/15 14:35,0,3,8,7,2.5
2024/11/15 14:40,0,3,8,7.1,2.4
2024/11/15 14:45,0,3,8,7.2,2.3
2024/11/15 14:50,0,3,8,7.2,2.2
2024/11/15 14:55,0,3,8,7.3,2.1
2024/11/15 15:00,0,3,5,7.4,2
2024/11/15 15:05,0,3.2,5,7.5,2.2
2024/11/15 15:10,0,3.4,5,7.5,2.4
2024/11/15 15:15,0,3.7,5,7.6,2.6
2024/11/15 15:20,0,3.9,5,7.7,2.8
2024/11/15 15:25,0,4.1,5,7.7,3
2024/11/15 15:30,0,4.4,5,7.8,3.2
2024/11/15 15:35,0,4.6,5,7.9,3.5
2024/11/15 15:40,0,4.8,5,7.9,3.7
2024/11/15 15:45,0,5,5,8,3.9
2024/11/15 15:50,0,5.2,5,8.1,4.1
2024/11/15 15:55,0,5.5,5,8.1,4.3
2024/11/15 16:00,0,5.7,1,8.2,4.5
2024/11/15 16:05,0,6,1,8.1,4.4
2024/11/15 16:10,0,6.2,1,8,4.3
2024/11/15 16:15,0,6.5,1,8,4.2
2024/11/15 16:20,0,6.8,1,7.9,4.1
2024/11/15 16:25,0,7.1,1,7.8,4
2024/11/15 16:30,0,7.4,1,7.8,3.9
2024/11/15 16:35,0,7.6,1,7.7,3.8
2024/11/15 16:40,0,7.9,1,7.6,3.7
2024/11/15 16:45,0,8.2,1,7.5,3.6
2024/11/15 16:50,0,8.4,1,7.4,3.5
2024/11/15 16:55,0,8.7,1,7.4,3.4
2024/11/15 17:00,0,9,3,7.3,3.3
2024/11/15 17:05,0,9,3,7.3,3.3
2024/11/15 17:10,0,9,3,7.3,3.3
2024/11/15 17:15,0,9.1,3,7.2,3.3
2024/11/15 17:20,0,9.1,3,7.2,3.3
2024/11/15 17:25,0,9.1,3,7.2,3.3
2024/11/15 17:30,0,9.2,3,7.2,3.3
2024/11/15 17:35,0,9.2,3,7.2,3.3
2024/11/15 17:40,0,9.2,3,7.2,3.3
2024/11/15 17:45,0,9.2,3,7.2,3.3
2024/11/15 17:50,0,9.2,3,7.1,3.3
2024/11/15 17:55,0,9.3,3,7.1,3.3
2024/11/15 18:00,0,9.3,9,7.1,3.3
2024/11/15 18:05,0,9.6,9,7.1,3.4
2024/11/15 18:10,0,10,9,7,3.4
2024/11/15 18:15,0,10.4,9,7,3.4
2024/11/15 18:20,0,10.7,9,6.9,3.5
2024/11/15 18:25,0,11,9,6.9,3.6
2024/11/15 18:30,0,11.4,9,6.8,3.6
2024/11/15 18:35,0,11.8,9,6.8,3.6
2024/11/15 18:40,0,12.1,9,6.8,3.7
2024/11/15 18:45,0,12.4,9,6.7,3.8
2024/11/15 18:50,0,12.8,9,6.7,3.8
2024/11/15 18:55,0,13.2,9,6.6,3.8
2024/11/15 19:00,0,13.5,9,6.6,3.9
2024/11/15 19:05,0,13.8,9,6.6,3.9
2024/11/15 19:10,0,14,9,6.5,3.9
2024/11/15 19:15,0,14.3,9,6.4,3.9
2024/11/15 19:20,0,14.6,9,6.4,3.9
2024/11/15 19:25,0,14.9,9,6.4,3.9
2024/11/15 19:30,0,15.2,9,6.3,3.8
2024/11/15 19:35,0,15.4,9,6.2,3.8
2024/11/15 19:40,0,15.7,9,6.2,3.8
2024/11/15 19:45,0,16,9,6.2,3.8
2024/11/15 19:50,0,16.2,9,6.1,3.8
2024/11/15 19:55,0,16.5,9,6,3.8
2024/11/15 20:00,0,16.8,2,6,3.8
2024/11/15 20:05,0,17.3,2,5.8,3.8
2024/11/15 20:10,0,17.8,2,5.6,3.8
2024/11/15 20:15,0,18.4,2,5.4,3.7
2024/11/15 20:20,0,18.9,2,5.3,3.7
2024/11/15 20:25,0,19.4,2,5.1,3.7
2024/11/15 20:30,0,20,2,4.9,3.6
2024/11/15 20:35,0,20.5,2,4.7,3.6
2024/11/15 20:40,0,21,2,4.5,3.6
2024/11/15 20:45,0,21.5,2,4.4,3.6
2024/11/15 20:50,0,22,2,4.2,3.6
2024/11/15 20:55,0,22.6,2,4,3.5
2024/11/15 21:00,0,23.1,1,3.8,3.5
2024/11/15 21:05,0,23.3,1,3.8,3.4
2024/11/15 21:10,0,23.5,1,3.7,3.3
2024/11/15 21:15,0,23.7,1,3.7,3.2
2024/11/15 21:20,0,23.9,1,3.7,3.2
2024/11/15 21:25,0,24.1,1,3.6,3.1
2024/11/15 21:30,0,24.3,1,3.6,3
2024/11/15 21:35,0,24.5,1,3.6,2.9
2024/11/15 21:40,0,24.7,1,3.5,2.8
2024/11/15 21:45,0,24.9,1,3.5,2.8
2024/11/15 21:50,0,25.1,1,3.5,2.7
2024/11/15 21:55,0,25.3,1,3.4,2.6
2024/11/15 22:00,0,25.5,2,3.4,2.5
2024/11/15 22:05,0,25,2,3.4,2.5
2024/11/15 22:10,0,24.5,2,3.3,2.6
2024/11/15 22:15,0,24,2,3.3,2.6
2024/11/15 22:20,0,23.4,2,3.3,2.7
2024/11/15 22:25,0,22.9,2,3.2,2.7
2024/11/15 22:30,0,22.4,2,3.2,2.8
2024/11/15 22:35,0,21.9,2,3.2,2.8
2024/11/15 22:40,0,21.4,2,3.1,2.8
2024/11/15 22:45,0,20.8,2,3.1,2.9
2024/11/15 22:50,0,20.3,2,3.1,2.9
2024/11/15 22:55,0,19.8,2,3,3
2024/11/15 23:00,0,19.3,2,3,3
2024/11/15 23:05,0,18.8,2,2.9,3.1
2024/11/15 23:10,0,18.2,2,2.9,3.2
2024/11/15 23:15,0,17.7,2,2.8,3.4
2024/11/15 23:20,0,17.2,2,2.8,3.5
2024/11/15 23:25,0,16.7,2,2.7,3.6
2024/11/15 23:30,0,16.2,2,2.6,3.7
2024/11/15 23:35,0,15.6,2,2.6,3.8
2024/11/15 23:40,0,15.1,2,2.5,3.9
2024/11/15 23:45,0,14.6,2,2.5,4.1
2024/11/15 23:50,0,14,2,2.4,4.2
2024/11/15 23:55,0,13.5,2,2.4,4.3
2024/11/16 0:00,0,13,3,2.3,4.4
2024/11/16 0:05,0,12.5,3,2.2,4.4
2024/11/16 0:10,0,12,3,2.1,4.3
2024/11/16 0:15,0,11.5,3,2,4.3
2024/11/16 0:20,0,11,3,2,4.3
2024/11/16 0:25,0,10.5,3,1.9,4.2
2024/11/16 0:30,0,10,3,1.8,4.2
2024/11/16 0:35,0,9.5,3,1.7,4.2
2024/11/16 0:40,0,9,3,1.6,4.1
2024/11/16 0:45,0,8.5,3,1.6,4.1
2024/11/16 0:50,0,8,3,1.5,4.1
2024/11/16 0:55,0,7.5,3,1.4,4
2024/11/16 1:00,0,7,3,1.3,4
2024/11/16 1:05,0,7,3,1.3,4
2024/11/16 1:10,0,7.1,3,1.3,4
2024/11/16 1:15,0,7.1,3,1.2,4
2024/11/16 1:20,0,7.1,3,1.2,3.9
2024/11/16 1:25,0,7.2,3,1.2,3.9
2024/11/16 1:30,0,7.2,3,1.2,3.9
2024/11/16 1:35,0,7.2,3,1.2,3.9
2024/11/16 1:40,0,7.3,3,1.2,3.9
2024/11/16 1:45,0,7.3,3,1.2,3.8
2024/11/16 1:50,0,7.3,3,1.1,3.8
2024/11/16 1:55,0,7.4,3,1.1,3.8
2024/11/16 2:00,0,7.4,3,1.1,3.8
2024/11/16 2:05,0,7.8,3,1,3.8
2024/11/16 2:10,0,8.1,3,0.9,3.9
2024/11/16 2:15,0,8.5,3,0.8,4
2024/11/16 2:20,0,8.9,3,0.7,4
2024/11/16 2:25,0,9.2,3,0.6,4
2024/11/16 2:30,0,9.6,3,0.5,4.1
2024/11/16 2:35,0,10,3,0.4,4.2
2024/11/16 2:40,0,10.3,3,0.3,4.2
2024/11/16 2:45,0,10.7,3,0.2,4.2
2024/11/16 2:50,0,11.1,3,0.1,4.3
2024/11/16 2:55,0,11.4,3,0,4.4
2024/11/16 3:00,0,11.8,2,-0.1,4.4
2024/11/16 3:05,0,11.8,2,-0.2,4.3
2024/11/16 3:10,0,11.8,2,-0.3,4.2
2024/11/16 3:15,0,11.7,2,-0.4,4.2
2024/11/16 3:20,0,11.7,2,-0.4,4.1
2024/11/16 3:25,0,11.7,2,-0.5,4
2024/11/16 3:30,0,11.6,2,-0.6,4
2024/11/16 3:35,0,11.6,2,-0.7,3.9
2024/11/16 3:40,0,11.6,2,-0.8,3.8
2024/11/16 3:45,0,11.6,2,-0.8,3.7
2024/11/16 3:50,0,11.6,2,-0.9,3.6
2024/11/16 3:55,0,11.5,2,-1,3.6
2024/11/16 4:00,0,11.5,1,-1.1,3.5
2024/11/16 4:05,0,11.4,1,-1.2,3.4
2024/11/16 4:10,0,11.4,1,-1.2,3.4
2024/11/16 4:15,0,11.4,1,-1.3,3.3
2024/11/16 4:20,0,11.3,1,-1.4,3.2
2024/11/16 4:25,0,11.2,1,-1.4,3.1
2024/11/16 4:30,0,11.2,1,-1.5,3
2024/11/16 4:35,0,11.2,1,-1.6,3
2024/11/16 4:40,0,11.1,1,-1.6,2.9
2024/11/16 4:45,0,11,1,-1.7,2.8
2024/11/16 4:50,0,11,1,-1.8,2.8
2024/11/16 4:55,0,11,1,-1.8,2.7
2024/11/16 5:00,0,10.9,1,-1.9,2.6
2024/11/16 5:05,0,10.8,1,-1.9,2.8
2024/11/16 5:10,0,10.6,1,-1.9,3
2024/11/16 5:15,0,10.5,1,-1.8,3.2
2024/11/16 5:20,0,10.4,1,-1.8,3.5
2024/11/16 5:25,0,10.3,1,-1.8,3.7
2024/11/16 5:30,0,10.2,1,-1.8,3.9
2024/11/16 5:35,0,10,1,-1.8,4.1
2024/11/16 5:40,0,9.9,1,-1.8,4.3
2024/11/16 5:45,0,9.8,1,-1.8,4.6
2024/11/16 5:50,0,9.6,1,-1.7,4.8
2024/11/16 5:55,0,9.5,1,-1.7,5
2024/11/16 6:00,0,9.4,1,-1.7,5.2
2024/11/16 6:05,0,9.4,1,-1.7,5
2024/11/16 6:10,0,9.4,1,-1.8,4.9
2024/11/16 6:15,0,9.4,1,-1.8,4.7
2024/11/16 6:20,0,9.5,1,-1.8,4.5
2024/11/16 6:25,0,9.5,1,-1.8,4.3
2024/11/16 6:30,0,9.5,1,-1.8,4.2
2024/11/16 6:35,0,9.5,1,-1.9,4
2024/11/16 6:40,0,9.5,1,-1.9,3.8
2024/11/16 6:45,0,9.6,1,-1.9,3.6
2024/11/16 6:50,0,9.6,1,-2,3.4
2024/11/16 6:55,0,9.6,1,-2,3.3
2024/11/16 7:00,0,9.6,1,-2,3.1
2024/11/16 7:05,0,9.8,1,-2,3.2
2024/11/16 7:10,0,10.1,1,-1.9,3.3
2024/11/16 7:15,0,10.3,1,-1.9,3.4
2024/11/16 7:20,0,10.5,1,-1.9,3.4
2024/11/16 7:25,0,10.8,1,-1.8,3.5
2024/11/16 7:30,0,11,1,-1.8,3.6
2024/11/16 7:35,0,11.2,1,-1.8,3.7
2024/11/16 7:40,0,11.5,1,-1.7,3.8
2024/11/16 7:45,0,11.7,1,-1.7,3.8
2024/11/16 7:50,0,11.9,1,-1.7,3.9
2024/11/16 7:55,0,12.2,1,-1.6,4
2024/11/16 8:00,0,12.4,1,-1.6,4.1
2024/11/16 8:05,0,12.7,1,-1.5,4.1
2024/11/16 8:10,0,13,1,-1.4,4
2024/11/16 8:15,0,13.2,1,-1.2,4
2024/11/16 8:20,0,13.5,1,-1.1,4
2024/11/16 8:25,0,13.8,1,-1,4
2024/11/16 8:30,0,14,1,-0.8,4
2024/11/16 8:35,0,14.3,1,-0.7,3.9
2024/11/16 8:40,0,14.6,1,-0.6,3.9
2024/11/16 8:45,0,14.9,1,-0.5,3.9
2024/11/16 8:50,0,15.2,1,-0.4,3.8
2024/11/16 8:55,0,15.4,1,-0.2,3.8
2024/11/16 9:00,0,15.7,1,-0.1,3.8
2024/11/16 9:05,0,15.8,1,0,3.7
2024/11/16 9:10,0,16,1,0.2,3.7
2024/11/16 9:15,0,16.1,1,0.3,3.6
2024/11/16 9:20,0,16.3,1,0.5,3.6
2024/11/16 9:25,0,16.4,1,0.6,3.5
2024/11/16 9:30,0,16.5,1,0.8,3.4
2024/11/16 9:35,0,16.7,1,0.9,3.4
2024/11/16 9:40,0,16.8,1,1,3.3
2024/11/16 9:45,0,17,1,1.2,3.3
2024/11/16 9:50,0,17.1,1,1.3,3.2
2024/11/16 9:55,0,17.3,1,1.5,3.2
2024/11/16 10:00,0,17.4,2,1.6,3.1
2024/11/16 10:05,0,18.4,2,1.8,3.4
2024/11/16 10:10,0,19.5,2,2,3.8
2024/11/16 10:15,0,20.5,2,2.2,4.1
2024/11/16 10:20,0,21.6,2,2.4,4.5
2024/11/16 10:25,0,22.6,2,2.6,4.8
2024/11/16 10:30,0,23.7,2,2.8,5.2
2024/11/16 10:35,0,24.8,2,2.9,5.5
2024/11/16 10:40,0,25.8,2,3.1,5.8
2024/11/16 10:45,0,26.8,2,3.3,6.2
2024/11/16 10:50,0,27.9,2,3.5,6.5
2024/11/16 10:55,0,29,2,3.7,6.9
2024/11/16 11:00,0,30,1,3.9,7.2
2024/11/16 11:05,0,30,1,4,7.2
2024/11/16 11:10,0,30,1,4.1,7.3
2024/11/16 11:15,0,30,1,4.2,7.3
2024/11/16 11:20,0,30,1,4.3,7.4
2024/11/16 11:25,0,30,1,4.4,7.4
2024/11/16 11:30,0,30,1,4.4,7.4
2024/11/16 11:35,0,30,1,4.5,7.5
2024/11/16 11:40,0,30,1,4.6,7.5
2024/11/16 11:45,0,30,1,4.7,7.6
2024/11/16 11:50,0,30,1,4.8,7.6
2024/11/16 11:55,0,30,1,4.9,7.7
2024/11/16 12:00,0,30,1,5,7.7
2024/11/16 12:05,0,30,1,5,7.7
2024/11/16 12:10,0,30,1,5.1,7.7
2024/11/16 12:15,0,30,1,5.2,7.6
2024/11/16 12:20,0,30,1,5.2,7.6
2024/11/16 12:25,0,30,1,5.2,7.6
2024/11/16 12:30,0,30,1,5.3,7.6
2024/11/16 12:35,0,30,1,5.4,7.6
2024/11/16 12:40,0,30,1,5.4,7.6
2024/11/16 12:45,0,30,1,5.4,7.6
2024/11/16 12:50,0,30,1,5.5,7.5
2024/11/16 12:55,0,30,1,5.6,7.5
2024/11/16 13:00,0,30,3,5.6,7.5
2024/11/16 13:05,0,30,3,5.6,7.5
2024/11/16 13:10,0,30,3,5.7,7.5
2024/11/16 13:15,0,30,3,5.8,7.6
2024/11/16 13:20,0,30,3,5.8,7.6
2024/11/16 13:25,0,30,3,5.8,7.6
2024/11/16 13:30,0,30,3,5.9,7.6
2024/11/16 13:35,0,30,3,6,7.6
2024/11/16 13:40,0,30,3,6,7.6
2024/11/16 13:45,0,30,3,6,7.6
2024/11/16 13:50,0,30,3,6.1,7.7
2024/11/16 13:55,0,30,3,6.2,7.7
2024/11/16 14:00,0,30,1,6.2,7.7
2024/11/16 14:05,0,29.9,1,6.1,7.7
2024/11/16 14:10,0,29.9,1,6,7.6
2024/11/16 14:15,0,29.8,1,6,7.6
2024/11/16 14:20,0,29.7,1,5.9,7.6
2024/11/16 14:25,0,29.7,1,5.8,7.5
2024/11/16 14:30,0,29.6,1,5.8,7.5
2024/11/16 14:35,0,29.5,1,5.7,7.5
2024/11/16 14:40,0,29.5,1,5.6,7.4
2024/11/16 14:45,0,29.4,1,5.5,7.4
2024/11/16 14:50,0,29.3,1,5.4,7.4
2024/11/16 14:55,0,29.3,1,5.4,7.3
2024/11/16 15:00,0,29.2,2,5.3,7.3
2024/11/16 15:05,0,29.2,2,5.3,7
2024/11/16 15:10,0,29.1,2,5.2,6.8
2024/11/16 15:15,0,29,2,5.2,6.5
2024/11/16 15:20,0,29,2,5.1,6.3
2024/11/16 15:25,0,29,2,5.1,6
2024/11/16 15:30,0,28.9,2,5,5.8
2024/11/16 15:35,0,28.8,2,5,5.5
2024/11/16 15:40,0,28.8,2,5,5.2
2024/11/16 15:45,0,28.8,2,4.9,5
2024/11/16 15:50,0,28.7,2,4.9,4.7
2024/11/16 15:55,0,28.6,2,4.8,4.5
2024/11/16 16:00,0,28.6,1,4.8,4.2
2024/11/16 16:05,0,28.6,1,4.6,4.3
2024/11/16 16:10,0,28.7,1,4.4,4.3
2024/11/16 16:15,0,28.7,1,4.3,4.4
2024/11/16 16:20,0,28.7,1,4.1,4.5
2024/11/16 16:25,0,28.8,1,3.9,4.5
2024/11/16 16:30,0,28.8,1,3.8,4.6
2024/11/16 16:35,0,28.8,1,3.6,4.7
2024/11/16 16:40,0,28.9,1,3.4,4.7
2024/11/16 16:45,0,28.9,1,3.2,4.8
2024/11/16 16:50,0,28.9,1,3.1,4.9
2024/11/16 16:55,0,29,1,2.9,4.9
2024/11/16 17:00,0,29,1,2.7,5
2024/11/16 17:05,0,29.1,1,2.6,4.9
2024/11/16 17:10,0,29.2,1,2.5,4.8
2024/11/16 17:15,0,29.2,1,2.4,4.7
2024/11/16 17:20,0,29.3,1,2.3,4.6
2024/11/16 17:25,0,29.4,1,2.2,4.5
2024/11/16 17:30,0,29.5,1,2.2,4.4
2024/11/16 17:35,0,29.6,1,2.1,4.3
2024/11/16 17:40,0,29.7,1,2,4.2
2024/11/16 17:45,0,29.8,1,1.9,4.1
2024/11/16 17:50,0,29.8,1,1.8,4
2024/11/16 17:55,0,29.9,1,1.7,3.9
2024/11/16 18:00,0,30,2,1.6,3.8
2024/11/16 18:05,0,30,2,1.5,3.6
2024/11/16 18:10,0,30,2,1.5,3.5
2024/11/16 18:15,0,30,2,1.4,3.3
2024/11/16 18:20,0,30,2,1.3,3.1
2024/11/16 18:25,0,30,2,1.2,3
2024/11/16 18:30,0,30,2,1.2,2.8
2024/11/16 18:35,0,30,2,1.1,2.6
2024/11/16 18:40,0,30,2,1,2.5
2024/11/16 18:45,0,30,2,0.9,2.3
2024/11/16 18:50,0,30,2,0.8,2.1
2024/11/16 18:55,0,30,2,0.8,2
2024/11/16 19:00,0,30,2,0.7,1.8
2024/11/16 19:05,0,30,2,0.7,2
2024/11/16 19:10,0,30,2,0.7,2.2
2024/11/16 19:15,0,30,2,0.7,2.5
2024/11/16 19:20,0,30,2,0.7,2.7
2024/11/16 19:25,0,30,2,0.7,2.9
2024/11/16 19:30,0,30,2,0.7,3.2
2024/11/16 19:35,0,30,2,0.7,3.4
2024/11/16 19:40,0,30,2,0.7,3.6
2024/11/16 19:45,0,30,2,0.7,3.8
2024/11/16 19:50,0,30,2,0.7,4
2024/11/16 19:55,0,30,2,0.7,4.3
2024/11/16 20:00,0,30,1,0.7,4.5
2024/11/16 20:05,0,30,1,0.7,4.4
2024/11/16 20:10,0,30,1,0.7,4.3
2024/11/16 20:15,0,30,1,0.7,4.2
2024/11/16 20:20,0,30,1,0.7,4.1
2024/11/16 20:25,0,30,1,0.7,4
2024/11/16 20:30,0,30,1,0.6,3.9
2024/11/16 20:35,0,30,1,0.6,3.8
2024/11/16 20:40,0,30,1,0.6,3.7
2024/11/16 20:45,0,30,1,0.6,3.6
2024/11/16 20:50,0,30,1,0.6,3.5
2024/11/16 20:55,0,30,1,0.6,3.4
2024/11/16 21:00,0,30,1,0.6,3.3
2024/11/16 21:05,0,30,1,0.5,3.2
2024/11/16 21:10,0,30,1,0.4,3.1
2024/11/16 21:15,0,30,1,0.2,3
2024/11/16 21:20,0,30,1,0.1,3
2024/11/16 21:25,0,30,1,0,2.9
2024/11/16 21:30,0,30,1,-0.1,2.8
2024/11/16 21:35,0,30,1,-0.2,2.7
2024/11/16 21:40,0,30,1,-0.3,2.6
2024/11/16 21:45,0,30,1,-0.4,2.6
2024/11/16 21:50,0,30,1,-0.6,2.5
2024/11/16 21:55,0,30,1,-0.7,2.4
2024/11/16 22:00,0,30,1,-0.8,2.3
2024/11/16 22:05,0,30,1,-0.9,2.3
2024/11/16 22:10,0,30,1,-1,2.4
2024/11/16 22:15,0,30,1,-1.2,2.4
2024/11/16 22:20,0,30,1,-1.3,2.5
2024/11/16 22:25,0,30,1,-1.4,2.5
2024/11/16 22:30,0,30,1,-1.5,2.6
2024/11/16 22:35,0,30,1,-1.6,2.6
2024/11/16 22:40,0,30,1,-1.7,2.6
2024/11/16 22:45,0,30,1,-1.8,2.7
2024/11/16 22:50,0,30,1,-2,2.7
2024/11/16 22:55,0,30,1,-2.1,2.8
2024/11/16 23:00,0,30,1,-2.2,2.8
2024/11/16 23:05,0,30,1,-2.4,2.6
2024/11/16 23:10,0,30,1,-2.5,2.5
2024/11/16 23:15,0,30,1,-2.7,2.3
2024/11/16 23:20,0,30,1,-2.8,2.2
2024/11/16 23:25,0,30,1,-3,2
2024/11/16 23:30,0,30,1,-3.1,1.8
2024/11/16 23:35,0,30,1,-3.2,1.7
2024/11/16 23:40,0,30,1,-3.4,1.5
2024/11/16 23:45,0,30,1,-3.6,1.4
2024/11/16 23:50,0,30,1,-3.7,1.2
2024/11/16 23:55,0,30,1,-3.8,1.1
2024/11/17 0:00,0,30,3,-4,0.9
2024/11/17 0:05,0,30,3,-4.1,1
2024/11/17 0:10,0,30,3,-4.3,1.1
2024/11/17 0:15,0,30,3,-4.4,1.2
2024/11/17 0:20,0,30,3,-4.5,1.3
2024/11/17 0:25,0,30,3,-4.7,1.4
2024/11/17 0:30,0,30,3,-4.8,1.5
2024/11/17 0:35,0,30,3,-4.9,1.5
2024/11/17 0:40,0,30,3,-5.1,1.6
2024/11/17 0:45,0,30,3,-5.2,1.7
2024/11/17 0:50,0,30,3,-5.3,1.8
2024/11/17 0:55,0,30,3,-5.5,1.9
2024/11/17 1:00,0,30,3,-5.6,2
2024/11/17 1:05,0,30,3,-5.6,2
2024/11/17 1:10,0,30,3,-5.7,2
2024/11/17 1:15,0,30,3,-5.7,2
2024/11/17 1:20,0,30,3,-5.8,2
2024/11/17 1:25,0,30,3,-5.8,2
2024/11/17 1:30,0,30,3,-5.8,2
2024/11/17 1:35,0,30,3,-5.9,2.1
2024/11/17 1:40,0,30,3,-5.9,2.1
2024/11/17 1:45,0,30,3,-6,2.1
2024/11/17 1:50,0,30,3,-6,2.1
2024/11/17 1:55,0,30,3,-6.1,2.1
2024/11/17 2:00,0,30,3,-6.1,2.1
2024/11/17 2:05,0,30,3,-6.2,2
2024/11/17 2:10,0,30,3,-6.3,1.9
2024/11/17 2:15,0,30,3,-6.4,1.8
2024/11/17 2:20,0,30,3,-6.5,1.7
2024/11/17 2:25,0,30,3,-6.6,1.6
2024/11/17 2:30,0,30,3,-6.6,1.5
2024/11/17 2:35,0,30,3,-6.7,1.4
2024/11/17 2:40,0,30,3,-6.8,1.3
2024/11/17 2:45,0,30,3,-6.9,1.2
2024/11/17 2:50,0,30,3,-7,1.1
2024/11/17 2:55,0,30,3,-7.1,1
2024/11/17 3:00,0,30,3,-7.2,0.9
2024/11/17 3:05,0,30,3,-7.2,1
2024/11/17 3:10,0,30,3,-7.1,1
2024/11/17 3:15,0,30,3,-7,1.1
2024/11/17 3:20,0,30,3,-7,1.2
2024/11/17 3:25,0,30,3,-7,1.3
2024/11/17 3:30,0,30,3,-6.9,1.4
2024/11/17 3:35,0,30,3,-6.8,1.4
2024/11/17 3:40,0,30,3,-6.8,1.5
2024/11/17 3:45,0,30,3,-6.8,1.6
2024/11/17 3:50,0,30,3,-6.7,1.6
2024/11/17 3:55,0,30,3,-6.6,1.7
2024/11/17 4:00,0,30,3,-6.6,1.8
2024/11/17 4:05,0,30,3,-6.6,1.8
2024/11/17 4:10,0,30,3,-6.5,1.8
2024/11/17 4:15,0,30,3,-6.4,1.9
2024/11/17 4:20,0,30,3,-6.4,1.9
2024/11/17 4:25,0,30,3,-6.4,1.9
2024/11/17 4:30,0,30,3,-6.3,2
2024/11/17 4:35,0,30,3,-6.2,2
2024/11/17 4:40,0,30,3,-6.2,2
2024/11/17 4:45,0,30,3,-6.2,2
2024/11/17 4:50,0,30,3,-6.1,2.1
2024/11/17 4:55,0,30,3,-6,2.1
2024/11/17 5:00,0,30,1,-6,2.1
2024/11/17 5:05,0,30,1,-6.1,2
2024/11/17 5:10,0,30,1,-6.2,2
2024/11/17 5:15,0,30,1,-6.2,1.9
2024/11/17 5:20,0,30,1,-6.3,1.8
2024/11/17 5:25,0,30,1,-6.4,1.7
2024/11/17 5:30,0,30,1,-6.4,1.6
2024/11/17 5:35,0,30,1,-6.5,1.6
2024/11/17 5:40,0,30,1,-6.6,1.5
2024/11/17 5:45,0,30,1,-6.7,1.4
2024/11/17 5:50,0,30,1,-6.8,1.4
2024/11/17 5:55,0,30,1,-6.8,1.3
2024/11/17 6:00,0,30,1,-6.9,1.2
2024/11/17 6:05,0,30,1,-7,1.2
2024/11/17 6:10,0,30,1,-7.2,1.2
2024/11/17 6:15,0,30,1,-7.3,1.2
2024/11/17 6:20,0,30,1,-7.5,1.2
2024/11/17 6:25,0,30,1,-7.6,1.2
2024/11/17 6:30,0,30,1,-7.8,1.2
2024/11/17 6:35,0,30,1,-7.9,1.1
2024/11/17 6:40,0,30,1,-8,1.1
2024/11/17 6:45,0,30,1,-8.2,1.1
2024/11/17 6:50,0,30,1,-8.3,1.1
2024/11/17 6:55,0,30,1,-8.5,1.1
2024/11/17 7:00,0,30,3,-8.6,1.1
2024/11/17 7:05,0,30,3,-8.4,1.1
2024/11/17 7:10,0,30,3,-8.2,1.1
2024/11/17 7:15,0,30,3,-8,1.1
2024/11/17 7:20,0,30,3,-7.8,1.1
2024/11/17 7:25,0,30,3,-7.6,1.1
2024/11/17 7:30,0,30,3,-7.4,1.2
2024/11/17 7:35,0,30,3,-7.2,1.2
2024/11/17 7:40,0,30,3,-7,1.2
2024/11/17 7:45,0,30,3,-6.8,1.2
2024/11/17 7:50,0,30,3,-6.6,1.2
2024/11/17 7:55,0,30,3,-6.4,1.2
2024/11/17 8:00,0,30,1,-6.2,1.2
2024/11/17 8:05,0,29,1,-5.8,1.2
2024/11/17 8:10,0,28,1,-5.4,1.3
2024/11/17 8:15,0,27.1,1,-5,1.3
2024/11/17 8:20,0,26.1,1,-4.5,1.3
2024/11/17 8:25,0,25.1,1,-4.1,1.4
2024/11/17 8:30,0,24.2,1,-3.7,1.4
2024/11/17 8:35,0,23.2,1,-3.3,1.4
2024/11/17 8:40,0,22.2,1,-2.9,1.5
2024/11/17 8:45,0,21.2,1,-2.4,1.5
2024/11/17 8:50,0,20.2,1,-2,1.5
2024/11/17 8:55,0,19.3,1,-1.6,1.6
2024/11/17 9:00,0,18.3,1,-1.2,1.6
2024/11/17 9:05,0,18.3,1,-1,1.7
2024/11/17 9:10,0,18.3,1,-0.9,1.9
2024/11/17 9:15,0,18.3,1,-0.7,2
2024/11/17 9:20,0,18.3,1,-0.5,2.1
2024/11/17 9:25,0,18.3,1,-0.4,2.3
2024/11/17 9:30,0,18.3,1,-0.2,2.4
2024/11/17 9:35,0,18.3,1,0,2.5
2024/11/17 9:40,0,18.3,1,0.1,2.7
2024/11/17 9:45,0,18.3,1,0.3,2.8
2024/11/17 9:50,0,18.3,1,0.5,2.9
2024/11/17 9:55,0,18.3,1,0.6,3.1
2024/11/17 10:00,0,18.3,1,0.8,3.2
2024/11/17 10:05,0,18.7,1,0.9,3.1
2024/11/17 10:10,0,19.2,1,1,3
2024/11/17 10:15,0,19.6,1,1.1,2.9
2024/11/17 10:20,0,20,1,1.2,2.8
2024/11/17 10:25,0,20.4,1,1.3,2.7
2024/11/17 10:30,0,20.8,1,1.4,2.7
2024/11/17 10:35,0,21.3,1,1.4,2.6
2024/11/17 10:40,0,21.7,1,1.5,2.5
2024/11/17 10:45,0,22.1,1,1.6,2.4
2024/11/17 10:50,0,22.5,1,1.7,2.3
2024/11/17 10:55,0,23,1,1.8,2.2
2024/11/17 11:00,0,23.4,1,1.9,2.1
2024/11/17 11:05,0,23.8,1,2,2
2024/11/17 11:10,0,24.3,1,2.1,2
2024/11/17 11:15,0,24.8,1,2.2,1.9
2024/11/17 11:20,0,25.2,1,2.3,1.8
2024/11/17 11:25,0,25.6,1,2.4,1.8
2024/11/17 11:30,0,26.1,1,2.6,1.7
2024/11/17 11:35,0,26.6,1,2.7,1.6
2024/11/17 11:40,0,27,1,2.8,1.6
2024/11/17 11:45,0,27.4,1,2.9,1.5
2024/11/17 11:50,0,27.9,1,3,1.4
2024/11/17 11:55,0,28.4,1,3.1,1.4
2024/11/17 12:00,0,28.8,1,3.2,1.3
2024/11/17 12:05,0,28.6,1,3.3,1.4
2024/11/17 12:10,0,28.4,1,3.4,1.6
2024/11/17 12:15,0,28.2,1,3.5,1.7
2024/11/17 12:20,0,27.9,1,3.6,1.8
2024/11/17 12:25,0,27.7,1,3.7,1.9
2024/11/17 12:30,0,27.5,1,3.8,2
2024/11/17 12:35,0,27.3,1,3.9,2.2
2024/11/17 12:40,0,27.1,1,4,2.3
2024/11/17 12:45,0,26.8,1,4.1,2.4
2024/11/17 12:50,0,26.6,1,4.2,2.6
2024/11/17 12:55,0,26.4,1,4.3,2.7
2024/11/17 13:00,0,26.2,3,4.4,2.8
2024/11/17 13:05,0,26.5,3,4.5,2.7
2024/11/17 13:10,0,26.7,3,4.5,2.6
2024/11/17 13:15,0,27,3,4.6,2.4
2024/11/17 13:20,0,27.2,3,4.6,2.3
2024/11/17 13:25,0,27.5,3,4.7,2.2
2024/11/17 13:30,0,27.8,3,4.8,2
2024/11/17 13:35,0,28,3,4.8,1.9
2024/11/17 13:40,0,28.3,3,4.9,1.8
2024/11/17 13:45,0,28.5,3,4.9,1.7
2024/11/17 13:50,0,28.8,3,5,1.6
2024/11/17 13:55,0,29,3,5,1.4
2024/11/17 14:00,0,29.3,3,5.1,1.3
2024/11/17 14:05,0,29.4,3,5.1,1.4
2024/11/17 14:10,0,29.4,3,5.1,1.4
2024/11/17 14:15,0,29.5,3,5.1,1.4
2024/11/17 14:20,0,29.5,3,5.1,1.5
2024/11/17 14:25,0,29.6,3,5.1,1.6
2024/11/17 14:30,0,29.6,3,5.1,1.6
2024/11/17 14:35,0,29.7,3,5.1,1.6
2024/11/17 14:40,0,29.8,3,5.1,1.7
2024/11/17 14:45,0,29.8,3,5.1,1.8
2024/11/17 14:50,0,29.9,3,5.1,1.8
2024/11/17 14:55,0,29.9,3,5.1,1.8
2024/11/17 15:00,0,30,1,5.1,1.9
2024/11/17 15:05,0,30,1,5.1,1.9
2024/11/17 15:10,0,29.9,1,5,1.8
2024/11/17 15:15,0,29.9,1,5,1.8
2024/11/17 15:20,0,29.8,1,5,1.8
2024/11/17 15:25,0,29.8,1,5,1.7
2024/11/17 15:30,0,29.8,1,4.9,1.7
2024/11/17 15:35,0,29.7,1,4.9,1.7
2024/11/17 15:40,0,29.7,1,4.9,1.6
2024/11/17 15:45,0,29.6,1,4.9,1.6
2024/11/17 15:50,0,29.6,1,4.8,1.6
2024/11/17 15:55,0,29.5,1,4.8,1.5
2024/11/17 16:00,0,29.5,1,4.8,1.5
2024/11/17 16:05,0,29.4,1,4.6,1.4
2024/11/17 16:10,0,29.3,1,4.4,1.4
2024/11/17 16:15,0,29.2,1,4.1,1.4
2024/11/17 16:20,0,29.1,1,3.9,1.3
2024/11/17 16:25,0,29,1,3.7,1.2
2024/11/17 16:30,0,29,1,3.4,1.2
2024/11/17 16:35,0,28.9,1,3.2,1.2
2024/11/17 16:40,0,28.8,1,3,1.1
2024/11/17 16:45,0,28.7,1,2.8,1
2024/11/17 16:50,0,28.6,1,2.6,1
2024/11/17 16:55,0,28.5,1,2.3,1
2024/11/17 17:00,0,28.4,1,2.1,0.9
2024/11/17 17:05,0,28.2,1,1.7,1
2024/11/17 17:10,0,27.9,1,1.3,1.1
2024/11/17 17:15,0,27.7,1,0.9,1.2
2024/11/17 17:20,0,27.4,1,0.5,1.3
2024/11/17 17:25,0,27.2,1,0.1,1.4
2024/11/17 17:30,0,27,1,-0.2,1.5
2024/11/17 17:35,0,26.7,1,-0.6,1.6
2024/11/17 17:40,0,26.5,1,-1,1.7
2024/11/17 17:45,0,26.2,1,-1.4,1.8
2024/11/17 17:50,0,26,1,-1.8,1.9
2024/11/17 17:55,0,25.7,1,-2.2,2
2024/11/17 18:00,0,25.5,1,-2.6,2.1
2024/11/17 18:05,0,25,1,-2.7,2.1
2024/11/17 18:10,0,24.4,1,-2.8,2.1
2024/11/17 18:15,0,23.8,1,-2.9,2.1
2024/11/17 18:20,0,23.3,1,-3,2.1
2024/11/17 18:25,0,22.8,1,-3.1,2.1
2024/11/17 18:30,0,22.2,1,-3.2,2
2024/11/17 18:35,0,21.6,1,-3.2,2
2024/11/17 18:40,0,21.1,1,-3.3,2
2024/11/17 18:45,0,20.5,1,-3.4,2
2024/11/17 18:50,0,20,1,-3.5,2
2024/11/17 18:55,0,19.4,1,-3.6,2
2024/11/17 19:00,0,18.9,1,-3.7,2
2024/11/17 19:05,0,18.7,1,-3.8,1.9
2024/11/17 19:10,0,18.5,1,-3.9,1.9
2024/11/17 19:15,0,18.3,1,-4,1.8
2024/11/17 19:20,0,18.1,1,-4,1.7
2024/11/17 19:25,0,17.9,1,-4.1,1.7
2024/11/17 19:30,0,17.8,1,-4.2,1.6
2024/11/17 19:35,0,17.6,1,-4.3,1.5
2024/11/17 19:40,0,17.4,1,-4.4,1.5
2024/11/17 19:45,0,17.2,1,-4.4,1.4
2024/11/17 19:50,0,17,1,-4.5,1.3
2024/11/17 19:55,0,16.8,1,-4.6,1.3
2024/11/17 20:00,0,16.6,1,-4.7,1.2
2024/11/17 20:05,0,16.5,1,-4.6,1.3
2024/11/17 20:10,0,16.5,1,-4.6,1.4
2024/11/17 20:15,0,16.4,1,-4.5,1.6
2024/11/17 20:20,0,16.4,1,-4.4,1.7
2024/11/17 20:25,0,16.3,1,-4.3,1.8
2024/11/17 20:30,0,16.2,1,-4.2,1.9
2024/11/17 20:35,0,16.2,1,-4.2,2
2024/11/17 20:40,0,16.1,1,-4.1,2.1
2024/11/17 20:45,0,16.1,1,-4,2.2
2024/11/17 20:50,0,16,1,-4,2.4
2024/11/17 20:55,0,16,1,-3.9,2.5
2024/11/17 21:00,0,15.9,1,-3.8,2.6
2024/11/17 21:05,0,15.8,1,-4,2.5
2024/11/17 21:10,0,15.8,1,-4.2,2.3
2024/11/17 21:15,0,15.7,1,-4.4,2.2
2024/11/17 21:20,0,15.7,1,-4.5,2.1
2024/11/17 21:25,0,15.6,1,-4.7,1.9
2024/11/17 21:30,0,15.6,1,-4.9,1.8
2024/11/17 21:35,0,15.5,1,-5.1,1.7
2024/11/17 21:40,0,15.4,1,-5.3,1.5
2024/11/17 21:45,0,15.4,1,-5.4,1.4
2024/11/17 21:50,0,15.3,1,-5.6,1.3
2024/11/17 21:55,0,15.3,1,-5.8,1.1
2024/11/17 22:00,0,15.2,1,-6,1
2024/11/17 22:05,0,15,1,-5.8,1.1
2024/11/17 22:10,0,14.8,1,-5.7,1.2
2024/11/17 22:15,0,14.6,1,-5.5,1.4
2024/11/17 22:20,0,14.4,1,-5.3,1.5
2024/11/17 22:25,0,14.2,1,-5.2,1.6
2024/11/17 22:30,0,14,1,-5,1.7
2024/11/17 22:35,0,13.9,1,-4.8,1.8
2024/11/17 22:40,0,13.7,1,-4.7,1.9
2024/11/17 22:45,0,13.5,1,-4.5,2
2024/11/17 22:50,0,13.3,1,-4.3,2.2
2024/11/17 22:55,0,13.1,1,-4.2,2.3
2024/11/17 23:00,0,12.9,2,-4,2.4
2024/11/17 23:05,0,13.3,2,-3.9,2.5
2024/11/17 23:10,0,13.8,2,-3.8,2.6
2024/11/17 23:15,0,14.2,2,-3.7,2.6
2024/11/17 23:20,0,14.6,2,-3.6,2.7
2024/11/17 23:25,0,15.1,2,-3.5,2.8
2024/11/17 23:30,0,15.5,2,-3.4,2.8
2024/11/17 23:35,0,15.9,2,-3.3,2.9
2024/11/17 23:40,0,16.4,2,-3.2,3
2024/11/17 23:45,0,16.8,2,-3.1,3.1
2024/11/17 23:50,0,17.2,2,-3,3.2
2024/11/17 23:55,0,17.7,2,-2.9,3.2
2024/11/18 0:00,0,18.1,3,-2.8,3.3
2024/11/18 0:05,0,18.2,3,-2.8,3.2
2024/11/18 0:10,0,18.2,3,-2.9,3.2
2024/11/18 0:15,0,18.3,3,-2.9,3.1
2024/11/18 0:20,0,18.4,3,-2.9,3
2024/11/18 0:25,0,18.4,3,-3,2.9
2024/11/18 0:30,0,18.5,3,-3,2.8
2024/11/18 0:35,0,18.6,3,-3,2.8
2024/11/18 0:40,0,18.6,3,-3.1,2.7
2024/11/18 0:45,0,18.7,3,-3.1,2.6
2024/11/18 0:50,0,18.8,3,-3.1,2.6
2024/11/18 0:55,0,18.8,3,-3.2,2.5
2024/11/18 1:00,0,18.9,2,-3.2,2.4
2024/11/18 1:05,0,18.7,2,-3.3,2.5
2024/11/18 1:10,0,18.4,2,-3.4,2.5
2024/11/18 1:15,0,18.2,2,-3.5,2.6
2024/11/18 1:20,0,17.9,2,-3.6,2.6
2024/11/18 1:25,0,17.7,2,-3.7,2.7
2024/11/18 1:30,0,17.4,2,-3.8,2.8
2024/11/18 1:35,0,17.2,2,-4,2.8
2024/11/18 1:40,0,17,2,-4.1,2.9
2024/11/18 1:45,0,16.7,2,-4.2,2.9
2024/11/18 1:50,0,16.5,2,-4.3,3
2024/11/18 1:55,0,16.2,2,-4.4,3
2024/11/18 2:00,0,16,3,-4.5,3.1
2024/11/18 2:05,0,16,3,-4.4,3.1
2024/11/18 2:10,0,16,3,-4.3,3.1
2024/11/18 2:15,0,16,3,-4.2,3.1
2024/11/18 2:20,0,16,3,-4.2,3.1
2024/11/18 2:25,0,16,3,-4.1,3.1
2024/11/18 2:30,0,16,3,-4,3.2
2024/11/18 2:35,0,16.1,3,-3.9,3.2
2024/11/18 2:40,0,16.1,3,-3.8,3.2
2024/11/18 2:45,0,16.1,3,-3.8,3.2
2024/11/18 2:50,0,16.1,3,-3.7,3.2
2024/11/18 2:55,0,16.1,3,-3.6,3.2
2024/11/18 3:00,0,16.1,3,-3.5,3.2
2024/11/18 3:05,0,16.1,3,-3.5,3.2
2024/11/18 3:10,0,16.1,3,-3.5,3.2
2024/11/18 3:15,0,16.1,3,-3.6,3.2
2024/11/18 3:20,0,16.1,3,-3.6,3.3
2024/11/18 3:25,0,16.1,3,-3.6,3.3
2024/11/18 3:30,0,16.2,3,-3.6,3.3
2024/11/18 3:35,0,16.2,3,-3.6,3.3
2024/11/18 3:40,0,16.2,3,-3.6,3.3
2024/11/18 3:45,0,16.2,3,-3.6,3.4
2024/11/18 3:50,0,16.2,3,-3.7,3.4
2024/11/18 3:55,0,16.2,3,-3.7,3.4
2024/11/18 4:00,0,16.2,3,-3.7,3.4
2024/11/18 4:05,0,16.2,3,-3.7,3.5
2024/11/18 4:10,0,16.2,3,-3.8,3.6
2024/11/18 4:15,0,16.2,3,-3.8,3.6
2024/11/18 4:20,0,16.2,3,-3.8,3.7
2024/11/18 4:25,0,16.2,3,-3.8,3.8
2024/11/18 4:30,0,16.2,3,-3.8,3.8
2024/11/18 4:35,0,16.2,3,-3.9,3.9
2024/11/18 4:40,0,16.2,3,-3.9,4
2024/11/18 4:45,0,16.2,3,-3.9,4.1
2024/11/18 4:50,0,16.2,3,-4,4.2
2024/11/18 4:55,0,16.2,3,-4,4.2
2024/11/18 5:00,0,16.2,2,-4,4.3
2024/11/18 5:05,0,16.4,2,-4,4.4
2024/11/18 5:10,0,16.6,2,-4,4.6
2024/11/18 5:15,0,16.9,2,-4,4.7
2024/11/18 5:20,0,17.1,2,-4,4.8
2024/11/18 5:25,0,17.3,2,-4,5
2024/11/18 5:30,0,17.5,2,-4,5.1
2024/11/18 5:35,0,17.8,2,-4.1,5.2
2024/11/18 5:40,0,18,2,-4.1,5.4
2024/11/18 5:45,0,18.2,2,-4.1,5.5
2024/11/18 5:50,0,18.4,2,-4.1,5.6
2024/11/18 5:55,0,18.7,2,-4.1,5.8
2024/11/18 6:00,0,18.9,3,-4.1,5.9
2024/11/18 6:05,0,18.7,3,-4.1,5.8
2024/11/18 6:10,0,18.5,3,-4,5.7
2024/11/18 6:15,0,18.4,3,-4,5.6
2024/11/18 6:20,0,18.2,3,-4,5.5
2024/11/18 6:25,0,18,3,-3.9,5.4
2024/11/18 6:30,0,17.8,3,-3.9,5.4
2024/11/18 6:35,0,17.7,3,-3.9,5.3
2024/11/18 6:40,0,17.5,3,-3.8,5.2
2024/11/18 6:45,0,17.3,3,-3.8,5.1
2024/11/18 6:50,0,17.2,3,-3.8,5
2024/11/18 6:55,0,17,3,-3.7,4.9
2024/11/18 7:00,0,16.8,3,-3.7,4.8
2024/11/18 7:05,0,16.8,3,-3.7,4.8
2024/11/18 7:10,0,16.7,3,-3.7,4.7
2024/11/18 7:15,0,16.6,3,-3.7,4.7
2024/11/18 7:20,0,16.6,3,-3.7,4.7
2024/11/18 7:25,0,16.6,3,-3.7,4.6
2024/11/18 7:30,0,16.5,3,-3.7,4.6
2024/11/18 7:35,0,16.4,3,-3.7,4.6
2024/11/18 7:40,0,16.4,3,-3.7,4.5
2024/11/18 7:45,0,16.4,3,-3.7,4.5
2024/11/18 7:50,0,16.3,3,-3.7,4.5
2024/11/18 7:55,0,16.2,3,-3.7,4.4
2024/11/18 8:00,0,16.2,2,-3.7,4.4
2024/11/18 8:05,0,16.4,2,-3.5,4.4
2024/11/18 8:10,0,16.6,2,-3.3,4.5
2024/11/18 8:15,0,16.8,2,-3.2,4.6
2024/11/18 8:20,0,16.9,2,-3,4.6
2024/11/18 8:25,0,17.1,2,-2.8,4.6
2024/11/18 8:30,0,17.3,2,-2.6,4.7
2024/11/18 8:35,0,17.5,2,-2.4,4.8
2024/11/18 8:40,0,17.7,2,-2.2,4.8
2024/11/18 8:45,0,17.8,2,-2,4.8
2024/11/18 8:50,0,18,2,-1.9,4.9
2024/11/18 8:55,0,18.2,2,-1.7,5
2024/11/18 9:00,0,18.4,3,-1.5,5
2024/11/18 9:05,0,18.6,3,-1.3,5
2024/11/18 9:10,0,18.9,3,-1.1,5
2024/11/18 9:15,0,19.1,3,-0.9,5.1
2024/11/18 9:20,0,19.4,3,-0.7,5.1
2024/11/18 9:25,0,19.6,3,-0.5,5.1
2024/11/18 9:30,0,19.8,3,-0.4,5.2
2024/11/18 9:35,0,20.1,3,-0.2,5.2
2024/11/18 9:40,0,20.3,3,0,5.2
2024/11/18 9:45,0,20.6,3,0.2,5.2
2024/11/18 9:50,0,20.8,3,0.4,5.2
2024/11/18 9:55,0,21.1,3,0.6,5.3
2024/11/18 10:00,0,21.3,3,0.8,5.3
2024/11/18 10:05,0,21.6,3,1,5.4
2024/11/18 10:10,0,21.9,3,1.2,5.5
2024/11/18 10:15,0,22.2,3,1.3,5.6
2024/11/18 10:20,0,22.5,3,1.5,5.6
2024/11/18 10:25,0,22.8,3,1.7,5.7
2024/11/18 10:30,0,23,3,1.8,5.8
2024/11/18 10:35,0,23.3,3,2,5.9
2024/11/18 10:40,0,23.6,3,2.2,6
2024/11/18 10:45,0,23.9,3,2.4,6
2024/11/18 10:50,0,24.2,3,2.6,6.1
2024/11/18 10:55,0,24.5,3,2.7,6.2
2024/11/18 11:00,0,24.8,1,2.9,6.3
2024/11/18 11:05,0,25.2,1,3,6.2
2024/11/18 11:10,0,25.7,1,3.1,6.1
2024/11/18 11:15,0,26.1,1,3.2,6
2024/11/18 11:20,0,26.5,1,3.3,6
2024/11/18 11:25,0,27,1,3.4,5.9
2024/11/18 11:30,0,27.4,1,3.4,5.8
2024/11/18 11:35,0,27.8,1,3.5,5.7
2024/11/18 11:40,0,28.3,1,3.6,5.6
2024/11/18 11:45,0,28.7,1,3.7,5.6
2024/11/18 11:50,0,29.1,1,3.8,5.5
2024/11/18 11:55,0,29.6,1,3.9,5.4
2024/11/18 12:00,0,30,1,4,5.3
2024/11/18 12:05,0,29.6,1,4.1,5.3
2024/11/18 12:10,0,29.1,1,4.2,5.2
2024/11/18 12:15,0,28.6,1,4.4,5.2
2024/11/18 12:20,0,28.2,1,4.5,5.2
2024/11/18 12:25,0,27.8,1,4.6,5.2
2024/11/18 12:30,0,27.3,1,4.7,5.2
2024/11/18 12:35,0,26.8,1,4.8,5.1
2024/11/18 12:40,0,26.4,1,4.9,5.1
2024/11/18 12:45,0,26,1,5.1,5.1
2024/11/18 12:50,0,25.5,1,5.2,5
2024/11/18 12:55,0,25,1,5.3,5
2024/11/18 13:00,0,24.6,3,5.4,5
2024/11/18 13:05,0,24.6,3,5.4,5
2024/11/18 13:10,0,24.6,3,5.5,5
2024/11/18 13:15,0,24.6,3,5.5,5.1
2024/11/18 13:20,0,24.6,3,5.6,5.1
2024/11/18 13:25,0,24.6,3,5.6,5.1
2024/11/18 13:30,0,24.6,3,5.6,5.2
2024/11/18 13:35,0,24.5,3,5.7,5.2
2024/11/18 13:40,0,24.5,3,5.7,5.2
2024/11/18 13:45,0,24.5,3,5.8,5.2
2024/11/18 13:50,0,24.5,3,5.8,5.2
2024/11/18 13:55,0,24.5,3,5.9,5.3
2024/11/18 14:00,0,24.5,2,5.9,5.3
2024/11/18 14:05,0,24.6,2,6,5.2
2024/11/18 14:10,0,24.8,2,6,5
2024/11/18 14:15,0,24.9,2,6.1,4.9
2024/11/18 14:20,0,25,2,6.1,4.8
2024/11/18 14:25,0,25.1,2,6.2,4.7
2024/11/18 14:30,0,25.2,2,6.2,4.6
2024/11/18 14:35,0,25.4,2,6.2,4.4
2024/11/18 14:40,0,25.5,2,6.3,4.3
2024/11/18 14:45,0,25.6,2,6.4,4.2
2024/11/18 14:50,0,25.8,2,6.4,4
2024/11/18 14:55,0,25.9,2,6.4,3.9
2024/11/18 15:00,0,26,3,6.5,3.8
2024/11/18 15:05,0,26.1,3,6.4,3.8
2024/11/18 15:10,0,26.3,3,6.4,3.9
2024/11/18 15:15,0,26.4,3,6.3,3.9
2024/11/18 15:20,0,26.6,3,6.2,4
2024/11/18 15:25,0,26.7,3,6.2,4
2024/11/18 15:30,0,26.8,3,6.1,4
2024/11/18 15:35,0,27,3,6,4.1
2024/11/18 15:40,0,27.1,3,6,4.1
2024/11/18 15:45,0,27.3,3,5.9,4.2
2024/11/18 15:50,0,27.4,3,5.8,4.2
2024/11/18 15:55,0,27.6,3,5.8,4.3
2024/11/18 16:00,0,27.7,3,5.7,4.3
2024/11/18 16:05,0,27.4,3,5.5,4.2
2024/11/18 16:10,0,27,3,5.2,4.1
2024/11/18 16:15,0,26.6,3,5,4
2024/11/18 16:20,0,26.3,3,4.8,4
2024/11/18 16:25,0,26,3,4.5,3.9
2024/11/18 16:30,0,25.6,3,4.3,3.8
2024/11/18 16:35,0,25.2,3,4.1,3.7
2024/11/18 16:40,0,24.9,3,3.8,3.6
2024/11/18 16:45,0,24.6,3,3.6,3.6
2024/11/18 16:50,0,24.2,3,3.4,3.5
2024/11/18 16:55,0,23.8,3,3.1,3.4
2024/11/18 17:00,0,23.5,2,2.9,3.3
2024/11/18 17:05,0,23,2,2.8,3.3
2024/11/18 17:10,0,22.5,2,2.7,3.2
2024/11/18 17:15,0,22,2,2.6,3.2
2024/11/18 17:20,0,21.5,2,2.6,3.2
2024/11/18 17:25,0,21,2,2.5,3.2
2024/11/18 17:30,0,20.5,2,2.4,3.2
2024/11/18 17:35,0,20,2,2.3,3.1
2024/11/18 17:40,0,19.5,2,2.2,3.1
2024/11/18 17:45,0,19,2,2.2,3.1
2024/11/18 17:50,0,18.5,2,2.1,3
2024/11/18 17:55,0,18,2,2,3
2024/11/18 18:00,0,17.5,2,1.9,3
2024/11/18 18:05,0,17.8,2,1.9,3.1
2024/11/18 18:10,0,18.1,2,1.8,3.2
2024/11/18 18:15,0,18.4,2,1.8,3.3
2024/11/18 18:20,0,18.8,2,1.7,3.4
2024/11/18 18:25,0,19.1,2,1.7,3.5
2024/11/18 18:30,0,19.4,2,1.6,3.6
2024/11/18 18:35,0,19.7,2,1.6,3.6
2024/11/18 18:40,0,20,2,1.6,3.7
2024/11/18 18:45,0,20.4,2,1.5,3.8
2024/11/18 18:50,0,20.7,2,1.5,3.9
2024/11/18 18:55,0,21,2,1.4,4
2024/11/18 19:00,0,21.3,2,1.4,4.1
2024/11/18 19:05,0,21.4,2,1.4,3.9
2024/11/18 19:10,0,21.4,2,1.4,3.7
2024/11/18 19:15,0,21.5,2,1.4,3.5
2024/11/18 19:20,0,21.6,2,1.4,3.3
2024/11/18 19:25,0,21.7,2,1.4,3.1
2024/11/18 19:30,0,21.8,2,1.4,2.9
2024/11/18 19:35,0,21.8,2,1.5,2.7
2024/11/18 19:40,0,21.9,2,1.5,2.5
2024/11/18 19:45,0,22,2,1.5,2.3
2024/11/18 19:50,0,22,2,1.5,2.1
2024/11/18 19:55,0,22.1,2,1.5,1.9
2024/11/18 20:00,0,22.2,3,1.5,1.7
2024/11/18 20:05,0,22,3,1.4,1.8
2024/11/18 20:10,0,21.8,3,1.3,1.9
2024/11/18 20:15,0,21.6,3,1.2,2
2024/11/18 20:20,0,21.3,3,1.1,2.1
2024/11/18 20:25,0,21.1,3,1,2.2
2024/11/18 20:30,0,20.9,3,1,2.3
2024/11/18 20:35,0,20.7,3,0.9,2.4
2024/11/18 20:40,0,20.5,3,0.8,2.5
2024/11/18 20:45,0,20.2,3,0.7,2.6
2024/11/18 20:50,0,20,3,0.6,2.7
2024/11/18 20:55,0,19.8,3,0.5,2.8
2024/11/18 21:00,0,19.6,3,0.4,2.9
2024/11/18 21:05,0,19.3,3,0.4,2.8
2024/11/18 21:10,0,19,3,0.3,2.7
2024/11/18 21:15,0,18.8,3,0.3,2.6
2024/11/18 21:20,0,18.5,3,0.2,2.4
2024/11/18 21:25,0,18.2,3,0.2,2.3
2024/11/18 21:30,0,17.9,3,0.2,2.2
2024/11/18 21:35,0,17.6,3,0.1,2.1
2024/11/18 21:40,0,17.3,3,0.1,2
2024/11/18 21:45,0,17,3,0,1.8
2024/11/18 21:50,0,16.8,3,0,1.7
2024/11/18 21:55,0,16.5,3,-0.1,1.6
2024/11/18 22:00,0,16.2,3,-0.1,1.5
2024/11/18 22:05,0,15.9,3,-0.1,1.6
2024/11/18 22:10,0,15.7,3,-0.2,1.6
2024/11/18 22:15,0,15.4,3,-0.2,1.7
2024/11/18 22:20,0,15.1,3,-0.3,1.8
2024/11/18 22:25,0,14.9,3,-0.3,1.8
2024/11/18 22:30,0,14.6,3,-0.4,1.9
2024/11/18 22:35,0,14.3,3,-0.4,2
2024/11/18 22:40,0,14.1,3,-0.4,2
2024/11/18 22:45,0,13.8,3,-0.5,2.1
2024/11/18 22:50,0,13.5,3,-0.5,2.2
2024/11/18 22:55,0,13.3,3,-0.6,2.2
2024/11/18 23:00,0,13,2,-0.6,2.3
2024/11/18 23:05,0,12.9,2,-0.5,2.2
2024/11/18 23:10,0,12.8,2,-0.4,2.2
2024/11/18 23:15,0,12.7,2,-0.4,2.1
2024/11/18 23:20,0,12.6,2,-0.3,2.1
2024/11/18 23:25,0,12.5,2,-0.2,2
2024/11/18 23:30,0,12.4,2,-0.1,2
2024/11/18 23:35,0,12.3,2,0,1.9
2024/11/18 23:40,0,12.2,2,0.1,1.8
2024/11/18 23:45,0,12.1,2,0.2,1.8
2024/11/18 23:50,0,12,2,0.2,1.7
2024/11/18 23:55,0,11.9,2,0.3,1.7
2024/11/19 0:00,0,11.8,2,0.4,1.6
2024/11/19 0:05,0,11.8,2,0.5,1.7
2024/11/19 0:10,0,11.7,2,0.5,1.7
2024/11/19 0:15,0,11.7,2,0.6,1.8
2024/11/19 0:20,0,11.7,2,0.6,1.8
2024/11/19 0:25,0,11.6,2,0.7,1.9
2024/11/19 0:30,0,11.6,2,0.8,2
2024/11/19 0:35,0,11.6,2,0.8,2
2024/11/19 0:40,0,11.5,2,0.9,2.1
2024/11/19 0:45,0,11.5,2,0.9,2.1
2024/11/19 0:50,0,11.5,2,1,2.2
2024/11/19 0:55,0,11.4,2,1,2.2
2024/11/19 1:00,0,11.4,2,1.1,2.3
2024/11/19 1:05,0,11.4,2,1.2,2.2
2024/11/19 1:10,0,11.3,2,1.3,2.2
2024/11/19 1:15,0,11.2,2,1.4,2.1
2024/11/19 1:20,0,11.2,2,1.5,2
2024/11/19 1:25,0,11.2,2,1.6,1.9
2024/11/19 1:30,0,11.1,2,1.8,1.8
2024/11/19 1:35,0,11,2,1.9,1.8
2024/11/19 1:40,0,11,2,2,1.7
2024/11/19 1:45,0,11,2,2.1,1.6
2024/11/19 1:50,0,10.9,2,2.2,1.5
2024/11/19 1:55,0,10.9,2,2.3,1.5
2024/11/19 2:00,0,10.8,2,2.4,1.4
2024/11/19 2:05,0,10.7,2,2.3,1.4
2024/11/19 2:10,0,10.6,2,2.2,1.4
2024/11/19 2:15,0,10.5,2,2.1,1.4
2024/11/19 2:20,0,10.4,2,2,1.5
2024/11/19 2:25,0,10.3,2,1.9,1.5
2024/11/19 2:30,0,10.2,2,1.8,1.5
2024/11/19 2:35,0,10.2,2,1.8,1.5
2024/11/19 2:40,0,10.1,2,1.7,1.5
2024/11/19 2:45,0,10,2,1.6,1.6
2024/11/19 2:50,0,9.9,2,1.5,1.6
2024/11/19 2:55,0,9.8,2,1.4,1.6
2024/11/19 3:00,0,9.7,2,1.3,1.6
2024/11/19 3:05,0,9.6,2,1.3,1.6
2024/11/19 3:10,0,9.5,2,1.2,1.5
2024/11/19 3:15,0,9.5,2,1.2,1.5
2024/11/19 3:20,0,9.4,2,1.2,1.4
2024/11/19 3:25,0,9.3,2,1.2,1.4
2024/11/19 3:30,0,9.2,2,1.2,1.4
2024/11/19 3:35,0,9.2,2,1.1,1.3
2024/11/19 3:40,0,9.1,2,1.1,1.3
2024/11/19 3:45,0,9,2,1.1,1.2
2024/11/19 3:50,0,9,2,1,1.2
2024/11/19 3:55,0,8.9,2,1,1.1
2024/11/19 4:00,0,8.8,2,1,1.1
2024/11/19 4:05,0,8.8,2,1,1.1
2024/11/19 4:10,0,8.7,2,1,1.1
2024/11/19 4:15,0,8.7,2,1,1.1
2024/11/19 4:20,0,8.6,2,0.9,1.1
2024/11/19 4:25,0,8.6,2,0.9,1.1
2024/11/19 4:30,0,8.6,2,0.9,1
2024/11/19 4:35,0,8.5,2,0.9,1
2024/11/19 4:40,0,8.5,2,0.9,1
2024/11/19 4:45,0,8.4,2,0.8,1
2024/11/19 4:50,0,8.4,2,0.8,1
2024/11/19 4:55,0,8.3,2,0.8,1
2024/11/19 5:00,0,8.3,1,0.8,1
2024/11/19 5:05,0,8.4,1,0.8,1
2024/11/19 5:10,0,8.5,1,0.8,1
2024/11/19 5:15,0,8.6,1,0.9,1
2024/11/19 5:20,0,8.7,1,0.9,1.1
2024/11/19 5:25,0,8.8,1,0.9,1.1
2024/11/19 5:30,0,8.9,1,1,1.1
2024/11/19 5:35,0,8.9,1,1,1.1
2024/11/19 5:40,0,9,1,1,1.1
2024/11/19 5:45,0,9.1,1,1,1.2
2024/11/19 5:50,0,9.2,1,1,1.2
2024/11/19 5:55,0,9.3,1,1.1,1.2
2024/11/19 6:00,0,9.4,2,1.1,1.2
2024/11/19 6:05,0,9.4,2,1.1,1.2
2024/11/19 6:10,0,9.3,2,1.1,1.2
2024/11/19 6:15,0,9.3,2,1.1,1.2
2024/11/19 6:20,0,9.2,2,1.1,1.2
2024/11/19 6:25,0,9.2,2,1.1,1.2
2024/11/19 6:30,0,9.2,2,1.2,1.2
2024/11/19 6:35,0,9.1,2,1.2,1.1
2024/11/19 6:40,0,9.1,2,1.2,1.1
2024/11/19 6:45,0,9,2,1.2,1.1
2024/11/19 6:50,0,9,2,1.2,1.1
2024/11/19 6:55,0,8.9,2,1.2,1.1
2024/11/19 7:00,0,8.9,2,1.2,1.1
2024/11/19 7:05,0,8.9,2,1.2,1.1
2024/11/19 7:10,0,9,2,1.2,1
2024/11/19 7:15,0,9,2,1.2,1
2024/11/19 7:20,0,9,2,1.3,1
2024/11/19 7:25,0,9.1,2,1.3,0.9
2024/11/19 7:30,0,9.1,2,1.3,0.9
2024/11/19 7:35,0,9.1,2,1.3,0.9
2024/11/19 7:40,0,9.2,2,1.3,0.8
2024/11/19 7:45,0,9.2,2,1.3,0.8
2024/11/19 7:50,0,9.2,2,1.4,0.8
2024/11/19 7:55,0,9.3,2,1.4,0.7
2024/11/19 8:00,0,9.3,3,1.4,0.7
2024/11/19 8:05,0,9.4,3,1.5,0.7
2024/11/19 8:10,0,9.5,3,1.6,0.7
2024/11/19 8:15,0,9.6,3,1.7,0.6
2024/11/19 8:20,0,9.7,3,1.8,0.6
2024/11/19 8:25,0,9.8,3,1.9,0.6
2024/11/19 8:30,0,10,3,2,0.6
2024/11/19 8:35,0,10.1,3,2,0.6
2024/11/19 8:40,0,10.2,3,2.1,0.6
2024/11/19 8:45,0,10.3,3,2.2,0.6
2024/11/19 8:50,0,10.4,3,2.3,0.5
2024/11/19 8:55,0,10.5,3,2.4,0.5
2024/11/19 9:00,0,10.6,3,2.5,0.5
2024/11/19 9:05,0,11,3,2.6,0.6
2024/11/19 9:10,0,11.4,3,2.7,0.8
2024/11/19 9:15,0,11.7,3,2.8,0.9
2024/11/19 9:20,0,12.1,3,2.9,1
2024/11/19 9:25,0,12.5,3,3,1.1
2024/11/19 9:30,0,12.8,3,3,1.2
2024/11/19 9:35,0,13.2,3,3.1,1.4
2024/11/19 9:40,0,13.6,3,3.2,1.5
2024/11/19 9:45,0,14,3,3.3,1.6
2024/11/19 9:50,0,14.4,3,3.4,1.8
2024/11/19 9:55,0,14.7,3,3.5,1.9
2024/11/19 10:00,0,15.1,2,3.6,2
2024/11/19 10:05,0,15.1,2,3.7,2.2
2024/11/19 10:10,0,15,2,3.9,2.4
2024/11/19 10:15,0,15,2,4,2.6
2024/11/19 10:20,0,14.9,2,4.2,2.7
2024/11/19 10:25,0,14.9,2,4.3,2.9
2024/11/19 10:30,0,14.8,2,4.4,3.1
2024/11/19 10:35,0,14.8,2,4.6,3.3
2024/11/19 10:40,0,14.8,2,4.7,3.5
2024/11/19 10:45,0,14.7,2,4.9,3.6
2024/11/19 10:50,0,14.7,2,5,3.8
2024/11/19 10:55,0,14.6,2,5.2,4
2024/11/19 11:00,0,14.6,1,5.3,4.2
2024/11/19 11:05,0,14.3,1,5.4,4.3
2024/11/19 11:10,0,14,1,5.4,4.4
2024/11/19 11:15,0,13.7,1,5.5,4.6
2024/11/19 11:20,0,13.4,1,5.5,4.7
2024/11/19 11:25,0,13.1,1,5.6,4.8
2024/11/19 11:30,0,12.8,1,5.6,4.9
2024/11/19 11:35,0,12.6,1,5.7,5
2024/11/19 11:40,0,12.3,1,5.8,5.1
2024/11/19 11:45,0,12,1,5.8,5.2
2024/11/19 11:50,0,11.7,1,5.9,5.4
2024/11/19 11:55,0,11.4,1,5.9,5.5
2024/11/19 12:00,0,11.1,3,6,5.6
2024/11/19 12:05,0,11,3,6,5.5
2024/11/19 12:10,0,10.9,3,6.1,5.3
2024/11/19 12:15,0,10.8,3,6.1,5.2
2024/11/19 12:20,0,10.7,3,6.2,5
2024/11/19 12:25,0,10.6,3,6.2,4.9
2024/11/19 12:30,0,10.4,3,6.2,4.8
2024/11/19 12:35,0,10.3,3,6.3,4.6
2024/11/19 12:40,0,10.2,3,6.3,4.5
2024/11/19 12:45,0,10.1,3,6.4,4.3
2024/11/19 12:50,0,10,3,6.4,4.2
2024/11/19 12:55,0,9.9,3,6.5,4
2024/11/19 13:00,0,9.8,1,6.5,3.9
2024/11/19 13:05,0,9.8,1,6.6,3.9
2024/11/19 13:10,0,9.7,1,6.6,3.9
2024/11/19 13:15,0,9.6,1,6.7,3.9
2024/11/19 13:20,0,9.6,1,6.7,3.9
2024/11/19 13:25,0,9.6,1,6.8,3.9
2024/11/19 13:30,0,9.5,1,6.8,3.9
2024/11/19 13:35,0,9.4,1,6.9,3.9
2024/11/19 13:40,0,9.4,1,7,3.9
2024/11/19 13:45,0,9.4,1,7,3.9
2024/11/19 13:50,0,9.3,1,7.1,3.9
2024/11/19 13:55,0,9.2,1,7.1,3.9
2024/11/19 14:00,0,9.2,1,7.2,3.9
2024/11/19 14:05,0,9.4,1,7.2,3.7
2024/11/19 14:10,0,9.6,1,7.3,3.6
2024/11/19 14:15,0,9.8,1,7.3,3.4
2024/11/19 14:20,0,10,1,7.3,3.3
2024/11/19 14:25,0,10.2,1,7.4,3.1
2024/11/19 14:30,0,10.4,1,7.4,3
2024/11/19 14:35,0,10.7,1,7.4,2.8
2024/11/19 14:40,0,10.9,1,7.5,2.6
2024/11/19 14:45,0,11.1,1,7.5,2.5
2024/11/19 14:50,0,11.3,1,7.5,2.3
2024/11/19 14:55,0,11.5,1,7.6,2.2
2024/11/19 15:00,0,11.7,1,7.6,2
2024/11/19 15:05,0,11.9,1,7.6,2
2024/11/19 15:10,0,12.2,1,7.6,1.9
2024/11/19 15:15,0,12.4,1,7.6,1.9
2024/11/19 15:20,0,12.7,1,7.6,1.9
2024/11/19 15:25,0,12.9,1,7.6,1.8
2024/11/19 15:30,0,13.2,1,7.6,1.8
2024/11/19 15:35,0,13.4,1,7.6,1.8
2024/11/19 15:40,0,13.6,1,7.6,1.7
2024/11/19 15:45,0,13.9,1,7.6,1.7
2024/11/19 15:50,0,14.1,1,7.6,1.7
2024/11/19 15:55,0,14.4,1,7.6,1.6
2024/11/19 16:00,0,14.6,1,7.6,1.6
2024/11/19 16:05,0,14.5,1,7.3,1.5
2024/11/19 16:10,0,14.4,1,6.9,1.5
2024/11/19 16:15,0,14.2,1,6.6,1.4
2024/11/19 16:20,0,14.1,1,6.3,1.3
2024/11/19 16:25,0,14,1,5.9,1.3
2024/11/19 16:30,0,13.8,1,5.6,1.2
2024/11/19 16:35,0,13.7,1,5.3,1.1
2024/11/19 16:40,0,13.6,1,4.9,1.1
2024/11/19 16:45,0,13.5,1,4.6,1
2024/11/19 16:50,0,13.4,1,4.3,0.9
2024/11/19 16:55,0,13.2,1,3.9,0.9
2024/11/19 17:00,0,13.1,1,3.6,0.8
2024/11/19 17:05,0,12.9,1,3.4,0.8
2024/11/19 17:10,0,12.6,1,3.2,0.8
2024/11/19 17:15,0,12.4,1,3,0.8
2024/11/19 17:20,0,12.1,1,2.8,0.8
2024/11/19 17:25,0,11.9,1,2.6,0.8
2024/11/19 17:30,0,11.6,1,2.4,0.8
2024/11/19 17:35,0,11.4,1,2.3,0.8
2024/11/19 17:40,0,11.2,1,2.1,0.8
2024/11/19 17:45,0,10.9,1,1.9,0.8
2024/11/19 17:50,0,10.7,1,1.7,0.8
2024/11/19 17:55,0,10.4,1,1.5,0.8
2024/11/19 18:00,0,10.2,1,1.3,0.8
2024/11/19 18:05,0,10,1,1.3,0.7
2024/11/19 18:10,0,9.8,1,1.4,0.7
2024/11/19 18:15,0,9.5,1,1.4,0.6
2024/11/19 18:20,0,9.3,1,1.5,0.6
2024/11/19 18:25,0,9.1,1,1.5,0.5
2024/11/19 18:30,0,8.8,1,1.6,0.4
2024/11/19 18:35,0,8.6,1,1.6,0.4
2024/11/19 18:40,0,8.4,1,1.6,0.3
2024/11/19 18:45,0,8.2,1,1.7,0.3
2024/11/19 18:50,0,8,1,1.7,0.2
2024/11/19 18:55,0,7.7,1,1.8,0.2
2024/11/19 19:00,0,7.5,1,1.8,0.1
2024/11/19 19:05,0,7.5,1,1.8,0.3
2024/11/19 19:10,0,7.5,1,1.8,0.5
2024/11/19 19:15,0,7.5,1,1.8,0.6
2024/11/19 19:20,0,7.5,1,1.7,0.8
2024/11/19 19:25,0,7.5,1,1.7,1
2024/11/19 19:30,0,7.5,1,1.7,1.2
2024/11/19 19:35,0,7.5,1,1.7,1.4
2024/11/19 19:40,0,7.5,1,1.7,1.6
2024/11/19 19:45,0,7.5,1,1.6,1.8
2024/11/19 19:50,0,7.5,1,1.6,1.9
2024/11/19 19:55,0,7.5,1,1.6,2.1
2024/11/19 20:00,0,7.5,1,1.6,2.3
2024/11/19 20:05,0,7.4,1,1.4,2.3
2024/11/19 20:10,0,7.2,1,1.2,2.2
2024/11/19 20:15,0,7.1,1,1,2.2
2024/11/19 20:20,0,7,1,0.9,2.1
2024/11/19 20:25,0,6.9,1,0.7,2.1
2024/11/19 20:30,0,6.8,1,0.5,2
2024/11/19 20:35,0,6.6,1,0.3,2
2024/11/19 20:40,0,6.5,1,0.1,2
2024/11/19 20:45,0,6.4,1,-0.1,1.9
2024/11/19 20:50,0,6.2,1,-0.2,1.9
2024/11/19 20:55,0,6.1,1,-0.4,1.8
2024/11/19 21:00,0,6,1,-0.6,1.8
2024/11/19 21:05,0,6,1,-0.7,1.8
2024/11/19 21:10,0,6,1,-0.8,1.8
2024/11/19 21:15,0,6,1,-1,1.7
2024/11/19 21:20,0,6,1,-1.1,1.7
2024/11/19 21:25,0,6,1,-1.2,1.7
2024/11/19 21:30,0,6,1,-1.4,1.6
2024/11/19 21:35,0,6,1,-1.5,1.6
2024/11/19 21:40,0,6,1,-1.6,1.6
2024/11/19 21:45,0,6,1,-1.7,1.6
2024/11/19 21:50,0,6,1,-1.8,1.6
2024/11/19 21:55,0,6,1,-2,1.5
2024/11/19 22:00,0,6,1,-2.1,1.5
2024/11/19 22:05,0,5.9,1,-2.1,1.4
2024/11/19 22:10,0,5.8,1,-2.2,1.4
2024/11/19 22:15,0,5.8,1,-2.2,1.3
2024/11/19 22:20,0,5.7,1,-2.2,1.3
2024/11/19 22:25,0,5.6,1,-2.3,1.2
2024/11/19 22:30,0,5.5,1,-2.3,1.2
2024/11/19 22:35,0,5.4,1,-2.3,1.1
2024/11/19 22:40,0,5.3,1,-2.4,1
2024/11/19 22:45,0,5.2,1,-2.4,1
2024/11/19 22:50,0,5.2,1,-2.4,0.9
2024/11/19 22:55,0,5.1,1,-2.5,0.9
2024/11/19 23:00,0,5,1,-2.5,0.8
2024/11/19 23:05,0,4.8,1,-2.6,0.8
2024/11/19 23:10,0,4.6,1,-2.6,0.9
2024/11/19 23:15,0,4.4,1,-2.7,1
2024/11/19 23:20,0,4.1,1,-2.7,1
2024/11/19 23:25,0,3.9,1,-2.8,1
2024/11/19 23:30,0,3.7,1,-2.8,1.1
2024/11/19 23:35,0,3.5,1,-2.9,1.2
2024/11/19 23:40,0,3.3,1,-3,1.2
2024/11/19 23:45,0,3,1,-3,1.2
2024/11/19 23:50,0,2.8,1,-3.1,1.3
2024/11/19 23:55,0,2.6,1,-3.1,1.3
2024/11/20 0:00,0,2.4,4,-3.2,1.4
2024/11/20 0:05,0,2.5,4,-3.3,1.4
2024/11/20 0:10,0,2.6,4,-3.4,1.4
2024/11/20 0:15,0,2.8,4,-3.5,1.4
2024/11/20 0:20,0,2.9,4,-3.6,1.4
2024/11/20 0:25,0,3,4,-3.7,1.4
2024/11/20 0:30,0,3.1,4,-3.8,1.4
2024/11/20 0:35,0,3.2,4,-3.8,1.5
2024/11/20 0:40,0,3.3,4,-3.9,1.5
2024/11/20 0:45,0,3.4,4,-4,1.5
2024/11/20 0:50,0,3.6,4,-4.1,1.5
2024/11/20 0:55,0,3.7,4,-4.2,1.5
2024/11/20 1:00,0,3.8,4,-4.3,1.5
2024/11/20 1:05,0,3.9,4,-4.3,1.5
2024/11/20 1:10,0,3.9,4,-4.4,1.5
2024/11/20 1:15,0,4,4,-4.4,1.6
2024/11/20 1:20,0,4,4,-4.4,1.6
2024/11/20 1:25,0,4.1,4,-4.4,1.6
2024/11/20 1:30,0,4.2,4,-4.4,1.6
2024/11/20 1:35,0,4.2,4,-4.5,1.6
2024/11/20 1:40,0,4.3,4,-4.5,1.6
2024/11/20 1:45,0,4.3,4,-4.5,1.6
2024/11/20 1:50,0,4.4,4,-4.6,1.7
2024/11/20 1:55,0,4.4,4,-4.6,1.7
2024/11/20 2:00,0,4.5,3,-4.6,1.7
2024/11/20 2:05,0,4.4,3,-4.6,1.7
2024/11/20 2:10,0,4.3,3,-4.5,1.6
2024/11/20 2:15,0,4.2,3,-4.5,1.6
2024/11/20 2:20,0,4.1,3,-4.5,1.5
2024/11/20 2:25,0,4,3,-4.4,1.5
2024/11/20 2:30,0,4,3,-4.4,1.4
2024/11/20 2:35,0,3.9,3,-4.4,1.4
2024/11/20 2:40,0,3.8,3,-4.3,1.4
2024/11/20 2:45,0,3.7,3,-4.3,1.3
2024/11/20 2:50,0,3.6,3,-4.3,1.3
2024/11/20 2:55,0,3.5,3,-4.2,1.2
2024/11/20 3:00,0,3.4,4,-4.2,1.2
2024/11/20 3:05,0,3.4,4,-4.3,1.2
2024/11/20 3:10,0,3.4,4,-4.3,1.2
2024/11/20 3:15,0,3.4,4,-4.4,1.2
2024/11/20 3:20,0,3.4,4,-4.5,1.2
2024/11/20 3:25,0,3.4,4,-4.5,1.2
2024/11/20 3:30,0,3.4,4,-4.6,1.2
2024/11/20 3:35,0,3.3,4,-4.7,1.1
2024/11/20 3:40,0,3.3,4,-4.7,1.1
2024/11/20 3:45,0,3.3,4,-4.8,1.1
2024/11/20 3:50,0,3.3,4,-4.9,1.1
2024/11/20 3:55,0,3.3,4,-4.9,1.1
2024/11/20 4:00,0,3.3,4,-5,1.1
2024/11/20 4:05,0,3.4,4,-5,1.1
2024/11/20 4:10,0,3.4,4,-5,1.2
2024/11/20 4:15,0,3.4,4,-5,1.2
2024/11/20 4:20,0,3.5,4,-5.1,1.2
2024/11/20 4:25,0,3.6,4,-5.1,1.3
2024/11/20 4:30,0,3.6,4,-5.1,1.3
2024/11/20 4:35,0,3.6,4,-5.1,1.3
2024/11/20 4:40,0,3.7,4,-5.1,1.4
2024/11/20 4:45,0,3.8,4,-5.2,1.4
2024/11/20 4:50,0,3.8,4,-5.2,1.4
2024/11/20 4:55,0,3.8,4,-5.2,1.5
2024/11/20 5:00,0,3.9,4,-5.2,1.5
2024/11/20 5:05,0,4,4,-5.2,1.5
2024/11/20 5:10,0,4.1,4,-5.2,1.5
2024/11/20 5:15,0,4.2,4,-5.2,1.4
2024/11/20 5:20,0,4.3,4,-5.2,1.4
2024/11/20 5:25,0,4.4,4,-5.2,1.4
2024/11/20 5:30,0,4.6,4,-5.2,1.4
2024/11/20 5:35,0,4.7,4,-5.3,1.4
2024/11/20 5:40,0,4.8,4,-5.3,1.4
2024/11/20 5:45,0,4.9,4,-5.3,1.4
2024/11/20 5:50,0,5,4,-5.3,1.3
2024/11/20 5:55,0,5.1,4,-5.3,1.3
2024/11/20 6:00,0,5.2,3,-5.3,1.3
2024/11/20 6:05,0,5.4,3,-5.4,1.2
2024/11/20 6:10,0,5.5,3,-5.5,1.2
2024/11/20 6:15,0,5.6,3,-5.6,1.2
2024/11/20 6:20,0,5.8,3,-5.8,1.1
2024/11/20 6:25,0,6,3,-5.9,1
2024/11/20 6:30,0,6.1,3,-6,1
2024/11/20 6:35,0,6.2,3,-6.1,1
2024/11/20 6:40,0,6.4,3,-6.2,0.9
2024/11/20 6:45,0,6.6,3,-6.4,0.8
2024/11/20 6:50,0,6.7,3,-6.5,0.8
2024/11/20 6:55,0,6.8,3,-6.6,0.7
2024/11/20 7:00,0,7,1,-6.7,0.7
2024/11/20 7:05,0,6.9,1,-6.6,0.7
2024/11/20 7:10,0,6.8,1,-6.4,0.7
2024/11/20 7:15,0,6.7,1,-6.3,0.7
2024/11/20 7:20,0,6.6,1,-6.2,0.7
2024/11/20 7:25,0,6.5,1,-6.1,0.7
2024/11/20 7:30,0,6.4,1,-6,0.6
2024/11/20 7:35,0,6.3,1,-5.8,0.6
2024/11/20 7:40,0,6.2,1,-5.7,0.6
2024/11/20 7:45,0,6.1,1,-5.6,0.6
2024/11/20 7:50,0,6,1,-5.4,0.6
2024/11/20 7:55,0,5.9,1,-5.3,0.6
2024/11/20 8:00,0,5.8,1,-5.2,0.6
2024/11/20 8:05,0,5.3,1,-4.9,0.8
2024/11/20 8:10,0,4.9,1,-4.7,1
2024/11/20 8:15,0,4.4,1,-4.4,1.2
2024/11/20 8:20,0,3.9,1,-4.2,1.5
2024/11/20 8:25,0,3.5,1,-3.9,1.7
2024/11/20 8:30,0,3,1,-3.6,1.9
2024/11/20 8:35,0,2.5,1,-3.4,2.1
2024/11/20 8:40,0,2.1,1,-3.1,2.3
2024/11/20 8:45,0,1.6,1,-2.9,2.6
2024/11/20 8:50,0,1.1,1,-2.6,2.8
2024/11/20 8:55,0,0.7,1,-2.4,3
2024/11/20 9:00,0,0.2,7,-2.1,3.2
2024/11/20 9:05,0,0.2,7,-2.1,3.2
2024/11/20 9:10,0,0.2,7,-2.1,3.1
2024/11/20 9:15,0,0.2,7,-2.1,3.1
2024/11/20 9:20,0,0.2,7,-2.1,3
2024/11/20 9:25,0,0.2,7,-2.1,3
2024/11/20 9:30,0,0.2,7,-2,2.9
2024/11/20 9:35,0,0.1,7,-2,2.8
2024/11/20 9:40,0,0.1,7,-2,2.8
2024/11/20 9:45,0,0.1,7,-2,2.8
2024/11/20 9:50,0,0.1,7,-2,2.7
2024/11/20 9:55,0,0.1,7,-2,2.6
2024/11/20 10:00,0,0.1,7,-2,2.6
2024/11/20 10:05,0,0.1,7,-2,2.6
2024/11/20 10:10,0,0.1,7,-2,2.6
2024/11/20 10:15,0,0.1,7,-1.9,2.5
2024/11/20 10:20,0,0.1,7,-1.9,2.5
2024/11/20 10:25,0,0.1,7,-1.9,2.5
2024/11/20 10:30,0,0.2,7,-1.8,2.4
2024/11/20 10:35,0,0.2,7,-1.8,2.4
2024/11/20 10:40,0,0.2,7,-1.8,2.4
2024/11/20 10:45,0,0.2,7,-1.8,2.4
2024/11/20 10:50,0,0.2,7,-1.8,2.3
2024/11/20 10:55,0,0.2,7,-1.7,2.3
2024/11/20 11:00,0,0.2,7,-1.7,2.3
2024/11/20 11:05,0,0.3,7,-1.6,2.3
2024/11/20 11:10,0,0.4,7,-1.5,2.3
2024/11/20 11:15,0,0.6,7,-1.4,2.3
2024/11/20 11:20,0,0.7,7,-1.2,2.3
2024/11/20 11:25,0,0.8,7,-1.1,2.3
2024/11/20 11:30,0,0.9,7,-1,2.3
2024/11/20 11:35,0,1,7,-0.9,2.4
2024/11/20 11:40,0,1.1,7,-0.8,2.4
2024/11/20 11:45,0,1.2,7,-0.7,2.4
2024/11/20 11:50,0,1.4,7,-0.5,2.4
2024/11/20 11:55,0,1.5,7,-0.4,2.4
2024/11/20 12:00,0,1.6,4,-0.3,2.4
2024/11/20 12:05,0,1.9,4,0,2.3
2024/11/20 12:10,0,2.2,4,0.2,2.2
2024/11/20 12:15,0,2.5,4,0.5,2.1
2024/11/20 12:20,0,2.8,4,0.8,2
2024/11/20 12:25,0,3.1,4,1.1,1.9
2024/11/20 12:30,0,3.4,4,1.3,1.8
2024/11/20 12:35,0,3.6,4,1.6,1.6
2024/11/20 12:40,0,3.9,4,1.9,1.5
2024/11/20 12:45,0,4.2,4,2.2,1.4
2024/11/20 12:50,0,4.5,4,2.4,1.3
2024/11/20 12:55,0,4.8,4,2.7,1.2
2024/11/20 13:00,0,5.1,1,3,1.1
2024/11/20 13:05,0,5.1,1,3.2,1.2
2024/11/20 13:10,0,5.1,1,3.4,1.4
2024/11/20 13:15,0,5.1,1,3.6,1.5
2024/11/20 13:20,0,5.1,1,3.8,1.6
2024/11/20 13:25,0,5.1,1,4,1.8
2024/11/20 13:30,0,5.2,1,4.2,1.9
2024/11/20 13:35,0,5.2,1,4.4,2
2024/11/20 13:40,0,5.2,1,4.6,2.2
2024/11/20 13:45,0,5.2,1,4.8,2.3
2024/11/20 13:50,0,5.2,1,5,2.4
2024/11/20 13:55,0,5.2,1,5.2,2.6
2024/11/20 14:00,0,5.2,3,5.4,2.7
2024/11/20 14:05,0,5.5,3,5.5,2.6
2024/11/20 14:10,0,5.8,3,5.6,2.6
2024/11/20 14:15,0,6.1,3,5.6,2.5
2024/11/20 14:20,0,6.4,3,5.7,2.5
2024/11/20 14:25,0,6.7,3,5.8,2.4
2024/11/20 14:30,0,7,3,5.9,2.4
2024/11/20 14:35,0,7.2,3,6,2.3
2024/11/20 14:40,0,7.5,3,6.1,2.2
2024/11/20 14:45,0,7.8,3,6.2,2.2
2024/11/20 14:50,0,8.1,3,6.2,2.1
2024/11/20 14:55,0,8.4,3,6.3,2.1
2024/11/20 15:00,0,8.7,1,6.4,2
2024/11/20 15:05,0,9.3,1,6.4,2
2024/11/20 15:10,0,9.9,1,6.4,2
2024/11/20 15:15,0,10.4,1,6.4,2
2024/11/20 15:20,0,11,1,6.5,2
2024/11/20 15:25,0,11.6,1,6.5,2
2024/11/20 15:30,0,12.2,1,6.5,2
2024/11/20 15:35,0,12.8,1,6.5,2
2024/11/20 15:40,0,13.4,1,6.5,2
2024/11/20 15:45,0,14,1,6.6,2
2024/11/20 15:50,0,14.5,1,6.6,2
2024/11/20 15:55,0,15.1,1,6.6,2
2024/11/20 16:00,0,15.7,1,6.6,2
2024/11/20 16:05,0,15.6,1,6.3,1.9
2024/11/20 16:10,0,15.5,1,6,1.9
2024/11/20 16:15,0,15.4,1,5.7,1.8
2024/11/20 16:20,0,15.3,1,5.4,1.8
2024/11/20 16:25,0,15.2,1,5.1,1.7
2024/11/20 16:30,0,15.1,1,4.8,1.6
2024/11/20 16:35,0,15,1,4.6,1.6
2024/11/20 16:40,0,14.9,1,4.3,1.5
2024/11/20 16:45,0,14.8,1,4,1.5
2024/11/20 16:50,0,14.7,1,3.7,1.4
2024/11/20 16:55,0,14.6,1,3.4,1.4
2024/11/20 17:00,0,14.5,1,3.1,1.3
2024/11/20 17:05,0,14.2,1,2.9,1.3
2024/11/20 17:10,0,13.8,1,2.6,1.3
2024/11/20 17:15,0,13.5,1,2.4,1.3
2024/11/20 17:20,0,13.2,1,2.2,1.3
2024/11/20 17:25,0,12.9,1,2,1.3
2024/11/20 17:30,0,12.6,1,1.8,1.3
2024/11/20 17:35,0,12.2,1,1.5,1.3
2024/11/20 17:40,0,11.9,1,1.3,1.3
2024/11/20 17:45,0,11.6,1,1.1,1.3
2024/11/20 17:50,0,11.2,1,0.8,1.3
2024/11/20 17:55,0,10.9,1,0.6,1.3
2024/11/20 18:00,0,10.6,1,0.4,1.3
2024/11/20 18:05,0,10.4,1,0.2,1.3
2024/11/20 18:10,0,10.2,1,0,1.3
2024/11/20 18:15,0,9.9,1,-0.2,1.2
2024/11/20 18:20,0,9.7,1,-0.4,1.2
2024/11/20 18:25,0,9.5,1,-0.6,1.2
2024/11/20 18:30,0,9.2,1,-0.8,1.2
2024/11/20 18:35,0,9,1,-1.1,1.2
2024/11/20 18:40,0,8.8,1,-1.3,1.2
2024/11/20 18:45,0,8.6,1,-1.5,1.2
2024/11/20 18:50,0,8.4,1,-1.7,1.1
2024/11/20 18:55,0,8.1,1,-1.9,1.1
2024/11/20 19:00,0,7.9,1,-2.1,1.1
2024/11/20 19:05,0,7.8,1,-2.1,1.2
2024/11/20 19:10,0,7.8,1,-2,1.2
2024/11/20 19:15,0,7.7,1,-2,1.2
2024/11/20 19:20,0,7.6,1,-1.9,1.3
2024/11/20 19:25,0,7.5,1,-1.9,1.4
2024/11/20 19:30,0,7.4,1,-1.8,1.4
2024/11/20 19:35,0,7.4,1,-1.8,1.4
2024/11/20 19:40,0,7.3,1,-1.8,1.5
2024/11/20 19:45,0,7.2,1,-1.7,1.6
2024/11/20 19:50,0,7.2,1,-1.7,1.6
2024/11/20 19:55,0,7.1,1,-1.6,1.6
2024/11/20 20:00,0,7,1,-1.6,1.7
2024/11/20 20:05,0,6.8,1,-1.7,1.7
2024/11/20 20:10,0,6.7,1,-1.9,1.7
2024/11/20 20:15,0,6.5,1,-2,1.7
2024/11/20 20:20,0,6.4,1,-2.1,1.7
2024/11/20 20:25,0,6.2,1,-2.3,1.7
2024/11/20 20:30,0,6,1,-2.4,1.8
2024/11/20 20:35,0,5.9,1,-2.5,1.8
2024/11/20 20:40,0,5.7,1,-2.7,1.8
2024/11/20 20:45,0,5.6,1,-2.8,1.8
2024/11/20 20:50,0,5.4,1,-2.9,1.8
2024/11/20 20:55,0,5.3,1,-3.1,1.8
2024/11/20 21:00,0,5.1,1,-3.2,1.8
2024/11/20 21:05,0,5,1,-3.3,1.7
2024/11/20 21:10,0,5,1,-3.4,1.6
2024/11/20 21:15,0,4.9,1,-3.4,1.5
2024/11/20 21:20,0,4.8,1,-3.5,1.4
2024/11/20 21:25,0,4.8,1,-3.6,1.3
2024/11/20 21:30,0,4.7,1,-3.7,1.2
2024/11/20 21:35,0,4.6,1,-3.8,1.1
2024/11/20 21:40,0,4.6,1,-3.9,1
2024/11/20 21:45,0,4.5,1,-4,0.9
2024/11/20 21:50,0,4.4,1,-4,0.8
2024/11/20 21:55,0,4.4,1,-4.1,0.7
2024/11/20 22:00,0,4.3,1,-4.2,0.6
2024/11/20 22:05,0,4.4,1,-4.1,0.7
2024/11/20 22:10,0,4.5,1,-4,0.8
2024/11/20 22:15,0,4.6,1,-4,1
2024/11/20 22:20,0,4.7,1,-3.9,1.1
2024/11/20 22:25,0,4.8,1,-3.8,1.2
2024/11/20 22:30,0,4.9,1,-3.7,1.3
2024/11/20 22:35,0,5.1,1,-3.6,1.4
2024/11/20 22:40,0,5.2,1,-3.5,1.5
2024/11/20 22:45,0,5.3,1,-3.4,1.6
2024/11/20 22:50,0,5.4,1,-3.4,1.8
2024/11/20 22:55,0,5.5,1,-3.3,1.9
2024/11/20 23:00,0,5.6,1,-3.2,2
2024/11/20 23:05,0,5.6,1,-3.3,2
2024/11/20 23:10,0,5.6,1,-3.5,2
2024/11/20 23:15,0,5.5,1,-3.6,2
2024/11/20 23:20,0,5.5,1,-3.8,2
2024/11/20 23:25,0,5.5,1,-3.9,2
2024/11/20 23:30,0,5.4,1,-4.1,2
2024/11/20 23:35,0,5.4,1,-4.2,2.1
2024/11/20 23:40,0,5.4,1,-4.3,2.1
2024/11/20 23:45,0,5.4,1,-4.5,2.1
2024/11/20 23:50,0,5.4,1,-4.6,2.1
2024/11/20 23:55,0,5.3,1,-4.8,2.1
2024/11/21 0:00,0,5.3,1,-4.9,2.1
2024/11/21 0:05,0,5.3,1,-4.9,2.1
2024/11/21 0:10,0,5.4,1,-4.9,2.1
2024/11/21 0:15,0,5.4,1,-4.9,2
2024/11/21 0:20,0,5.5,1,-4.9,2
2024/11/21 0:25,0,5.5,1,-4.9,2
2024/11/21 0:30,0,5.6,1,-4.8,2
2024/11/21 0:35,0,5.6,1,-4.8,1.9
2024/11/21 0:40,0,5.6,1,-4.8,1.9
2024/11/21 0:45,0,5.7,1,-4.8,1.9
2024/11/21 0:50,0,5.7,1,-4.8,1.8
2024/11/21 0:55,0,5.8,1,-4.8,1.8
2024/11/21 1:00,0,5.8,3,-4.8,1.8
2024/11/21 1:05,0,6,3,-4.8,1.8
2024/11/21 1:10,0,6.2,3,-4.7,1.8
2024/11/21 1:15,0,6.4,3,-4.7,1.8
2024/11/21 1:20,0,6.6,3,-4.6,1.9
2024/11/21 1:25,0,6.8,3,-4.6,1.9
2024/11/21 1:30,0,7,3,-4.6,1.9
2024/11/21 1:35,0,7.1,3,-4.5,1.9
2024/11/21 1:40,0,7.3,3,-4.5,1.9
2024/11/21 1:45,0,7.5,3,-4.4,2
2024/11/21 1:50,0,7.7,3,-4.4,2
2024/11/21 1:55,0,7.9,3,-4.3,2
2024/11/21 2:00,0,8.1,3,-4.3,2
2024/11/21 2:05,0,8.1,3,-4.3,2
2024/11/21 2:10,0,8.1,3,-4.4,2
2024/11/21 2:15,0,8.1,3,-4.4,2
2024/11/21 2:20,0,8.1,3,-4.5,2
2024/11/21 2:25,0,8.1,3,-4.5,2
2024/11/21 2:30,0,8,3,-4.6,2
2024/11/21 2:35,0,8,3,-4.6,1.9
2024/11/21 2:40,0,8,3,-4.6,1.9
2024/11/21 2:45,0,8,3,-4.7,1.9
2024/11/21 2:50,0,8,3,-4.7,1.9
2024/11/21 2:55,0,8,3,-4.8,1.9
2024/11/21 3:00,0,8,2,-4.8,1.9
2024/11/21 3:05,0,7.8,2,-4.9,1.8
2024/11/21 3:10,0,7.7,2,-5.1,1.8
2024/11/21 3:15,0,7.5,2,-5.2,1.7
2024/11/21 3:20,0,7.4,2,-5.4,1.6
2024/11/21 3:25,0,7.2,2,-5.5,1.6
2024/11/21 3:30,0,7,2,-5.6,1.5
2024/11/21 3:35,0,6.9,2,-5.8,1.4
2024/11/21 3:40,0,6.7,2,-5.9,1.4
2024/11/21 3:45,0,6.6,2,-6.1,1.3
2024/11/21 3:50,0,6.4,2,-6.2,1.2
2024/11/21 3:55,0,6.3,2,-6.4,1.2
2024/11/21 4:00,0,6.1,3,-6.5,1.1
2024/11/21 4:05,0,6.1,3,-6.5,1.2
2024/11/21 4:10,0,6.1,3,-6.5,1.2
2024/11/21 4:15,0,6.2,3,-6.4,1.3
2024/11/21 4:20,0,6.2,3,-6.4,1.4
2024/11/21 4:25,0,6.2,3,-6.4,1.5
2024/11/21 4:30,0,6.2,3,-6.4,1.6
2024/11/21 4:35,0,6.3,3,-6.4,1.6
2024/11/21 4:40,0,6.3,3,-6.4,1.7
2024/11/21 4:45,0,6.3,3,-6.4,1.8
2024/11/21 4:50,0,6.4,3,-6.3,1.8
2024/11/21 4:55,0,6.4,3,-6.3,1.9
2024/11/21 5:00,0,6.4,3,-6.3,2
2024/11/21 5:05,0,6.5,3,-6.2,2
2024/11/21 5:10,0,6.7,3,-6.1,2
2024/11/21 5:15,0,6.8,3,-6,2
2024/11/21 5:20,0,7,3,-5.8,2
2024/11/21 5:25,0,7.1,3,-5.7,2
2024/11/21 5:30,0,7.2,3,-5.6,2
2024/11/21 5:35,0,7.4,3,-5.5,1.9
2024/11/21 5:40,0,7.5,3,-5.4,1.9
2024/11/21 5:45,0,7.7,3,-5.2,1.9
2024/11/21 5:50,0,7.8,3,-5.1,1.9
2024/11/21 5:55,0,8,3,-5,1.9
2024/11/21 6:00,0,8.1,3,-4.9,1.9
2024/11/21 6:05,0,7.8,3,-5.1,1.8
2024/11/21 6:10,0,7.5,3,-5.3,1.8
2024/11/21 6:15,0,7.2,3,-5.5,1.7
2024/11/21 6:20,0,6.9,3,-5.7,1.6
2024/11/21 6:25,0,6.6,3,-5.9,1.5
2024/11/21 6:30,0,6.4,3,-6.2,1.4
2024/11/21 6:35,0,6.1,3,-6.4,1.4
2024/11/21 6:40,0,5.8,3,-6.6,1.3
2024/11/21 6:45,0,5.5,3,-6.8,1.2
2024/11/21 6:50,0,5.2,3,-7,1.2
2024/11/21 6:55,0,4.9,3,-7.2,1.1
2024/11/21 7:00,0,4.6,1,-7.4,1
2024/11/21 7:05,0,4.7,1,-7.2,1
2024/11/21 7:10,0,4.7,1,-6.9,1.1
2024/11/21 7:15,0,4.8,1,-6.7,1.1
2024/11/21 7:20,0,4.8,1,-6.5,1.1
2024/11/21 7:25,0,4.9,1,-6.2,1.2
2024/11/21 7:30,0,4.9,1,-6,1.2
2024/11/21 7:35,0,5,1,-5.8,1.2
2024/11/21 7:40,0,5.1,1,-5.5,1.3
2024/11/21 7:45,0,5.1,1,-5.3,1.3
2024/11/21 7:50,0,5.2,1,-5.1,1.3
2024/11/21 7:55,0,5.2,1,-4.8,1.4
2024/11/21 8:00,0,5.3,1,-4.6,1.4
2024/11/21 8:05,0,5.4,1,-4.3,1.5
2024/11/21 8:10,0,5.6,1,-4,1.7
2024/11/21 8:15,0,5.7,1,-3.7,1.8
2024/11/21 8:20,0,5.8,1,-3.4,2
2024/11/21 8:25,0,6,1,-3.1,2.2
2024/11/21 8:30,0,6.1,1,-2.8,2.3
2024/11/21 8:35,0,6.2,1,-2.4,2.4
2024/11/21 8:40,0,6.4,1,-2.1,2.6
2024/11/21 8:45,0,6.5,1,-1.8,2.8
2024/11/21 8:50,0,6.6,1,-1.5,2.9
2024/11/21 8:55,0,6.8,1,-1.2,3.1
2024/11/21 9:00,0,6.9,1,-0.9,3.2
2024/11/21 9:05,0,7.3,1,-0.8,3.2
2024/11/21 9:10,0,7.6,1,-0.7,3.3
2024/11/21 9:15,0,8,1,-0.6,3.3
2024/11/21 9:20,0,8.4,1,-0.5,3.4
2024/11/21 9:25,0,8.7,1,-0.4,3.4
2024/11/21 9:30,0,9.1,1,-0.4,3.4
2024/11/21 9:35,0,9.5,1,-0.3,3.5
2024/11/21 9:40,0,9.8,1,-0.2,3.5
2024/11/21 9:45,0,10.2,1,-0.1,3.6
2024/11/21 9:50,0,10.6,1,0,3.6
2024/11/21 9:55,0,10.9,1,0.1,3.7
2024/11/21 10:00,0,11.3,1,0.2,3.7
2024/11/21 10:05,0,11.4,1,0.4,3.7
2024/11/21 10:10,0,11.6,1,0.7,3.8
2024/11/21 10:15,0,11.7,1,0.9,3.8
2024/11/21 10:20,0,11.9,1,1.2,3.8
2024/11/21 10:25,0,12,1,1.4,3.8
2024/11/21 10:30,0,12.2,1,1.6,3.8
2024/11/21 10:35,0,12.3,1,1.9,3.9
2024/11/21 10:40,0,12.4,1,2.1,3.9
2024/11/21 10:45,0,12.6,1,2.4,3.9
2024/11/21 10:50,0,12.7,1,2.6,4
2024/11/21 10:55,0,12.9,1,2.9,4
2024/11/21 11:00,0,13,3,3.1,4
2024/11/21 11:05,0,13,3,3.2,4
2024/11/21 11:10,0,13,3,3.3,3.9
2024/11/21 11:15,0,13,3,3.4,3.8
2024/11/21 11:20,0,13.1,3,3.5,3.8
2024/11/21 11:25,0,13.1,3,3.6,3.8
2024/11/21 11:30,0,13.1,3,3.8,3.7
2024/11/21 11:35,0,13.1,3,3.9,3.6
2024/11/21 11:40,0,13.1,3,4,3.6
2024/11/21 11:45,0,13.2,3,4.1,3.6
2024/11/21 11:50,0,13.2,3,4.2,3.5
2024/11/21 11:55,0,13.2,3,4.3,3.4
2024/11/21 12:00,0,13.2,3,4.4,3.4
2024/11/21 12:05,0,13.6,3,4.5,3.4
2024/11/21 12:10,0,14,3,4.6,3.4
2024/11/21 12:15,0,14.4,3,4.7,3.4
2024/11/21 12:20,0,14.9,3,4.8,3.4
2024/11/21 12:25,0,15.3,3,4.9,3.4
2024/11/21 12:30,0,15.7,3,5,3.4
2024/11/21 12:35,0,16.1,3,5.1,3.4
2024/11/21 12:40,0,16.5,3,5.2,3.4
2024/11/21 12:45,0,17,3,5.3,3.4
2024/11/21 12:50,0,17.4,3,5.4,3.4
2024/11/21 12:55,0,17.8,3,5.5,3.4
2024/11/21 13:00,0,18.2,1,5.6,3.4
2024/11/21 13:05,0,18.6,1,5.7,3.4
2024/11/21 13:10,0,18.9,1,5.8,3.3
2024/11/21 13:15,0,19.2,1,5.9,3.3
2024/11/21 13:20,0,19.6,1,6.1,3.3
2024/11/21 13:25,0,20,1,6.2,3.2
2024/11/21 13:30,0,20.3,1,6.3,3.2
2024/11/21 13:35,0,20.6,1,6.4,3.2
2024/11/21 13:40,0,21,1,6.5,3.1
2024/11/21 13:45,0,21.3,1,6.6,3.1
2024/11/21 13:50,0,21.7,1,6.8,3.1
2024/11/21 13:55,0,22,1,6.9,3
2024/11/21 14:00,0,22.4,1,7,3
2024/11/21 14:05,0,23,1,7.1,2.9
2024/11/21 14:10,0,23.7,1,7.1,2.9
2024/11/21 14:15,0,24.3,1,7.2,2.8
2024/11/21 14:20,0,24.9,1,7.2,2.7
2024/11/21 14:25,0,25.6,1,7.3,2.7
2024/11/21 14:30,0,26.2,1,7.4,2.6
2024/11/21 14:35,0,26.8,1,7.4,2.5
2024/11/21 14:40,0,27.5,1,7.5,2.5
2024/11/21 14:45,0,28.1,1,7.5,2.4
2024/11/21 14:50,0,28.7,1,7.6,2.3
2024/11/21 14:55,0,29.4,1,7.6,2.3
2024/11/21 15:00,0,30,1,7.7,2.2
2024/11/21 15:05,0,30,1,7.7,2.2
2024/11/21 15:10,0,30,1,7.6,2.2
2024/11/21 15:15,0,30,1,7.6,2.2
2024/11/21 15:20,0,30,1,7.6,2.1
2024/11/21 15:25,0,30,1,7.6,2.1
2024/11/21 15:30,0,30,1,7.6,2.1
2024/11/21 15:35,0,30,1,7.5,2.1
2024/11/21 15:40,0,30,1,7.5,2.1
2024/11/21 15:45,0,30,1,7.5,2
2024/11/21 15:50,0,30,1,7.4,2
2024/11/21 15:55,0,30,1,7.4,2
2024/11/21 16:00,0,30,1,7.4,2
2024/11/21 16:05,0,30,1,7.2,1.8
2024/11/21 16:10,0,30,1,6.9,1.7
2024/11/21 16:15,0,30,1,6.6,1.5
2024/11/21 16:20,0,30,1,6.4,1.4
2024/11/21 16:25,0,30,1,6.2,1.2
2024/11/21 16:30,0,30,1,5.9,1
2024/11/21 16:35,0,30,1,5.6,0.9
2024/11/21 16:40,0,30,1,5.4,0.7
2024/11/21 16:45,0,30,1,5.2,0.6
2024/11/21 16:50,0,30,1,4.9,0.4
2024/11/21 16:55,0,30,1,4.6,0.3
2024/11/21 17:00,0,30,1,4.4,0.1
2024/11/21 17:05,0,27.8,1,4.1,0.2
2024/11/21 17:10,0,25.6,1,3.8,0.4
2024/11/21 17:15,0,23.4,1,3.4,0.5
2024/11/21 17:20,0,21.2,1,3.1,0.7
2024/11/21 17:25,0,19,1,2.8,0.8
2024/11/21 17:30,0,16.8,1,2.5,1
2024/11/21 17:35,0,14.7,1,2.2,1.2
2024/11/21 17:40,0,12.5,1,1.9,1.3
2024/11/21 17:45,0,10.3,1,1.5,1.4
2024/11/21 17:50,0,8.1,1,1.2,1.6
2024/11/21 17:55,0,5.9,1,0.9,1.8
2024/11/21 18:00,0,3.7,4,0.6,1.9
2024/11/21 18:05,0,3.7,4,0.4,2
2024/11/21 18:10,0,3.7,4,0.2,2.1
2024/11/21 18:15,0,3.7,4,0.1,2.2
2024/11/21 18:20,0,3.7,4,-0.1,2.4
2024/11/21 18:25,0,3.7,4,-0.3,2.5
2024/11/21 18:30,0,3.7,4,-0.5,2.6
2024/11/21 18:35,0,3.7,4,-0.6,2.7
2024/11/21 18:40,0,3.7,4,-0.8,2.8
2024/11/21 18:45,0,3.7,4,-1,2.9
2024/11/21 18:50,0,3.7,4,-1.2,3.1
2024/11/21 18:55,0,3.7,4,-1.3,3.2
2024/11/21 19:00,0,3.7,4,-1.5,3.3
2024/11/21 19:05,0,3.6,4,-1.6,3.2
2024/11/21 19:10,0,3.5,4,-1.6,3
2024/11/21 19:15,0,3.4,4,-1.7,2.8
2024/11/21 19:20,0,3.4,4,-1.7,2.7
2024/11/21 19:25,0,3.3,4,-1.8,2.6
2024/11/21 19:30,0,3.2,4,-1.8,2.4
2024/11/21 19:35,0,3.1,4,-1.9,2.2
2024/11/21 19:40,0,3,4,-2,2.1
2024/11/21 19:45,0,3,4,-2,2
2024/11/21 19:50,0,2.9,4,-2.1,1.8
2024/11/21 19:55,0,2.8,4,-2.1,1.6
2024/11/21 20:00,0,2.7,5,-2.2,1.5
2024/11/21 20:05,0,2.7,5,-2.2,1.6
2024/11/21 20:10,0,2.6,5,-2.3,1.8
2024/11/21 20:15,0,2.6,5,-2.3,1.9
2024/11/21 20:20,0,2.6,5,-2.4,2.1
2024/11/21 20:25,0,2.5,5,-2.4,2.2
2024/11/21 20:30,0,2.5,5,-2.4,2.4
2024/11/21 20:35,0,2.5,5,-2.5,2.5
2024/11/21 20:40,0,2.4,5,-2.5,2.6
2024/11/21 20:45,0,2.4,5,-2.6,2.8
2024/11/21 20:50,0,2.4,5,-2.6,2.9
2024/11/21 20:55,0,2.3,5,-2.7,3.1
2024/11/21 21:00,0,2.3,8,-2.7,3.2
2024/11/21 21:05,0,2.2,8,-2.7,3.1
2024/11/21 21:10,0,2.2,8,-2.6,3
2024/11/21 21:15,0,2.2,8,-2.6,3
2024/11/21 21:20,0,2.1,8,-2.6,2.9
2024/11/21 21:25,0,2,8,-2.5,2.8
2024/11/21 21:30,0,2,8,-2.5,2.7
2024/11/21 21:35,0,2,8,-2.5,2.6
2024/11/21 21:40,0,1.9,8,-2.4,2.5
2024/11/21 21:45,0,1.8,8,-2.4,2.4
2024/11/21 21:50,0,1.8,8,-2.4,2.4
2024/11/21 21:55,0,1.8,8,-2.3,2.3
2024/11/21 22:00,0,1.7,8,-2.3,2.2
2024/11/21 22:05,0,1.9,8,-2.3,2.2
2024/11/21 22:10,0,2,8,-2.3,2.1
2024/11/21 22:15,0,2.2,8,-2.4,2.1
2024/11/21 22:20,0,2.4,8,-2.4,2
2024/11/21 22:25,0,2.5,8,-2.4,2
2024/11/21 22:30,0,2.7,8,-2.4,1.9
2024/11/21 22:35,0,2.9,8,-2.5,1.8
2024/11/21 22:40,0,3,8,-2.5,1.8
2024/11/21 22:45,0,3.2,8,-2.5,1.8
2024/11/21 22:50,0,3.4,8,-2.6,1.7
2024/11/21 22:55,0,3.5,8,-2.6,1.6
2024/11/21 23:00,0,3.7,8,-2.6,1.6
2024/11/21 23:05,0,3.6,8,-2.7,1.7
2024/11/21 23:10,0,3.5,8,-2.7,1.8
2024/11/21 23:15,0,3.4,8,-2.8,1.9
2024/11/21 23:20,0,3.3,8,-2.9,2
2024/11/21 23:25,0,3.2,8,-2.9,2.1
2024/11/21 23:30,0,3.1,8,-3,2.2
2024/11/21 23:35,0,3,8,-3.1,2.3
2024/11/21 23:40,0,2.9,8,-3.1,2.4
2024/11/21 23:45,0,2.8,8,-3.2,2.5
2024/11/21 23:50,0,2.7,8,-3.3,2.6
2024/11/21 23:55,0,2.6,8,-3.3,2.7
2024/11/22 0:00,0,2.5,5,-3.4,2.8
2024/11/22 0:05,0,2.4,5,-3.5,2.7
2024/11/22 0:10,0,2.4,5,-3.6,2.7
2024/11/22 0:15,0,2.4,5,-3.7,2.6
2024/11/22 0:20,0,2.3,5,-3.8,2.5
2024/11/22 0:25,0,2.2,5,-3.9,2.5
2024/11/22 0:30,0,2.2,5,-4,2.4
2024/11/22 0:35,0,2.2,5,-4.1,2.3
2024/11/22 0:40,0,2.1,5,-4.2,2.3
2024/11/22 0:45,0,2,5,-4.3,2.2
2024/11/22 0:50,0,2,5,-4.4,2.1
2024/11/22 0:55,0,1.9,5,-4.5,2.1
2024/11/22 1:00,0,1.9,5,-4.6,2
2024/11/22 1:05,0,1.9,5,-4.5,2.1
2024/11/22 1:10,0,2,5,-4.5,2.2
2024/11/22 1:15,0,2,5,-4.4,2.3
2024/11/22 1:20,0,2,5,-4.3,2.4
2024/11/22 1:25,0,2.1,5,-4.3,2.5
2024/11/22 1:30,0,2.1,5,-4.2,2.6
2024/11/22 1:35,0,2.1,5,-4.1,2.8
2024/11/22 1:40,0,2.2,5,-4.1,2.9
2024/11/22 1:45,0,2.2,5,-4,3
2024/11/22 1:50,0,2.2,5,-3.9,3.1
2024/11/22 1:55,0,2.3,5,-3.9,3.2
2024/11/22 2:00,0,2.3,5,-3.8,3.3
2024/11/22 2:05,0,2.4,5,-3.8,3.2
2024/11/22 2:10,0,2.4,5,-3.8,3.2
2024/11/22 2:15,0,2.5,5,-3.8,3.1
2024/11/22 2:20,0,2.5,5,-3.8,3.1
2024/11/22 2:25,0,2.6,5,-3.8,3
2024/11/22 2:30,0,2.6,5,-3.8,3
2024/11/22 2:35,0,2.7,5,-3.9,2.9
2024/11/22 2:40,0,2.8,5,-3.9,2.8
2024/11/22 2:45,0,2.8,5,-3.9,2.8
2024/11/22 2:50,0,2.9,5,-3.9,2.7
2024/11/22 2:55,0,2.9,5,-3.9,2.7
2024/11/22 3:00,0,3,4,-3.9,2.6
2024/11/22 3:05,0,3,4,-3.9,2.6
2024/11/22 3:10,0,3,4,-3.9,2.6
2024/11/22 3:15,0,3.1,4,-3.9,2.7
2024/11/22 3:20,0,3.1,4,-3.9,2.7
2024/11/22 3:25,0,3.1,4,-3.9,2.7
2024/11/22 3:30,0,3.2,4,-3.9,2.8
2024/11/22 3:35,0,3.2,4,-3.9,2.8
2024/11/22 3:40,0,3.2,4,-3.9,2.8
2024/11/22 3:45,0,3.2,4,-3.9,2.8
2024/11/22 3:50,0,3.2,4,-3.9,2.8
2024/11/22 3:55,0,3.3,4,-3.9,2.9
2024/11/22 4:00,0,3.3,4,-3.9,2.9
2024/11/22 4:05,0,3.3,4,-3.9,2.9
2024/11/22 4:10,0,3.3,4,-4,2.9
2024/11/22 4:15,0,3.3,4,-4,2.9
2024/11/22 4:20,0,3.3,4,-4,2.9
2024/11/22 4:25,0,3.3,4,-4,2.9
2024/11/22 4:30,0,3.3,4,-4,2.9
2024/11/22 4:35,0,3.3,4,-4.1,2.9
2024/11/22 4:40,0,3.3,4,-4.1,2.9
2024/11/22 4:45,0,3.3,4,-4.1,2.9
2024/11/22 4:50,0,3.3,4,-4.2,2.9
2024/11/22 4:55,0,3.3,4,-4.2,2.9
2024/11/22 5:00,0,3.3,4,-4.2,2.9
2024/11/22 5:05,0,3.3,4,-4.2,2.8
2024/11/22 5:10,0,3.3,4,-4.2,2.7
2024/11/22 5:15,0,3.2,4,-4.2,2.6
2024/11/22 5:20,0,3.2,4,-4.3,2.6
2024/11/22 5:25,0,3.2,4,-4.3,2.5
2024/11/22 5:30,0,3.2,4,-4.3,2.4
2024/11/22 5:35,0,3.2,4,-4.3,2.3
2024/11/22 5:40,0,3.2,4,-4.3,2.2
2024/11/22 5:45,0,3.2,4,-4.4,2.2
2024/11/22 5:50,0,3.1,4,-4.4,2.1
2024/11/22 5:55,0,3.1,4,-4.4,2
2024/11/22 6:00,0,3.1,4,-4.4,1.9
2024/11/22 6:05,0,3.1,4,-4.4,2
2024/11/22 6:10,0,3,4,-4.4,2.1
2024/11/22 6:15,0,3,4,-4.4,2.2
2024/11/22 6:20,0,3,4,-4.5,2.2
2024/11/22 6:25,0,3,4,-4.5,2.3
2024/11/22 6:30,0,3,4,-4.5,2.4
2024/11/22 6:35,0,2.9,4,-4.5,2.5
2024/11/22 6:40,0,2.9,4,-4.5,2.6
2024/11/22 6:45,0,2.9,4,-4.6,2.6
2024/11/22 6:50,0,2.8,4,-4.6,2.7
2024/11/22 6:55,0,2.8,4,-4.6,2.8
2024/11/22 7:00,0,2.8,4,-4.6,2.9
2024/11/22 7:05,0,2.8,4,-4.6,2.9
2024/11/22 7:10,0,2.7,4,-4.5,2.9
2024/11/22 7:15,0,2.7,4,-4.5,2.9
2024/11/22 7:20,0,2.7,4,-4.4,2.9
2024/11/22 7:25,0,2.6,4,-4.4,2.9
2024/11/22 7:30,0,2.6,4,-4.4,3
2024/11/22 7:35,0,2.6,4,-4.3,3
2024/11/22 7:40,0,2.5,4,-4.3,3
2024/11/22 7:45,0,2.5,4,-4.2,3
2024/11/22 7:50,0,2.5,4,-4.2,3
2024/11/22 7:55,0,2.4,4,-4.1,3
2024/11/22 8:00,0,2.4,4,-4.1,3
2024/11/22 8:05,0,2.5,4,-3.9,3.1
2024/11/22 8:10,0,2.6,4,-3.7,3.2
2024/11/22 8:15,0,2.6,4,-3.5,3.4
2024/11/22 8:20,0,2.7,4,-3.3,3.5
2024/11/22 8:25,0,2.8,4,-3.1,3.6
2024/11/22 8:30,0,2.9,4,-2.9,3.8
2024/11/22 8:35,0,3,4,-2.8,3.9
2024/11/22 8:40,0,3.1,4,-2.6,4
2024/11/22 8:45,0,3.2,4,-2.4,4.1
2024/11/22 8:50,0,3.2,4,-2.2,4.2
2024/11/22 8:55,0,3.3,4,-2,4.4
2024/11/22 9:00,0,3.4,5,-1.8,4.5
2024/11/22 9:05,0,3.5,5,-1.7,4.6
2024/11/22 9:10,0,3.5,5,-1.6,4.6
2024/11/22 9:15,0,3.6,5,-1.4,4.6
2024/11/22 9:20,0,3.6,5,-1.3,4.7
2024/11/22 9:25,0,3.7,5,-1.2,4.8
2024/11/22 9:30,0,3.8,5,-1,4.8
2024/11/22 9:35,0,3.8,5,-0.9,4.8
2024/11/22 9:40,0,3.9,5,-0.8,4.9
2024/11/22 9:45,0,3.9,5,-0.7,4.9
2024/11/22 9:50,0,4,5,-0.6,5
2024/11/22 9:55,0,4,5,-0.4,5
2024/11/22 10:00,0,4.1,1,-0.3,5.1
2024/11/22 10:05,0,4.3,1,-0.1,5.2
2024/11/22 10:10,0,4.5,1,0.1,5.3
2024/11/22 10:15,0,4.6,1,0.3,5.4
2024/11/22 10:20,0,4.8,1,0.5,5.4
2024/11/22 10:25,0,5,1,0.7,5.5
2024/11/22 10:30,0,5.2,1,0.8,5.6
2024/11/22 10:35,0,5.4,1,1,5.7
2024/11/22 10:40,0,5.6,1,1.2,5.8
2024/11/22 10:45,0,5.8,1,1.4,5.8
2024/11/22 10:50,0,5.9,1,1.6,5.9
2024/11/22 10:55,0,6.1,1,1.8,6
2024/11/22 11:00,0,6.3,3,2,6.1
2024/11/22 11:05,0,6.4,3,2.1,6.1
2024/11/22 11:10,0,6.6,3,2.2,6.2
2024/11/22 11:15,0,6.8,3,2.3,6.2
2024/11/22 11:20,0,6.9,3,2.4,6.3
2024/11/22 11:25,0,7,3,2.5,6.4
2024/11/22 11:30,0,7.2,3,2.6,6.4
2024/11/22 11:35,0,7.4,3,2.8,6.4
2024/11/22 11:40,0,7.5,3,2.9,6.5
2024/11/22 11:45,0,7.6,3,3,6.6
2024/11/22 11:50,0,7.8,3,3.1,6.6
2024/11/22 11:55,0,8,3,3.2,6.6
2024/11/22 12:00,0,8.1,3,3.3,6.7
2024/11/22 12:05,0,8.1,3,3.4,6.6
2024/11/22 12:10,0,8.1,3,3.6,6.6
2024/11/22 12:15,0,8.1,3,3.7,6.6
2024/11/22 12:20,0,8.1,3,3.8,6.5
2024/11/22 12:25,0,8.1,3,4,6.4
2024/11/22 12:30,0,8.1,3,4.1,6.4
2024/11/22 12:35,0,8.1,3,4.2,6.4
2024/11/22 12:40,0,8.1,3,4.4,6.3
2024/11/22 12:45,0,8.1,3,4.5,6.2
2024/11/22 12:50,0,8.1,3,4.6,6.2
2024/11/22 12:55,0,8.1,3,4.8,6.1
2024/11/22 13:00,0,8.1,3,4.9,6.1
2024/11/22 13:05,0,8.2,3,5,6.2
2024/11/22 13:10,0,8.4,3,5.1,6.3
2024/11/22 13:15,0,8.6,3,5.1,6.4
2024/11/22 13:20,0,8.7,3,5.2,6.4
2024/11/22 13:25,0,8.8,3,5.3,6.5
2024/11/22 13:30,0,9,3,5.4,6.6
2024/11/22 13:35,0,9.2,3,5.4,6.7
2024/11/22 13:40,0,9.3,3,5.5,6.8
2024/11/22 13:45,0,9.4,3,5.6,6.8
2024/11/22 13:50,0,9.6,3,5.6,6.9
2024/11/22 13:55,0,9.8,3,5.7,7
2024/11/22 14:00,0,9.9,3,5.8,7.1
2024/11/22 14:05,0,10.3,3,5.8,7
2024/11/22 14:10,0,10.7,3,5.9,6.9
2024/11/22 14:15,0,11.2,3,5.9,6.8
2024/11/22 14:20,0,11.6,3,5.9,6.7
2024/11/22 14:25,0,12,3,6,6.6
2024/11/22 14:30,0,12.4,3,6,6.5
2024/11/22 14:35,0,12.8,3,6,6.4
2024/11/22 14:40,0,13.2,3,6.1,6.3
2024/11/22 14:45,0,13.6,3,6.1,6.2
2024/11/22 14:50,0,14.1,3,6.1,6.1
2024/11/22 14:55,0,14.5,3,6.2,6
2024/11/22 15:00,0,14.9,1,6.2,5.9
2024/11/22 15:05,0,14.7,1,6.1,5.8
2024/11/22 15:10,0,14.5,1,6.1,5.7
2024/11/22 15:15,0,14.3,1,6,5.6
2024/11/22 15:20,0,14.1,1,6,5.5
2024/11/22 15:25,0,13.9,1,5.9,5.4
2024/11/22 15:30,0,13.8,1,5.8,5.3
2024/11/22 15:35,0,13.6,1,5.8,5.2
2024/11/22 15:40,0,13.4,1,5.7,5.1
2024/11/22 15:45,0,13.2,1,5.7,5
2024/11/22 15:50,0,13,1,5.6,4.9
2024/11/22 15:55,0,12.8,1,5.6,4.8
2024/11/22 16:00,0,12.6,1,5.5,4.7
2024/11/22 16:05,0,12.7,1,5.3,4.6
2024/11/22 16:10,0,12.8,1,5.1,4.5
2024/11/22 16:15,0,13,1,4.9,4.4
2024/11/22 16:20,0,13.1,1,4.7,4.2
2024/11/22 16:25,0,13.2,1,4.5,4.1
2024/11/22 16:30,0,13.3,1,4.2,4
2024/11/22 16:35,0,13.4,1,4,3.9
2024/11/22 16:40,0,13.5,1,3.8,3.8
2024/11/22 16:45,0,13.6,1,3.6,3.6
2024/11/22 16:50,0,13.8,1,3.4,3.5
2024/11/22 16:55,0,13.9,1,3.2,3.4
2024/11/22 17:00,0,14,1,3,3.3
2024/11/22 17:05,0,13.8,1,2.8,3.2
2024/11/22 17:10,0,13.6,1,2.7,3.2
2024/11/22 17:15,0,13.4,1,2.6,3.1
2024/11/22 17:20,0,13.2,1,2.4,3.1
2024/11/22 17:25,0,13,1,2.2,3
2024/11/22 17:30,0,12.8,1,2.1,3
2024/11/22 17:35,0,12.5,1,2,2.9
2024/11/22 17:40,0,12.3,1,1.8,2.8
2024/11/22 17:45,0,12.1,1,1.6,2.8
2024/11/22 17:50,0,11.9,1,1.5,2.7
2024/11/22 17:55,0,11.7,1,1.4,2.7
2024/11/22 18:00,0,11.5,1,1.2,2.6
2024/11/22 18:05,0,11.4,1,1.1,2.6
2024/11/22 18:10,0,11.3,1,1,2.6
2024/11/22 18:15,0,11.2,1,0.9,2.6
2024/11/22 18:20,0,11.2,1,0.8,2.6
2024/11/22 18:25,0,11.1,1,0.7,2.6
2024/11/22 18:30,0,11,1,0.5,2.7
2024/11/22 18:35,0,10.9,1,0.4,2.7
2024/11/22 18:40,0,10.8,1,0.3,2.7
2024/11/22 18:45,0,10.8,1,0.2,2.7
2024/11/22 18:50,0,10.7,1,0.1,2.7
2024/11/22 18:55,0,10.6,1,0,2.7
2024/11/22 19:00,0,10.5,1,-0.1,2.7
2024/11/22 19:05,0,10.5,1,-0.1,2.7
2024/11/22 19:10,0,10.5,1,-0.2,2.7
2024/11/22 19:15,0,10.5,1,-0.2,2.6
2024/11/22 19:20,0,10.5,1,-0.2,2.6
2024/11/22 19:25,0,10.5,1,-0.3,2.6
2024/11/22 19:30,0,10.4,1,-0.3,2.6
2024/11/22 19:35,0,10.4,1,-0.3,2.5
2024/11/22 19:40,0,10.4,1,-0.4,2.5
2024/11/22 19:45,0,10.4,1,-0.4,2.5
2024/11/22 19:50,0,10.4,1,-0.4,2.4
2024/11/22 19:55,0,10.4,1,-0.5,2.4
2024/11/22 20:00,0,10.4,1,-0.5,2.4
2024/11/22 20:05,0,10.2,1,-0.5,2.4
2024/11/22 20:10,0,10.1,1,-0.5,2.4
2024/11/22 20:15,0,9.9,1,-0.6,2.4
2024/11/22 20:20,0,9.7,1,-0.6,2.4
2024/11/22 20:25,0,9.6,1,-0.6,2.4
2024/11/22 20:30,0,9.4,1,-0.6,2.4
2024/11/22 20:35,0,9.2,1,-0.6,2.4
2024/11/22 20:40,0,9.1,1,-0.6,2.4
2024/11/22 20:45,0,8.9,1,-0.6,2.4
2024/11/22 20:50,0,8.7,1,-0.7,2.4
2024/11/22 20:55,0,8.6,1,-0.7,2.4
2024/11/22 21:00,0,8.4,1,-0.7,2.4
2024/11/22 21:05,0,8.4,1,-0.6,2.4
2024/11/22 21:10,0,8.4,1,-0.6,2.5
2024/11/22 21:15,0,8.5,1,-0.5,2.5
2024/11/22 21:20,0,8.5,1,-0.5,2.6
2024/11/22 21:25,0,8.5,1,-0.4,2.6
2024/11/22 21:30,0,8.6,1,-0.4,2.6
2024/11/22 21:35,0,8.6,1,-0.4,2.7
2024/11/22 21:40,0,8.6,1,-0.3,2.7
2024/11/22 21:45,0,8.6,1,-0.2,2.8
2024/11/22 21:50,0,8.6,1,-0.2,2.8
2024/11/22 21:55,0,8.7,1,-0.2,2.9
2024/11/22 22:00,0,8.7,1,-0.1,2.9
2024/11/22 22:05,0,8.7,1,-0.1,2.8
2024/11/22 22:10,0,8.6,1,-0.1,2.7
2024/11/22 22:15,0,8.6,1,-0.1,2.6
2024/11/22 22:20,0,8.6,1,-0.1,2.6
2024/11/22 22:25,0,8.6,1,-0.1,2.5
2024/11/22 22:30,0,8.6,1,-0.2,2.4
2024/11/22 22:35,0,8.5,1,-0.2,2.3
2024/11/22 22:40,0,8.5,1,-0.2,2.2
2024/11/22 22:45,0,8.5,1,-0.2,2.2
2024/11/22 22:50,0,8.4,1,-0.2,2.1
2024/11/22 22:55,0,8.4,1,-0.2,2
2024/11/22 23:00,0,8.4,2,-0.2,1.9
2024/11/22 23:05,0,8.4,2,-0.2,1.9
2024/11/22 23:10,0,8.4,2,-0.2,1.8
2024/11/22 23:15,0,8.5,2,-0.2,1.8
2024/11/22 23:20,0,8.5,2,-0.2,1.8
2024/11/22 23:25,0,8.5,2,-0.2,1.7
2024/11/22 23:30,0,8.6,2,-0.2,1.7
2024/11/22 23:35,0,8.6,2,-0.1,1.7
2024/11/22 23:40,0,8.6,2,-0.1,1.6
2024/11/22 23:45,0,8.6,2,-0.1,1.6
2024/11/22 23:50,0,8.6,2,-0.1,1.6
2024/11/22 23:55,0,8.7,2,-0.1,1.5
2024/11/23 0:00,0,8.7,3,-0.1,1.5
2024/11/23 0:05,0,8.7,3,-0.1,1.6
2024/11/23 0:10,0,8.7,3,-0.1,1.6
2024/11/23 0:15,0,8.7,3,-0.1,1.6
2024/11/23 0:20,0,8.7,3,-0.1,1.7
2024/11/23 0:25,0,8.7,3,-0.1,1.8
2024/11/23 0:30,0,8.7,3,-0.1,1.8
2024/11/23 0:35,0,8.7,3,-0.1,1.8
2024/11/23 0:40,0,8.7,3,-0.1,1.9
2024/11/23 0:45,0,8.7,3,-0.1,2
2024/11/23 0:50,0,8.7,3,-0.1,2
2024/11/23 0:55,0,8.7,3,-0.1,2.1
2024/11/23 1:00,0,8.7,1,-0.1,2.1
2024/11/23 1:05,0,8.6,1,-0.1,2.4
2024/11/23 1:10,0,8.6,1,-0.2,2.7
2024/11/23 1:15,0,8.5,1,-0.2,3
2024/11/23 1:20,0,8.5,1,-0.2,3.2
2024/11/23 1:25,0,8.4,1,-0.2,3.5
2024/11/23 1:30,0,8.4,1,-0.2,3.8
2024/11/23 1:35,0,8.3,1,-0.3,4.1
2024/11/23 1:40,0,8.2,1,-0.3,4.4
2024/11/23 1:45,0,8.2,1,-0.3,4.6
2024/11/23 1:50,0,8.1,1,-0.4,4.9
2024/11/23 1:55,0,8.1,1,-0.4,5.2
2024/11/23 2:00,0,8,3,-0.4,5.5
2024/11/23 2:05,0,8.1,3,-0.4,5.5
2024/11/23 2:10,0,8.2,3,-0.4,5.5
2024/11/23 2:15,0,8.2,3,-0.4,5.5
2024/11/23 2:20,0,8.3,3,-0.4,5.5
2024/11/23 2:25,0,8.4,3,-0.4,5.5
2024/11/23 2:30,0,8.4,3,-0.4,5.4
2024/11/23 2:35,0,8.5,3,-0.4,5.4
2024/11/23 2:40,0,8.6,3,-0.4,5.4
2024/11/23 2:45,0,8.7,3,-0.4,5.4
2024/11/23 2:50,0,8.8,3,-0.4,5.4
2024/11/23 2:55,0,8.8,3,-0.4,5.4
2024/11/23 3:00,0,8.9,2,-0.4,5.4
2024/11/23 3:05,0,9,2,-0.4,5.3
2024/11/23 3:10,0,9.1,2,-0.4,5.2
2024/11/23 3:15,0,9.2,2,-0.4,5.2
2024/11/23 3:20,0,9.2,2,-0.3,5.1
2024/11/23 3:25,0,9.3,2,-0.3,5
2024/11/23 3:30,0,9.4,2,-0.3,4.9
2024/11/23 3:35,0,9.5,2,-0.3,4.8
2024/11/23 3:40,0,9.6,2,-0.3,4.7
2024/11/23 3:45,0,9.6,2,-0.2,4.6
2024/11/23 3:50,0,9.7,2,-0.2,4.6
2024/11/23 3:55,0,9.8,2,-0.2,4.5
2024/11/23 4:00,0,9.9,1,-0.2,4.4
2024/11/23 4:05,0,10,1,-0.2,4.4
2024/11/23 4:10,0,10.2,1,-0.2,4.5
2024/11/23 4:15,0,10.3,1,-0.2,4.6
2024/11/23 4:20,0,10.5,1,-0.3,4.6
2024/11/23 4:25,0,10.6,1,-0.3,4.6
2024/11/23 4:30,0,10.8,1,-0.3,4.7
2024/11/23 4:35,0,10.9,1,-0.3,4.8
2024/11/23 4:40,0,11,1,-0.3,4.8
2024/11/23 4:45,0,11.2,1,-0.4,4.8
2024/11/23 4:50,0,11.3,1,-0.4,4.9
2024/11/23 4:55,0,11.5,1,-0.4,5
2024/11/23 5:00,0,11.6,1,-0.4,5
2024/11/23 5:05,0,11.6,1,-0.4,5
2024/11/23 5:10,0,11.6,1,-0.5,4.9
2024/11/23 5:15,0,11.6,1,-0.6,4.8
2024/11/23 5:20,0,11.6,1,-0.6,4.8
2024/11/23 5:25,0,11.6,1,-0.6,4.8
2024/11/23 5:30,0,11.6,1,-0.7,4.7
2024/11/23 5:35,0,11.6,1,-0.8,4.6
2024/11/23 5:40,0,11.6,1,-0.8,4.6
2024/11/23 5:45,0,11.6,1,-0.8,4.6
2024/11/23 5:50,0,11.6,1,-0.9,4.5
2024/11/23 5:55,0,11.6,1,-1,4.4
2024/11/23 6:00,0,11.6,1,-1,4.4
2024/11/23 6:05,0,11.6,1,-1,4.4
2024/11/23 6:10,0,11.6,1,-1.1,4.3
2024/11/23 6:15,0,11.6,1,-1.1,4.2
2024/11/23 6:20,0,11.6,1,-1.2,4.2
2024/11/23 6:25,0,11.6,1,-1.2,4.2
2024/11/23 6:30,0,11.6,1,-1.2,4.1
2024/11/23 6:35,0,11.7,1,-1.3,4
2024/11/23 6:40,0,11.7,1,-1.3,4
2024/11/23 6:45,0,11.7,1,-1.4,4
2024/11/23 6:50,0,11.7,1,-1.4,3.9
2024/11/23 6:55,0,11.7,1,-1.5,3.8
2024/11/23 7:00,0,11.7,1,-1.5,3.8
2024/11/23 7:05,0,11.6,1,-1.5,3.8
2024/11/23 7:10,0,11.4,1,-1.5,3.8
2024/11/23 7:15,0,11.3,1,-1.6,3.8
2024/11/23 7:20,0,11.1,1,-1.6,3.8
2024/11/23 7:25,0,11,1,-1.6,3.8
2024/11/23 7:30,0,10.8,1,-1.6,3.8
2024/11/23 7:35,0,10.7,1,-1.6,3.7
2024/11/23 7:40,0,10.6,1,-1.6,3.7
2024/11/23 7:45,0,10.4,1,-1.6,3.7
2024/11/23 7:50,0,10.3,1,-1.7,3.7
2024/11/23 7:55,0,10.1,1,-1.7,3.7
2024/11/23 8:00,0,10,1,-1.7,3.7
2024/11/23 8:05,0,10,1,-1.5,3.8
2024/11/23 8:10,0,10.1,1,-1.3,3.9
2024/11/23 8:15,0,10.1,1,-1.1,4
2024/11/23 8:20,0,10.1,1,-0.9,4.1
2024/11/23 8:25,0,10.2,1,-0.7,4.2
2024/11/23 8:30,0,10.2,1,-0.5,4.3
2024/11/23 8:35,0,10.2,1,-0.3,4.4
2024/11/23 8:40,0,10.3,1,-0.1,4.5
2024/11/23 8:45,0,10.3,1,0.1,4.6
2024/11/23 8:50,0,10.3,1,0.3,4.7
2024/11/23 8:55,0,10.4,1,0.5,4.8
2024/11/23 9:00,0,10.4,1,0.7,4.9
2024/11/23 9:05,0,10.2,1,0.9,4.9
2024/11/23 9:10,0,10.1,1,1.1,5
2024/11/23 9:15,0,10,1,1.3,5
2024/11/23 9:20,0,9.8,1,1.5,5.1
2024/11/23 9:25,0,9.6,1,1.7,5.1
2024/11/23 9:30,0,9.5,1,1.8,5.2
2024/11/23 9:35,0,9.4,1,2,5.2
2024/11/23 9:40,0,9.2,1,2.2,5.2
2024/11/23 9:45,0,9,1,2.4,5.3
2024/11/23 9:50,0,8.9,1,2.6,5.3
2024/11/23 9:55,0,8.8,1,2.8,5.4
2024/11/23 10:00,0,8.6,1,3,5.4
2024/11/23 10:05,0,8.5,1,3.1,5.5
2024/11/23 10:10,0,8.4,1,3.2,5.5
2024/11/23 10:15,0,8.4,1,3.4,5.6
2024/11/23 10:20,0,8.3,1,3.5,5.7
2024/11/23 10:25,0,8.2,1,3.6,5.7
2024/11/23 10:30,0,8.1,1,3.8,5.8
2024/11/23 10:35,0,8,1,3.9,5.9
2024/11/23 10:40,0,7.9,1,4,5.9
2024/11/23 10:45,0,7.8,1,4.1,6
2024/11/23 10:50,0,7.8,1,4.2,6.1
2024/11/23 10:55,0,7.7,1,4.4,6.1
2024/11/23 11:00,0,7.6,1,4.5,6.2
2024/11/23 11:05,0,7.5,1,4.6,6.1
2024/11/23 11:10,0,7.5,1,4.7,6
2024/11/23 11:15,0,7.4,1,4.8,5.8
2024/11/23 11:20,0,7.4,1,5,5.7
2024/11/23 11:25,0,7.3,1,5.1,5.6
2024/11/23 11:30,0,7.2,1,5.2,5.5
2024/11/23 11:35,0,7.2,1,5.3,5.4
2024/11/23 11:40,0,7.1,1,5.4,5.3
2024/11/23 11:45,0,7.1,1,5.6,5.2
2024/11/23 11:50,0,7,1,5.7,5
2024/11/23 11:55,0,7,1,5.8,4.9
2024/11/23 12:00,0,6.9,1,5.9,4.8
2024/11/23 12:05,0,6.9,1,6,4.9
2024/11/23 12:10,0,6.8,1,6.1,4.9
2024/11/23 12:15,0,6.8,1,6.2,5
2024/11/23 12:20,0,6.8,1,6.2,5
2024/11/23 12:25,0,6.7,1,6.3,5.1
2024/11/23 12:30,0,6.7,1,6.4,5.2
2024/11/23 12:35,0,6.7,1,6.5,5.2
2024/11/23 12:40,0,6.6,1,6.6,5.3
2024/11/23 12:45,0,6.6,1,6.6,5.3
2024/11/23 12:50,0,6.6,1,6.7,5.4
2024/11/23 12:55,0,6.5,1,6.8,5.4
2024/11/23 13:00,0,6.5,3,6.9,5.5
2024/11/23 13:05,0,6.5,3,6.9,5.5
2024/11/23 13:10,0,6.5,3,7,5.4
2024/11/23 13:15,0,6.5,3,7,5.4
2024/11/23 13:20,0,6.5,3,7,5.4
2024/11/23 13:25,0,6.5,3,7.1,5.4
2024/11/23 13:30,0,6.5,3,7.1,5.4
2024/11/23 13:35,0,6.5,3,7.1,5.3
2024/11/23 13:40,0,6.5,3,7.2,5.3
2024/11/23 13:45,0,6.5,3,7.2,5.3
2024/11/23 13:50,0,6.5,3,7.2,5.2
2024/11/23 13:55,0,6.5,3,7.3,5.2
2024/11/23 14:00,0,6.5,1,7.3,5.2
2024/11/23 14:05,0,6.5,1,7.3,5.2
2024/11/23 14:10,0,6.4,1,7.3,5.3
2024/11/23 14:15,0,6.4,1,7.3,5.4
2024/11/23 14:20,0,6.4,1,7.3,5.4
2024/11/23 14:25,0,6.3,1,7.3,5.4
2024/11/23 14:30,0,6.3,1,7.2,5.5
2024/11/23 14:35,0,6.3,1,7.2,5.6
2024/11/23 14:40,0,6.2,1,7.2,5.6
2024/11/23 14:45,0,6.2,1,7.2,5.6
2024/11/23 14:50,0,6.2,1,7.2,5.7
2024/11/23 14:55,0,6.1,1,7.2,5.8
2024/11/23 15:00,0,6.1,1,7.2,5.8
2024/11/23 15:05,0,6.1,1,7.1,5.6
2024/11/23 15:10,0,6.1,1,7.1,5.5
2024/11/23 15:15,0,6.1,1,7,5.3
2024/11/23 15:20,0,6.1,1,6.9,5.1
2024/11/23 15:25,0,6.1,1,6.9,5
2024/11/23 15:30,0,6,1,6.8,4.8
2024/11/23 15:35,0,6,1,6.7,4.6
2024/11/23 15:40,0,6,1,6.7,4.5
2024/11/23 15:45,0,6,1,6.6,4.3
2024/11/23 15:50,0,6,1,6.5,4.1
2024/11/23 15:55,0,6,1,6.5,4
2024/11/23 16:00,0,6,1,6.4,3.8
2024/11/23 16:05,0,5.9,1,6.2,3.7
2024/11/23 16:10,0,5.8,1,6.1,3.5
2024/11/23 16:15,0,5.8,1,5.9,3.4
2024/11/23 16:20,0,5.7,1,5.7,3.3
2024/11/23 16:25,0,5.6,1,5.5,3.1
2024/11/23 16:30,0,5.5,1,5.4,3
2024/11/23 16:35,0,5.4,1,5.2,2.9
2024/11/23 16:40,0,5.3,1,5,2.7
2024/11/23 16:45,0,5.2,1,4.8,2.6
2024/11/23 16:50,0,5.2,1,4.6,2.5
2024/11/23 16:55,0,5.1,1,4.5,2.3
2024/11/23 17:00,0,5,1,4.3,2.2
2024/11/23 17:05,0,4.9,1,4.1,2.2
2024/11/23 17:10,0,4.8,1,4,2.2
2024/11/23 17:15,0,4.8,1,3.8,2.2
2024/11/23 17:20,0,4.7,1,3.7,2.2
2024/11/23 17:25,0,4.6,1,3.6,2.2
2024/11/23 17:30,0,4.6,1,3.4,2.2
2024/11/23 17:35,0,4.5,1,3.2,2.3
2024/11/23 17:40,0,4.4,1,3.1,2.3
2024/11/23 17:45,0,4.3,1,3,2.3
2024/11/23 17:50,0,4.2,1,2.8,2.3
2024/11/23 17:55,0,4.2,1,2.6,2.3
2024/11/23 18:00,0,4.1,1,2.5,2.3
2024/11/23 18:05,0,4.1,1,2.5,2.3
2024/11/23 18:10,0,4.1,1,2.5,2.2
2024/11/23 18:15,0,4,1,2.6,2.2
2024/11/23 18:20,0,4,1,2.6,2.1
2024/11/23 18:25,0,4,1,2.6,2.1
2024/11/23 18:30,0,4,1,2.6,2
2024/11/23 18:35,0,4,1,2.6,2
2024/11/23 18:40,0,4,1,2.6,2
2024/11/23 18:45,0,4,1,2.7,1.9
2024/11/23 18:50,0,3.9,1,2.7,1.9
2024/11/23 18:55,0,3.9,1,2.7,1.8
2024/11/23 19:00,0,3.9,5,2.7,1.8
2024/11/23 19:05,0,3.9,5,2.6,1.8
2024/11/23 19:10,0,3.8,5,2.6,1.7
2024/11/23 19:15,0,3.8,5,2.5,1.7
2024/11/23 19:20,0,3.7,5,2.4,1.6
2024/11/23 19:25,0,3.7,5,2.3,1.6
2024/11/23 19:30,0,3.6,5,2.2,1.6
2024/11/23 19:35,0,3.6,5,2.2,1.5
2024/11/23 19:40,0,3.6,5,2.1,1.5
2024/11/23 19:45,0,3.5,5,2,1.4
2024/11/23 19:50,0,3.5,5,2,1.4
2024/11/23 19:55,0,3.4,5,1.9,1.3
2024/11/23 20:00,0,3.4,5,1.8,1.3
2024/11/23 20:05,0,3.4,5,1.9,1.5
2024/11/23 20:10,0,3.4,5,2,1.7
2024/11/23 20:15,0,3.5,5,2.2,1.9
2024/11/23 20:20,0,3.5,5,2.3,2.1
2024/11/23 20:25,0,3.5,5,2.4,2.3
2024/11/23 20:30,0,3.6,5,2.5,2.6
2024/11/23 20:35,0,3.6,5,2.6,2.8
2024/11/23 20:40,0,3.6,5,2.7,3
2024/11/23 20:45,0,3.6,5,2.8,3.2
2024/11/23 20:50,0,3.6,5,3,3.4
2024/11/23 20:55,0,3.7,5,3.1,3.6
2024/11/23 21:00,0,3.7,8,3.2,3.8
2024/11/23 21:05,0,3.7,8,3.2,3.8
2024/11/23 21:10,0,3.7,8,3.2,3.8
2024/11/23 21:15,0,3.7,8,3.2,3.7
2024/11/23 21:20,0,3.7,8,3.2,3.7
2024/11/23 21:25,0,3.7,8,3.2,3.7
2024/11/23 21:30,0,3.7,8,3.2,3.6
2024/11/23 21:35,0,3.7,8,3.2,3.6
2024/11/23 21:40,0,3.7,8,3.2,3.6
2024/11/23 21:45,0,3.7,8,3.2,3.6
2024/11/23 21:50,0,3.7,8,3.2,3.6
2024/11/23 21:55,0,3.7,8,3.2,3.5
2024/11/23 22:00,0,3.7,5,3.2,3.5
2024/11/23 22:05,0,3.7,5,3.2,3.6
2024/11/23 22:10,0,3.6,5,3.2,3.6
2024/11/23 22:15,0,3.6,5,3.2,3.7
2024/11/23 22:20,0,3.6,5,3.3,3.8
2024/11/23 22:25,0,3.6,5,3.3,3.8
2024/11/23 22:30,0,3.6,5,3.3,3.9
2024/11/23 22:35,0,3.5,5,3.3,4
2024/11/23 22:40,0,3.5,5,3.3,4
2024/11/23 22:45,0,3.5,5,3.4,4.1
2024/11/23 22:50,0,3.4,5,3.4,4.2
2024/11/23 22:55,0,3.4,5,3.4,4.2
2024/11/23 23:00,0,3.4,5,3.4,4.3
2024/11/23 23:05,0,3.4,5,3.4,4.4
2024/11/23 23:10,0,3.5,5,3.5,4.6
2024/11/23 23:15,0,3.5,5,3.6,4.7
2024/11/23 23:20,0,3.6,5,3.6,4.8
2024/11/23 23:25,0,3.6,5,3.6,5
2024/11/23 23:30,0,3.6,5,3.7,5.1
2024/11/23 23:35,0,3.7,5,3.8,5.2
2024/11/23 23:40,0,3.7,5,3.8,5.4
2024/11/23 23:45,0,3.8,5,3.8,5.5
2024/11/23 23:50,0,3.8,5,3.9,5.6
2024/11/23 23:55,0,3.9,5,4,5.8
2024/11/24 0:00,0,3.9,8,4,5.9
2024/11/24 0:05,0,3.9,8,4,5.8
2024/11/24 0:10,0,3.9,8,4,5.7
2024/11/24 0:15,0,3.9,8,4,5.6
2024/11/24 0:20,0,3.9,8,3.9,5.4
2024/11/24 0:25,0,3.9,8,3.9,5.3
2024/11/24 0:30,0,4,8,3.9,5.2
2024/11/24 0:35,0,4,8,3.9,5.1
2024/11/24 0:40,0,4,8,3.9,5
2024/11/24 0:45,0,4,8,3.8,4.8
2024/11/24 0:50,0,4,8,3.8,4.7
2024/11/24 0:55,0,4,8,3.8,4.6
2024/11/24 1:00,0,4,3,3.8,4.5
2024/11/24 1:05,0,4,3,3.8,4.4
2024/11/24 1:10,0,4,3,3.8,4.3
2024/11/24 1:15,0,3.9,3,3.8,4.2
2024/11/24 1:20,0,3.9,3,3.7,4.2
2024/11/24 1:25,0,3.9,3,3.7,4.1
2024/11/24 1:30,0,3.8,3,3.7,4
2024/11/24 1:35,0,3.8,3,3.7,3.9
2024/11/24 1:40,0,3.8,3,3.7,3.8
2024/11/24 1:45,0,3.8,3,3.6,3.8
2024/11/24 1:50,0,3.8,3,3.6,3.7
2024/11/24 1:55,0,3.7,3,3.6,3.6
2024/11/24 2:00,0,3.7,8,3.6,3.5
2024/11/24 2:05,0,3.7,8,3.6,3.5
2024/11/24 2:10,0,3.6,8,3.6,3.4
2024/11/24 2:15,0,3.6,8,3.6,3.4
2024/11/24 2:20,0,3.6,8,3.5,3.3
2024/11/24 2:25,0,3.6,8,3.5,3.3
2024/11/24 2:30,0,3.6,8,3.5,3.2
2024/11/24 2:35,0,3.5,8,3.5,3.2
2024/11/24 2:40,0,3.5,8,3.5,3.2
2024/11/24 2:45,0,3.5,8,3.4,3.1
2024/11/24 2:50,0,3.4,8,3.4,3.1
2024/11/24 2:55,0,3.4,8,3.4,3
2024/11/24 3:00,0,3.4,5,3.4,3
2024/11/24 3:05,0,3.3,5,3.4,3
2024/11/24 3:10,0,3.2,5,3.3,3
2024/11/24 3:15,0,3.2,5,3.3,3
2024/11/24 3:20,0,3.1,5,3.3,3.1
2024/11/24 3:25,0,3,5,3.2,3.1
2024/11/24 3:30,0,2.9,5,3.2,3.1
2024/11/24 3:35,0,2.8,5,3.2,3.1
2024/11/24 3:40,0,2.7,5,3.1,3.1
2024/11/24 3:45,0,2.6,5,3.1,3.2
2024/11/24 3:50,0,2.6,5,3.1,3.2
2024/11/24 3:55,0,2.5,5,3,3.2
2024/11/24 4:00,0,2.4,5,3,3.2
2024/11/24 4:05,0,2.4,5,3,3.1
2024/11/24 4:10,0,2.4,5,3,3
2024/11/24 4:15,0,2.4,5,3,2.8
2024/11/24 4:20,0,2.5,5,3,2.7
2024/11/24 4:25,0,2.5,5,3,2.6
2024/11/24 4:30,0,2.5,5,3,2.5
2024/11/24 4:35,0,2.5,5,3,2.4
2024/11/24 4:40,0,2.5,5,3,2.3
2024/11/24 4:45,0,2.6,5,3,2.2
2024/11/24 4:50,0,2.6,5,3,2
2024/11/24 4:55,0,2.6,5,3,1.9
2024/11/24 5:00,0,2.6,5,3,1.8
2024/11/24 5:05,0,2.6,5,3,2
2024/11/24 5:10,0,2.7,5,3,2.2
2024/11/24 5:15,0,2.7,5,3,2.3
2024/11/24 5:20,0,2.7,5,3,2.5
2024/11/24 5:25,0,2.8,5,3,2.7
2024/11/24 5:30,0,2.8,5,3,2.8
2024/11/24 5:35,0,2.8,5,3.1,3
2024/11/24 5:40,0,2.9,5,3.1,3.2
2024/11/24 5:45,0,2.9,5,3.1,3.4
2024/11/24 5:50,0,2.9,5,3.1,3.6
2024/11/24 5:55,0,3,5,3.1,3.7
2024/11/24 6:00,0,3,5,3.1,3.9
2024/11/24 6:05,0,2.9,5,3.1,3.8
2024/11/24 6:10,0,2.8,5,3,3.7
2024/11/24 6:15,0,2.8,5,3,3.6
2024/11/24 6:20,0,2.7,5,2.9,3.5
2024/11/24 6:25,0,2.6,5,2.9,3.4
2024/11/24 6:30,0,2.5,5,2.8,3.2
2024/11/24 6:35,0,2.4,5,2.8,3.1
2024/11/24 6:40,0,2.3,5,2.8,3
2024/11/24 6:45,0,2.2,5,2.7,2.9
2024/11/24 6:50,0,2.2,5,2.7,2.8
2024/11/24 6:55,0,2.1,5,2.6,2.7
2024/11/24 7:00,0,2,5,2.6,2.6
2024/11/24 7:05,0.1,2.2,5,2.5,2.8
2024/11/24 7:10,0.1,2.3,5,2.5,3
2024/11/24 7:15,0.2,2.5,5,2.4,3.2
2024/11/24 7:20,0.2,2.6,5,2.4,3.3
2024/11/24 7:25,0.3,2.8,5,2.3,3.5
2024/11/24 7:30,0.4,3,5,2.2,3.7
2024/11/24 7:35,0.4,3.1,5,2.2,3.9
2024/11/24 7:40,0.5,3.3,5,2.1,4.1
2024/11/24 7:45,0.5,3.4,5,2.1,4.2
2024/11/24 7:50,0.6,3.6,5,2,4.4
2024/11/24 7:55,0.6,3.7,5,2,4.6
2024/11/24 8:00,0.7,3.9,4,1.9,4.8
2024/11/24 8:05,0.7,3.9,4,1.8,4.6
2024/11/24 8:10,0.7,3.9,4,1.8,4.4
2024/11/24 8:15,0.7,3.9,4,1.7,4.1
2024/11/24 8:20,0.7,3.9,4,1.6,3.9
2024/11/24 8:25,0.7,3.9,4,1.6,3.7
2024/11/24 8:30,0.8,3.8,4,1.5,3.4
2024/11/24 8:35,0.8,3.8,4,1.4,3.2
2024/11/24 8:40,0.8,3.8,4,1.4,3
2024/11/24 8:45,0.8,3.8,4,1.3,2.8
2024/11/24 8:50,0.8,3.8,4,1.2,2.6
2024/11/24 8:55,0.8,3.8,4,1.2,2.3
2024/11/24 9:00,0.8,3.8,4,1.1,2.1
2024/11/24 9:05,0.8,3.7,4,1.1,2.2
2024/11/24 9:10,0.7,3.6,4,1.2,2.3
2024/11/24 9:15,0.7,3.6,4,1.2,2.4
2024/11/24 9:20,0.6,3.5,4,1.2,2.6
2024/11/24 9:25,0.6,3.4,4,1.2,2.7
2024/11/24 9:30,0.6,3.4,4,1.2,2.8
2024/11/24 9:35,0.5,3.3,4,1.3,2.9
2024/11/24 9:40,0.5,3.2,4,1.3,3
2024/11/24 9:45,0.4,3.1,4,1.3,3.2
2024/11/24 9:50,0.4,3,4,1.3,3.3
2024/11/24 9:55,0.3,3,4,1.4,3.4
2024/11/24 10:00,0.3,2.9,4,1.4,3.5
2024/11/24 10:05,0.3,2.9,4,1.4,3.4
2024/11/24 10:10,0.3,2.8,4,1.4,3.3
2024/11/24 10:15,0.3,2.8,4,1.4,3.2
2024/11/24 10:20,0.3,2.8,4,1.4,3.1
2024/11/24 10:25,0.3,2.8,4,1.4,3
2024/11/24 10:30,0.2,2.8,4,1.4,2.9
2024/11/24 10:35,0.2,2.7,4,1.4,2.8
2024/11/24 10:40,0.2,2.7,4,1.4,2.7
2024/11/24 10:45,0.2,2.7,4,1.4,2.6
2024/11/24 10:50,0.2,2.6,4,1.4,2.5
2024/11/24 10:55,0.2,2.6,4,1.4,2.4
2024/11/24 11:00,0.2,2.6,4,1.4,2.3
2024/11/24 11:05,0.2,2.6,4,1.4,2.3
2024/11/24 11:10,0.3,2.6,4,1.4,2.4
2024/11/24 11:15,0.3,2.6,4,1.4,2.4
2024/11/24 11:20,0.4,2.5,4,1.5,2.4
2024/11/24 11:25,0.4,2.5,4,1.5,2.5
2024/11/24 11:30,0.4,2.5,4,1.5,2.5
2024/11/24 11:35,0.5,2.5,4,1.5,2.5
2024/11/24 11:40,0.5,2.5,4,1.5,2.6
2024/11/24 11:45,0.6,2.4,4,1.6,2.6
2024/11/24 11:50,0.6,2.4,4,1.6,2.6
2024/11/24 11:55,0.7,2.4,4,1.6,2.7
2024/11/24 12:00,0.7,2.4,4,1.6,2.7
2024/11/24 12:05,0.7,3.4,4,1.8,2.8
2024/11/24 12:10,0.6,4.3,4,1.9,3
2024/11/24 12:15,0.6,5.3,4,2,3.2
2024/11/24 12:20,0.6,6.3,4,2.2,3.3
2024/11/24 12:25,0.6,7.2,4,2.4,3.4
2024/11/24 12:30,0.6,8.2,4,2.5,3.6
2024/11/24 12:35,0.5,9.2,4,2.7,3.8
2024/11/24 12:40,0.5,10.1,4,2.8,3.9
2024/11/24 12:45,0.5,11.1,4,3,4
2024/11/24 12:50,0.4,12.1,4,3.1,4.2
2024/11/24 12:55,0.4,13,4,3.2,4.4
2024/11/24 13:00,0.4,14,3,3.4,4.5
2024/11/24 13:05,0.4,15.3,3,3.4,4.6
2024/11/24 13:10,0.3,16.7,3,3.4,4.8
2024/11/24 13:15,0.3,18,3,3.4,5
2024/11/24 13:20,0.3,19.3,3,3.5,5.1
2024/11/24 13:25,0.2,20.7,3,3.5,5.2
2024/11/24 13:30,0.2,22,3,3.5,5.4
2024/11/24 13:35,0.2,23.3,3,3.5,5.6
2024/11/24 13:40,0.1,24.7,3,3.5,5.7
2024/11/24 13:45,0.1,26,3,3.6,5.8
2024/11/24 13:50,0.1,27.3,3,3.6,6
2024/11/24 13:55,0,28.7,3,3.6,6.2
2024/11/24 14:00,0,30,3,3.6,6.3
2024/11/24 14:05,0,30,3,3.6,6.2
2024/11/24 14:10,0,30,3,3.5,6.1
2024/11/24 14:15,0,30,3,3.5,6
2024/11/24 14:20,0,30,3,3.5,5.9
2024/11/24 14:25,0,30,3,3.4,5.8
2024/11/24 14:30,0,30,3,3.4,5.7
2024/11/24 14:35,0,30,3,3.4,5.6
2024/11/24 14:40,0,30,3,3.3,5.5
2024/11/24 14:45,0,30,3,3.3,5.4
2024/11/24 14:50,0,30,3,3.3,5.3
2024/11/24 14:55,0,30,3,3.2,5.2
2024/11/24 15:00,0,30,3,3.2,5.1
2024/11/24 15:05,0,30,3,3.2,5.1
2024/11/24 15:10,0,30,3,3.1,5.1
2024/11/24 15:15,0,30,3,3.1,5.1
2024/11/24 15:20,0,30,3,3.1,5.2
2024/11/24 15:25,0,30,3,3,5.2
2024/11/24 15:30,0,30,3,3,5.2
2024/11/24 15:35,0,30,3,3,5.2
2024/11/24 15:40,0,30,3,2.9,5.2
2024/11/24 15:45,0,30,3,2.9,5.2
2024/11/24 15:50,0,30,3,2.9,5.3
2024/11/24 15:55,0,30,3,2.8,5.3
2024/11/24 16:00,0,30,3,2.8,5.3
2024/11/24 16:05,0,30,3,2.8,5.2
2024/11/24 16:10,0,30,3,2.7,5.1
2024/11/24 16:15,0,30,3,2.6,5
2024/11/24 16:20,0,30,3,2.6,4.8
2024/11/24 16:25,0,30,3,2.6,4.7
2024/11/24 16:30,0,30,3,2.5,4.6
2024/11/24 16:35,0,30,3,2.4,4.5
2024/11/24 16:40,0,30,3,2.4,4.4
2024/11/24 16:45,0,30,3,2.4,4.2
2024/11/24 16:50,0,30,3,2.3,4.1
2024/11/24 16:55,0,30,3,2.2,4
2024/11/24 17:00,0,30,3,2.2,3.9
2024/11/24 17:05,0,30,3,2.2,4
2024/11/24 17:10,0,30,3,2.1,4.1
2024/11/24 17:15,0,30,3,2.1,4.2
2024/11/24 17:20,0,30,3,2,4.3
2024/11/24 17:25,0,30,3,2,4.4
2024/11/24 17:30,0,30,3,1.9,4.4
2024/11/24 17:35,0,30,3,1.8,4.5
2024/11/24 17:40,0,30,3,1.8,4.6
2024/11/24 17:45,0,30,3,1.8,4.7
2024/11/24 17:50,0,30,3,1.7,4.8
2024/11/24 17:55,0,30,3,1.6,4.9
2024/11/24 18:00,0,30,3,1.6,5
2024/11/24 18:05,0,29.8,3,1.5,5
2024/11/24 18:10,0,29.6,3,1.5,5
2024/11/24 18:15,0,29.5,3,1.4,5
2024/11/24 18:20,0,29.3,3,1.3,4.9
2024/11/24 18:25,0,29.1,3,1.3,4.9
2024/11/24 18:30,0,29,3,1.2,4.9
2024/11/24 18:35,0,28.8,3,1.1,4.9
2024/11/24 18:40,0,28.6,3,1.1,4.9
2024/11/24 18:45,0,28.4,3,1,4.8
2024/11/24 18:50,0,28.2,3,0.9,4.8
2024/11/24 18:55,0,28.1,3,0.9,4.8
2024/11/24 19:00,0,27.9,3,0.8,4.8
2024/11/24 19:05,0,27.5,3,0.8,4.7
2024/11/24 19:10,0,27.1,3,0.7,4.6
2024/11/24 19:15,0,26.7,3,0.7,4.6
2024/11/24 19:20,0,26.3,3,0.6,4.5
2024/11/24 19:25,0,25.9,3,0.6,4.4
2024/11/24 19:30,0,25.5,3,0.6,4.3
2024/11/24 19:35,0,25.1,3,0.5,4.2
2024/11/24 19:40,0,24.7,3,0.5,4.1
2024/11/24 19:45,0,24.3,3,0.4,4
2024/11/24 19:50,0,23.9,3,0.4,4
2024/11/24 19:55,0,23.5,3,0.3,3.9
2024/11/24 20:00,0,23.1,3,0.3,3.8
2024/11/24 20:05,0,23.3,3,0.3,4
2024/11/24 20:10,0,23.6,3,0.3,4.3
2024/11/24 20:15,0,23.8,3,0.2,4.5
2024/11/24 20:20,0,24,3,0.2,4.8
2024/11/24 20:25,0,24.3,3,0.2,5
2024/11/24 20:30,0,24.5,3,0.2,5.2
2024/11/24 20:35,0,24.7,3,0.2,5.5
2024/11/24 20:40,0,25,3,0.2,5.7
2024/11/24 20:45,0,25.2,3,0.2,6
2024/11/24 20:50,0,25.4,3,0.1,6.2
2024/11/24 20:55,0,25.7,3,0.1,6.5
2024/11/24 21:00,0,25.9,3,0.1,6.7
2024/11/24 21:05,0,25.3,3,0.1,6.7
2024/11/24 21:10,0,24.6,3,0,6.6
2024/11/24 21:15,0,24,3,0,6.6
2024/11/24 21:20,0,23.3,3,0,6.6
2024/11/24 21:25,0,22.7,3,-0.1,6.6
2024/11/24 21:30,0,22,3,-0.1,6.6
2024/11/24 21:35,0,21.4,3,-0.1,6.5
2024/11/24 21:40,0,20.8,3,-0.2,6.5
2024/11/24 21:45,0,20.1,3,-0.2,6.5
2024/11/24 21:50,0,19.5,3,-0.2,6.4
2024/11/24 21:55,0,18.8,3,-0.3,6.4
2024/11/24 22:00,0,18.2,3,-0.3,6.4
2024/11/24 22:05,0,18.5,3,-0.3,6.3
2024/11/24 22:10,0,18.7,3,-0.4,6.2
2024/11/24 22:15,0,19,3,-0.4,6
2024/11/24 22:20,0,19.2,3,-0.4,5.9
2024/11/24 22:25,0,19.5,3,-0.4,5.8
2024/11/24 22:30,0,19.8,3,-0.4,5.6
2024/11/24 22:35,0,20,3,-0.5,5.5
2024/11/24 22:40,0,20.3,3,-0.5,5.4
2024/11/24 22:45,0,20.5,3,-0.5,5.3
2024/11/24 22:50,0,20.8,3,-0.5,5.2
2024/11/24 22:55,0,21,3,-0.6,5
2024/11/24 23:00,0,21.3,3,-0.6,4.9
2024/11/24 23:05,0,21.6,3,-0.7,5
2024/11/24 23:10,0,21.8,3,-0.8,5.1
2024/11/24 23:15,0,22.1,3,-0.8,5.2
2024/11/24 23:20,0,22.3,3,-0.9,5.3
2024/11/24 23:25,0,22.6,3,-1,5.4
2024/11/24 23:30,0,22.8,3,-1.1,5.6
2024/11/24 23:35,0,23.1,3,-1.2,5.7
2024/11/24 23:40,0,23.4,3,-1.3,5.8
2024/11/24 23:45,0,23.6,3,-1.4,5.9
2024/11/24 23:50,0,23.9,3,-1.4,6
2024/11/24 23:55,0,24.1,3,-1.5,6.1
2024/11/25 0:00,0,24.4,3,-1.6,6.2
2024/11/25 0:05,0,24.3,3,-1.6,6.4
2024/11/25 0:10,0,24.2,3,-1.7,6.6
2024/11/25 0:15,0,24.1,3,-1.7,6.8
2024/11/25 0:20,0,24,3,-1.8,7
2024/11/25 0:25,0,23.9,3,-1.8,7.2
2024/11/25 0:30,0,23.8,3,-1.8,7.4
2024/11/25 0:35,0,23.6,3,-1.9,7.6
2024/11/25 0:40,0,23.5,3,-1.9,7.8
2024/11/25 0:45,0,23.4,3,-2,8
2024/11/25 0:50,0,23.3,3,-2,8.2
2024/11/25 0:55,0,23.2,3,-2.1,8.4
2024/11/25 1:00,0,23.1,2,-2.1,8.6
2024/11/25 1:05,0,22.9,2,-2.2,8.2
2024/11/25 1:10,0,22.8,2,-2.3,7.9
2024/11/25 1:15,0,22.6,2,-2.4,7.6
2024/11/25 1:20,0,22.4,2,-2.4,7.2
2024/11/25 1:25,0,22.3,2,-2.5,6.8
2024/11/25 1:30,0,22.1,2,-2.6,6.5
2024/11/25 1:35,0,21.9,2,-2.7,6.2
2024/11/25 1:40,0,21.8,2,-2.8,5.8
2024/11/25 1:45,0,21.6,2,-2.8,5.4
2024/11/25 1:50,0,21.4,2,-2.9,5.1
2024/11/25 1:55,0,21.3,2,-3,4.8
2024/11/25 2:00,0,21.1,1,-3.1,4.4
2024/11/25 2:05,0,20.5,1,-3.1,4.7
2024/11/25 2:10,0,19.9,1,-3.1,5.1
2024/11/25 2:15,0,19.4,1,-3.2,5.4
2024/11/25 2:20,0,18.8,1,-3.2,5.8
2024/11/25 2:25,0,18.2,1,-3.2,6.1
2024/11/25 2:30,0,17.6,1,-3.2,6.4
2024/11/25 2:35,0,17,1,-3.2,6.8
2024/11/25 2:40,0,16.4,1,-3.2,7.1
2024/11/25 2:45,0,15.8,1,-3.2,7.5
2024/11/25 2:50,0,15.3,1,-3.3,7.8
2024/11/25 2:55,0,14.7,1,-3.3,8.2
2024/11/25 3:00,0,14.1,2,-3.3,8.5
2024/11/25 3:05,0,14,2,-3.4,8.2
2024/11/25 3:10,0,13.8,2,-3.5,7.9
2024/11/25 3:15,0,13.7,2,-3.6,7.6
2024/11/25 3:20,0,13.6,2,-3.7,7.3
2024/11/25 3:25,0,13.4,2,-3.8,7
2024/11/25 3:30,0,13.3,2,-3.9,6.7
2024/11/25 3:35,0,13.2,2,-4,6.4
2024/11/25 3:40,0,13,2,-4.1,6.1
2024/11/25 3:45,0,12.9,2,-4.2,5.8
2024/11/25 3:50,0,12.8,2,-4.3,5.5
2024/11/25 3:55,0,12.6,2,-4.4,5.2
2024/11/25 4:00,0,12.5,1,-4.5,4.9
2024/11/25 4:05,0,12.5,1,-4.5,4.7
2024/11/25 4:10,0,12.5,1,-4.5,4.6
2024/11/25 4:15,0,12.5,1,-4.5,4.4
2024/11/25 4:20,0,12.5,1,-4.5,4.2
2024/11/25 4:25,0,12.5,1,-4.5,4.1
2024/11/25 4:30,0,12.5,1,-4.6,3.9
2024/11/25 4:35,0,12.5,1,-4.6,3.7
2024/11/25 4:40,0,12.5,1,-4.6,3.6
2024/11/25 4:45,0,12.5,1,-4.6,3.4
2024/11/25 4:50,0,12.5,1,-4.6,3.2
2024/11/25 4:55,0,12.5,1,-4.6,3.1
2024/11/25 5:00,0,12.5,1,-4.6,2.9
2024/11/25 5:05,0,14,1,-4.7,3.1
2024/11/25 5:10,0,15.4,1,-4.8,3.3
2024/11/25 5:15,0,16.9,1,-4.8,3.4
2024/11/25 5:20,0,18.3,1,-4.9,3.6
2024/11/25 5:25,0,19.8,1,-5,3.8
2024/11/25 5:30,0,21.2,1,-5,4
2024/11/25 5:35,0,22.7,1,-5.1,4.2
2024/11/25 5:40,0,24.2,1,-5.2,4.4
2024/11/25 5:45,0,25.6,1,-5.3,4.6
2024/11/25 5:50,0,27.1,1,-5.4,4.7
2024/11/25 5:55,0,28.5,1,-5.4,4.9
2024/11/25 6:00,0,30,1,-5.5,5.1
2024/11/25 6:05,0,30,1,-5.5,5.2
2024/11/25 6:10,0,30,1,-5.5,5.2
2024/11/25 6:15,0,30,1,-5.6,5.3
2024/11/25 6:20,0,30,1,-5.6,5.4
2024/11/25 6:25,0,30,1,-5.6,5.5
2024/11/25 6:30,0,30,1,-5.6,5.6
2024/11/25 6:35,0,30,1,-5.6,5.6
2024/11/25 6:40,0,30,1,-5.6,5.7
2024/11/25 6:45,0,30,1,-5.6,5.8
2024/11/25 6:50,0,30,1,-5.7,5.8
2024/11/25 6:55,0,30,1,-5.7,5.9
2024/11/25 7:00,0,30,1,-5.7,6
2024/11/25 7:05,0,30,1,-5.7,6
2024/11/25 7:10,0,30,1,-5.7,6.1
2024/11/25 7:15,0,30,1,-5.7,6.1
2024/11/25 7:20,0,30,1,-5.7,6.2
2024/11/25 7:25,0,30,1,-5.7,6.2
2024/11/25 7:30,0,30,1,-5.8,6.2
2024/11/25 7:35,0,30,1,-5.8,6.3
2024/11/25 7:40,0,30,1,-5.8,6.3
2024/11/25 7:45,0,30,1,-5.8,6.4
2024/11/25 7:50,0,30,1,-5.8,6.4
2024/11/25 7:55,0,30,1,-5.8,6.5
2024/11/25 8:00,0,30,1,-5.8,6.5
2024/11/25 8:05,0,28.6,1,-5.8,6.8
2024/11/25 8:10,0,27.2,1,-5.8,7
2024/11/25 8:15,0,25.8,1,-5.8,7.3
2024/11/25 8:20,0,24.4,1,-5.7,7.5
2024/11/25 8:25,0,23,1,-5.7,7.8
2024/11/25 8:30,0,21.6,1,-5.7,8
2024/11/25 8:35,0,20.2,1,-5.7,8.3
2024/11/25 8:40,0,18.8,1,-5.7,8.6
2024/11/25 8:45,0,17.4,1,-5.6,8.8
2024/11/25 8:50,0,16,1,-5.6,9.1
2024/11/25 8:55,0,14.6,1,-5.6,9.3
2024/11/25 9:00,0,13.2,3,-5.6,9.6
2024/11/25 9:05,0,14.6,3,-5.5,9.3
2024/11/25 9:10,0,16,3,-5.5,9
2024/11/25 9:15,0,17.4,3,-5.4,8.7
2024/11/25 9:20,0,18.8,3,-5.4,8.4
2024/11/25 9:25,0,20.2,3,-5.3,8.1
2024/11/25 9:30,0,21.6,3,-5.2,7.8
2024/11/25 9:35,0,23,3,-5.2,7.4
2024/11/25 9:40,0,24.4,3,-5.1,7.1
2024/11/25 9:45,0,25.8,3,-5.1,6.8
2024/11/25 9:50,0,27.2,3,-5,6.5
2024/11/25 9:55,0,28.6,3,-5,6.2
2024/11/25 10:00,0,30,3,-4.9,5.9
2024/11/25 10:05,0,30,3,-4.9,5.9
2024/11/25 10:10,0,30,3,-4.9,5.9
2024/11/25 10:15,0,30,3,-4.9,5.9
2024/11/25 10:20,0,30,3,-4.9,5.9
2024/11/25 10:25,0,30,3,-4.9,5.9
2024/11/25 10:30,0,30,3,-5,5.9
2024/11/25 10:35,0,30,3,-5,5.9
2024/11/25 10:40,0,30,3,-5,5.9
2024/11/25 10:45,0,30,3,-5,5.9
2024/11/25 10:50,0,30,3,-5,5.9
2024/11/25 10:55,0,30,3,-5,5.9
2024/11/25 11:00,0,30,3,-5,5.9
2024/11/25 11:05,0,30,3,-5,6
2024/11/25 11:10,0,30,3,-4.9,6
2024/11/25 11:15,0,30,3,-4.9,6.1
2024/11/25 11:20,0,30,3,-4.9,6.1
2024/11/25 11:25,0,30,3,-4.8,6.2
2024/11/25 11:30,0,30,3,-4.8,6.2
2024/11/25 11:35,0,30,3,-4.8,6.3
2024/11/25 11:40,0,30,3,-4.7,6.4
2024/11/25 11:45,0,30,3,-4.7,6.4
2024/11/25 11:50,0,30,3,-4.7,6.5
2024/11/25 11:55,0,30,3,-4.6,6.5
2024/11/25 12:00,0,30,3,-4.6,6.6
2024/11/25 12:05,0,30,3,-4.6,6.8
2024/11/25 12:10,0,30,3,-4.6,6.9
2024/11/25 12:15,0,30,3,-4.5,7.1
2024/11/25 12:20,0,30,3,-4.5,7.2
2024/11/25 12:25,0,30,3,-4.5,7.4
2024/11/25 12:30,0,30,3,-4.4,7.6
2024/11/25 12:35,0,30,3,-4.4,7.7
2024/11/25 12:40,0,30,3,-4.4,7.9
2024/11/25 12:45,0,30,3,-4.4,8
2024/11/25 12:50,0,30,3,-4.4,8.2
2024/11/25 12:55,0,30,3,-4.3,8.3
2024/11/25 13:00,0,30,3,-4.3,8.5
2024/11/25 13:05,0,30,3,-4.3,8.6
2024/11/25 13:10,0,30,3,-4.3,8.6
2024/11/25 13:15,0,30,3,-4.4,8.6
2024/11/25 13:20,0,30,3,-4.4,8.7
2024/11/25 13:25,0,30,3,-4.4,8.8
2024/11/25 13:30,0,30,3,-4.4,8.8
2024/11/25 13:35,0,30,3,-4.4,8.8
2024/11/25 13:40,0,30,3,-4.4,8.9
2024/11/25 13:45,0,30,3,-4.4,9
2024/11/25 13:50,0,30,3,-4.5,9
2024/11/25 13:55,0,30,3,-4.5,9
2024/11/25 14:00,0,30,3,-4.5,9.1
2024/11/25 14:05,0,30,3,-4.5,9.1
2024/11/25 14:10,0,30,3,-4.5,9
2024/11/25 14:15,0,30,3,-4.5,9
2024/11/25 14:20,0,30,3,-4.5,9
2024/11/25 14:25,0,30,3,-4.5,9
2024/11/25 14:30,0,30,3,-4.6,9
2024/11/25 14:35,0,30,3,-4.6,8.9
2024/11/25 14:40,0,30,3,-4.6,8.9
2024/11/25 14:45,0,30,3,-4.6,8.9
2024/11/25 14:50,0,30,3,-4.6,8.9
2024/11/25 14:55,0,30,3,-4.6,8.8
2024/11/25 15:00,0,30,2,-4.6,8.8
2024/11/25 15:05,0,30,2,-4.7,8.5
2024/11/25 15:10,0,30,2,-4.8,8.2
2024/11/25 15:15,0,30,2,-4.9,7.8
2024/11/25 15:20,0,30,2,-5,7.5
2024/11/25 15:25,0,30,2,-5.1,7.2
2024/11/25 15:30,0,30,2,-5.2,6.9
2024/11/25 15:35,0,30,2,-5.2,6.6
2024/11/25 15:40,0,30,2,-5.3,6.3
2024/11/25 15:45,0,30,2,-5.4,6
2024/11/25 15:50,0,30,2,-5.5,5.6
2024/11/25 15:55,0,30,2,-5.6,5.3
2024/11/25 16:00,0,30,2,-5.7,5
2024/11/25 16:05,0,30,2,-5.8,5.2
2024/11/25 16:10,0,30,2,-5.8,5.5
2024/11/25 16:15,0,30,2,-5.9,5.7
2024/11/25 16:20,0,30,2,-5.9,6
2024/11/25 16:25,0,30,2,-6,6.2
2024/11/25 16:30,0,30,2,-6.1,6.4
2024/11/25 16:35,0,30,2,-6.1,6.7
2024/11/25 16:40,0,30,2,-6.2,6.9
2024/11/25 16:45,0,30,2,-6.2,7.2
2024/11/25 16:50,0,30,2,-6.3,7.4
2024/11/25 16:55,0,30,2,-6.3,7.7
2024/11/25 17:00,0,30,2,-6.4,7.9
2024/11/25 17:05,0,30,2,-6.4,7.7
2024/11/25 17:10,0,30,2,-6.4,7.4
2024/11/25 17:15,0,30,2,-6.4,7.2
2024/11/25 17:20,0,30,2,-6.5,7
2024/11/25 17:25,0,30,2,-6.5,6.7
2024/11/25 17:30,0,30,2,-6.5,6.5
2024/11/25 17:35,0,30,2,-6.5,6.3
2024/11/25 17:40,0,30,2,-6.5,6
2024/11/25 17:45,0,30,2,-6.6,5.8
2024/11/25 17:50,0,30,2,-6.6,5.6
2024/11/25 17:55,0,30,2,-6.6,5.3
2024/11/25 18:00,0,30,2,-6.6,5.1
2024/11/25 18:05,0,30,2,-6.6,5.2
2024/11/25 18:10,0,30,2,-6.7,5.3
2024/11/25 18:15,0,30,2,-6.7,5.4
2024/11/25 18:20,0,30,2,-6.8,5.6
2024/11/25 18:25,0,30,2,-6.8,5.7
2024/11/25 18:30,0,30,2,-6.8,5.8
2024/11/25 18:35,0,30,2,-6.9,5.9
2024/11/25 18:40,0,30,2,-6.9,6
2024/11/25 18:45,0,30,2,-7,6.2
2024/11/25 18:50,0,30,2,-7,6.3
2024/11/25 18:55,0,30,2,-7.1,6.4
2024/11/25 19:00,0,30,2,-7.1,6.5
2024/11/25 19:05,0,30,2,-7.1,6.4
2024/11/25 19:10,0,30,2,-7.2,6.3
2024/11/25 19:15,0,30,2,-7.2,6.2
2024/11/25 19:20,0,30,2,-7.2,6.2
2024/11/25 19:25,0,30,2,-7.2,6.1
2024/11/25 19:30,0,30,2,-7.2,6
2024/11/25 19:35,0,30,2,-7.3,5.9
2024/11/25 19:40,0,30,2,-7.3,5.8
2024/11/25 19:45,0,30,2,-7.3,5.8
2024/11/25 19:50,0,30,2,-7.4,5.7
2024/11/25 19:55,0,30,2,-7.4,5.6
2024/11/25 20:00,0,30,2,-7.4,5.5
2024/11/25 20:05,0,30,2,-7.4,5.3
2024/11/25 20:10,0,30,2,-7.4,5.2
2024/11/25 20:15,0,30,2,-7.5,5
2024/11/25 20:20,0,30,2,-7.5,4.8
2024/11/25 20:25,0,30,2,-7.5,4.6
2024/11/25 20:30,0,30,2,-7.6,4.4
2024/11/25 20:35,0,30,2,-7.6,4.3
2024/11/25 20:40,0,30,2,-7.6,4.1
2024/11/25 20:45,0,30,2,-7.6,3.9
2024/11/25 20:50,0,30,2,-7.6,3.8
2024/11/25 20:55,0,30,2,-7.7,3.6
2024/11/25 21:00,0,30,1,-7.7,3.4
2024/11/25 21:05,0,30,1,-7.7,3.5
2024/11/25 21:10,0,30,1,-7.8,3.6
2024/11/25 21:15,0,30,1,-7.8,3.6
2024/11/25 21:20,0,30,1,-7.8,3.7
2024/11/25 21:25,0,30,1,-7.9,3.8
2024/11/25 21:30,0,30,1,-7.9,3.8
2024/11/25 21:35,0,30,1,-7.9,3.9
2024/11/25 21:40,0,30,1,-8,4
2024/11/25 21:45,0,30,1,-8,4.1
2024/11/25 21:50,0,30,1,-8,4.2
2024/11/25 21:55,0,30,1,-8.1,4.2
2024/11/25 22:00,0,30,1,-8.1,4.3
2024/11/25 22:05,0,30,1,-8.1,4.4
2024/11/25 22:10,0,30,1,-8,4.4
2024/11/25 22:15,0,30,1,-8,4.5
2024/11/25 22:20,0,30,1,-8,4.6
2024/11/25 22:25,0,30,1,-7.9,4.6
2024/11/25 22:30,0,30,1,-7.9,4.7
2024/11/25 22:35,0,30,1,-7.9,4.8
2024/11/25 22:40,0,30,1,-7.8,4.8
2024/11/25 22:45,0,30,1,-7.8,4.9
2024/11/25 22:50,0,30,1,-7.8,5
2024/11/25 22:55,0,30,1,-7.7,5
2024/11/25 23:00,0,30,1,-7.7,5.1
2024/11/25 23:05,0,30,1,-7.7,5.2
2024/11/25 23:10,0,30,1,-7.7,5.3
2024/11/25 23:15,0,30,1,-7.7,5.4
2024/11/25 23:20,0,30,1,-7.7,5.6
2024/11/25 23:25,0,30,1,-7.7,5.7
2024/11/25 23:30,0,30,1,-7.7,5.8
2024/11/25 23:35,0,30,1,-7.7,5.9
2024/11/25 23:40,0,30,1,-7.7,6
2024/11/25 23:45,0,30,1,-7.7,6.2
2024/11/25 23:50,0,30,1,-7.7,6.3
2024/11/25 23:55,0,30,1,-7.7,6.4
2024/11/26 0:00,0,30,2,-7.7,6.5
2024/11/26 0:05,0,30,2,-7.8,6.3
2024/11/26 0:10,0,30,2,-7.8,6.2
2024/11/26 0:15,0,30,2,-7.9,6
2024/11/26 0:20,0,30,2,-7.9,5.8
2024/11/26 0:25,0,30,2,-8,5.6
2024/11/26 0:30,0,30,2,-8,5.4
2024/11/26 0:35,0,30,2,-8.1,5.3
2024/11/26 0:40,0,30,2,-8.2,5.1
2024/11/26 0:45,0,30,2,-8.2,4.9
2024/11/26 0:50,0,30,2,-8.3,4.8
2024/11/26 0:55,0,30,2,-8.3,4.6
2024/11/26 1:00,0,30,2,-8.4,4.4
2024/11/26 1:05,0,30,2,-8.4,4.5
2024/11/26 1:10,0,30,2,-8.4,4.7
2024/11/26 1:15,0,30,2,-8.4,4.8
2024/11/26 1:20,0,30,2,-8.3,5
2024/11/26 1:25,0,30,2,-8.3,5.1
2024/11/26 1:30,0,30,2,-8.3,5.2
2024/11/26 1:35,0,30,2,-8.3,5.4
2024/11/26 1:40,0,30,2,-8.3,5.5
2024/11/26 1:45,0,30,2,-8.2,5.7
2024/11/26 1:50,0,30,2,-8.2,5.8
2024/11/26 1:55,0,30,2,-8.2,6
2024/11/26 2:00,0,30,1,-8.2,6.1
2024/11/26 2:05,0,30,1,-8.2,6.1
2024/11/26 2:10,0,30,1,-8.2,6.2
2024/11/26 2:15,0,30,1,-8.3,6.2
2024/11/26 2:20,0,30,1,-8.3,6.2
2024/11/26 2:25,0,30,1,-8.3,6.3
2024/11/26 2:30,0,30,1,-8.4,6.3
2024/11/26 2:35,0,30,1,-8.4,6.3
2024/11/26 2:40,0,30,1,-8.4,6.4
2024/11/26 2:45,0,30,1,-8.4,6.4
2024/11/26 2:50,0,30,1,-8.4,6.4
2024/11/26 2:55,0,30,1,-8.5,6.5
2024/11/26 3:00,0,30,2,-8.5,6.5
2024/11/26 3:05,0,30,2,-8.5,6.4
2024/11/26 3:10,0,30,2,-8.5,6.3
2024/11/26 3:15,0,30,2,-8.6,6.2
2024/11/26 3:20,0,30,2,-8.6,6.2
2024/11/26 3:25,0,30,2,-8.6,6.1
2024/11/26 3:30,0,30,2,-8.6,6
2024/11/26 3:35,0,30,2,-8.6,5.9
2024/11/26 3:40,0,30,2,-8.6,5.8
2024/11/26 3:45,0,30,2,-8.6,5.8
2024/11/26 3:50,0,30,2,-8.7,5.7
2024/11/26 3:55,0,30,2,-8.7,5.6
2024/11/26 4:00,0,30,2,-8.7,5.5
2024/11/26 4:05,0,30,2,-8.7,5.7
2024/11/26 4:10,0,30,2,-8.7,5.9
2024/11/26 4:15,0,30,2,-8.7,6
2024/11/26 4:20,0,30,2,-8.7,6.2
2024/11/26 4:25,0,30,2,-8.7,6.4
2024/11/26 4:30,0,30,2,-8.7,6.6
2024/11/26 4:35,0,30,2,-8.7,6.8
2024/11/26 4:40,0,30,2,-8.7,7
2024/11/26 4:45,0,30,2,-8.7,7.2
2024/11/26 4:50,0,30,2,-8.7,7.3
2024/11/26 4:55,0,30,2,-8.7,7.5
2024/11/26 5:00,0,30,3,-8.7,7.7
2024/11/26 5:05,0,30,3,-8.7,7.4
2024/11/26 5:10,0,30,3,-8.7,7.2
2024/11/26 5:15,0,30,3,-8.6,6.9
2024/11/26 5:20,0,30,3,-8.6,6.6
2024/11/26 5:25,0,30,3,-8.6,6.3
2024/11/26 5:30,0,30,3,-8.6,6.1
2024/11/26 5:35,0,30,3,-8.6,5.8
2024/11/26 5:40,0,30,3,-8.6,5.5
2024/11/26 5:45,0,30,3,-8.6,5.2
2024/11/26 5:50,0,30,3,-8.5,5
2024/11/26 5:55,0,30,3,-8.5,4.7
2024/11/26 6:00,0,30,3,-8.5,4.4
2024/11/26 6:05,0,30,3,-8.4,4.5
2024/11/26 6:10,0,30,3,-8.4,4.6
2024/11/26 6:15,0,30,3,-8.4,4.6
2024/11/26 6:20,0,30,3,-8.3,4.7
2024/11/26 6:25,0,30,3,-8.2,4.8
2024/11/26 6:30,0,30,3,-8.2,4.8
2024/11/26 6:35,0,30,3,-8.2,4.9
2024/11/26 6:40,0,30,3,-8.1,5
2024/11/26 6:45,0,30,3,-8,5.1
2024/11/26 6:50,0,30,3,-8,5.2
2024/11/26 6:55,0,30,3,-8,5.2
2024/11/26 7:00,0,30,2,-7.9,5.3
2024/11/26 7:05,0,30,2,-7.8,5.3
2024/11/26 7:10,0,30,2,-7.8,5.3
2024/11/26 7:15,0,30,2,-7.7,5.2
2024/11/26 7:20,0,30,2,-7.6,5.2
2024/11/26 7:25,0,30,2,-7.5,5.2
2024/11/26 7:30,0,30,2,-7.4,5.2
2024/11/26 7:35,0,30,2,-7.4,5.2
2024/11/26 7:40,0,30,2,-7.3,5.2
2024/11/26 7:45,0,30,2,-7.2,5.1
2024/11/26 7:50,0,30,2,-7.2,5.1
2024/11/26 7:55,0,30,2,-7.1,5.1
2024/11/26 8:00,0,30,3,-7,5.1
2024/11/26 8:05,0,30,3,-7,5.3
2024/11/26 8:10,0,30,3,-7,5.5
2024/11/26 8:15,0,30,3,-7,5.7
2024/11/26 8:20,0,30,3,-7,5.9
2024/11/26 8:25,0,30,3,-7,6.1
2024/11/26 8:30,0,30,3,-7,6.2
2024/11/26 8:35,0,30,3,-6.9,6.4
2024/11/26 8:40,0,30,3,-6.9,6.6
2024/11/26 8:45,0,30,3,-6.9,6.8
2024/11/26 8:50,0,30,3,-6.9,7
2024/11/26 8:55,0,30,3,-6.9,7.2
2024/11/26 9:00,0,30,3,-6.9,7.4
2024/11/26 9:05,0,30,3,-6.9,7.3
2024/11/26 9:10,0,30,3,-6.8,7.1
2024/11/26 9:15,0,30,3,-6.8,7
2024/11/26 9:20,0,30,3,-6.8,6.9
2024/11/26 9:25,0,30,3,-6.8,6.7
2024/11/26 9:30,0,30,3,-6.8,6.6
2024/11/26 9:35,0,30,3,-6.7,6.5
2024/11/26 9:40,0,30,3,-6.7,6.3
2024/11/26 9:45,0,30,3,-6.7,6.2
2024/11/26 9:50,0,30,3,-6.6,6.1
2024/11/26 9:55,0,30,3,-6.6,5.9
2024/11/26 10:00,0,30,3,-6.6,5.8
2024/11/26 10:05,0,30,3,-6.5,6.1
2024/11/26 10:10,0,30,3,-6.5,6.4
2024/11/26 10:15,0,30,3,-6.4,6.7
2024/11/26 10:20,0,30,3,-6.3,7
2024/11/26 10:25,0,30,3,-6.3,7.3
2024/11/26 10:30,0,30,3,-6.2,7.6
2024/11/26 10:35,0,30,3,-6.1,7.9
2024/11/26 10:40,0,30,3,-6.1,8.2
2024/11/26 10:45,0,30,3,-6,8.5
2024/11/26 10:50,0,30,3,-5.9,8.8
2024/11/26 10:55,0,30,3,-5.9,9.1
2024/11/26 11:00,0,30,3,-5.8,9.4
2024/11/26 11:05,0,30,3,-5.8,9.3
2024/11/26 11:10,0,30,3,-5.8,9.2
2024/11/26 11:15,0,30,3,-5.8,9.1
2024/11/26 11:20,0,30,3,-5.8,9
2024/11/26 11:25,0,30,3,-5.8,8.9
2024/11/26 11:30,0,30,3,-5.8,8.8
2024/11/26 11:35,0,30,3,-5.7,8.6
2024/11/26 11:40,0,30,3,-5.7,8.5
2024/11/26 11:45,0,30,3,-5.7,8.4
2024/11/26 11:50,0,30,3,-5.7,8.3
2024/11/26 11:55,0,30,3,-5.7,8.2
2024/11/26 12:00,0,30,3,-5.7,8.1
2024/11/26 12:05,0,30,3,-5.7,8.3
2024/11/26 12:10,0,30,3,-5.7,8.5
2024/11/26 12:15,0,30,3,-5.7,8.7
2024/11/26 12:20,0,30,3,-5.7,8.9
2024/11/26 12:25,0,30,3,-5.7,9.1
2024/11/26 12:30,0,30,3,-5.7,9.2
2024/11/26 12:35,0,30,3,-5.7,9.4
2024/11/26 12:40,0,30,3,-5.7,9.6
2024/11/26 12:45,0,30,3,-5.7,9.8
2024/11/26 12:50,0,30,3,-5.7,10
2024/11/26 12:55,0,30,3,-5.7,10.2
2024/11/26 13:00,0,30,3,-5.7,10.4
2024/11/26 13:05,0,29.2,3,-5.6,10.4
2024/11/26 13:10,0,28.4,3,-5.5,10.3
2024/11/26 13:15,0,27.6,3,-5.4,10.3
2024/11/26 13:20,0,26.8,3,-5.3,10.3
2024/11/26 13:25,0,26,3,-5.2,10.2
2024/11/26 13:30,0,25.2,3,-5.2,10.2
2024/11/26 13:35,0,24.4,3,-5.1,10.2
2024/11/26 13:40,0,23.6,3,-5,10.1
2024/11/26 13:45,0,22.8,3,-4.9,10.1
2024/11/26 13:50,0,22,3,-4.8,10.1
2024/11/26 13:55,0,21.2,3,-4.7,10
2024/11/26 14:00,0,20.4,3,-4.6,10
2024/11/26 14:05,0,19.2,3,-4.6,9.9
2024/11/26 14:10,0,18,3,-4.6,9.7
2024/11/26 14:15,0,16.8,3,-4.6,9.6
2024/11/26 14:20,0,15.6,3,-4.6,9.5
2024/11/26 14:25,0,14.4,3,-4.6,9.3
2024/11/26 14:30,0,13.2,3,-4.6,9.2
2024/11/26 14:35,0,11.9,3,-4.7,9.1
2024/11/26 14:40,0,10.7,3,-4.7,8.9
2024/11/26 14:45,0,9.5,3,-4.7,8.8
2024/11/26 14:50,0,8.3,3,-4.7,8.7
2024/11/26 14:55,0,7.1,3,-4.7,8.5
2024/11/26 15:00,0,5.9,3,-4.7,8.4
2024/11/26 15:05,0,6.2,3,-4.7,8.7
2024/11/26 15:10,0,6.4,3,-4.7,8.9
2024/11/26 15:15,0,6.7,3,-4.7,9.2
2024/11/26 15:20,0,6.9,3,-4.7,9.5
2024/11/26 15:25,0,7.2,3,-4.7,9.7
2024/11/26 15:30,0,7.4,3,-4.6,10
2024/11/26 15:35,0,7.7,3,-4.6,10.3
2024/11/26 15:40,0,8,3,-4.6,10.5
2024/11/26 15:45,0,8.2,3,-4.6,10.8
2024/11/26 15:50,0,8.5,3,-4.6,11.1
2024/11/26 15:55,0,8.7,3,-4.6,11.3
2024/11/26 16:00,0,9,9,-4.6,11.6
2024/11/26 16:05,0,8.6,9,-4.6,11.8
2024/11/26 16:10,0,8.3,9,-4.5,12
2024/11/26 16:15,0,7.9,9,-4.4,12.1
2024/11/26 16:20,0,7.6,9,-4.4,12.3
2024/11/26 16:25,0,7.2,9,-4.4,12.5
2024/11/26 16:30,0,6.8,9,-4.3,12.6
2024/11/26 16:35,0,6.5,9,-4.2,12.8
2024/11/26 16:40,0,6.1,9,-4.2,13
2024/11/26 16:45,0,5.8,9,-4.2,13.2
2024/11/26 16:50,0,5.4,9,-4.1,13.4
2024/11/26 16:55,0,5.1,9,-4,13.5
2024/11/26 17:00,0,4.7,9,-4,13.7
2024/11/26 17:05,0,5,9,-4,13.5
2024/11/26 17:10,0,5.3,9,-4,13.2
2024/11/26 17:15,0,5.6,9,-4.1,13
2024/11/26 17:20,0,6,9,-4.1,12.8
2024/11/26 17:25,0,6.3,9,-4.1,12.5
2024/11/26 17:30,0,6.6,9,-4.2,12.3
2024/11/26 17:35,0,6.9,9,-4.2,12.1
2024/11/26 17:40,0,7.2,9,-4.2,11.8
2024/11/26 17:45,0,7.6,9,-4.2,11.6
2024/11/26 17:50,0,7.9,9,-4.2,11.4
2024/11/26 17:55,0,8.2,9,-4.3,11.1
2024/11/26 18:00,0,8.5,9,-4.3,10.9
2024/11/26 18:05,0,8,9,-4.4,10.8
2024/11/26 18:10,0,7.5,9,-4.5,10.6
2024/11/26 18:15,0,7,9,-4.6,10.4
2024/11/26 18:20,0,6.5,9,-4.7,10.3
2024/11/26 18:25,0,6,9,-4.8,10.2
2024/11/26 18:30,0,5.5,9,-4.8,10
2024/11/26 18:35,0,5,9,-4.9,9.8
2024/11/26 18:40,0,4.5,9,-5,9.7
2024/11/26 18:45,0,4,9,-5.1,9.6
2024/11/26 18:50,0,3.5,9,-5.2,9.4
2024/11/26 18:55,0,3,9,-5.3,9.2
2024/11/26 19:00,0,2.5,10,-5.4,9.1
2024/11/26 19:05,0,2.4,10,-5.5,8.8
2024/11/26 19:10,0.1,2.2,10,-5.7,8.5
2024/11/26 19:15,0.2,2.1,10,-5.8,8.3
2024/11/26 19:20,0.2,1.9,10,-6,8
2024/11/26 19:25,0.2,1.8,10,-6.1,7.7
2024/11/26 19:30,0.3,1.6,10,-6.2,7.4
2024/11/26 19:35,0.4,1.5,10,-6.4,7.2
2024/11/26 19:40,0.4,1.4,10,-6.5,6.9
2024/11/26 19:45,0.4,1.2,10,-6.7,6.6
2024/11/26 19:50,0.5,1.1,10,-6.8,6.4
2024/11/26 19:55,0.5,0.9,10,-7,6.1
2024/11/26 20:00,0.6,0.8,8,-7.1,5.8
2024/11/26 20:05,0.5,3.2,8,-7,5.9
2024/11/26 20:10,0.5,5.7,8,-6.9,6
2024/11/26 20:15,0.4,8.1,8,-6.8,6.1
2024/11/26 20:20,0.4,10.5,8,-6.8,6.2
2024/11/26 20:25,0.4,13,8,-6.7,6.3
2024/11/26 20:30,0.3,15.4,8,-6.6,6.4
2024/11/26 20:35,0.2,17.8,8,-6.5,6.5
2024/11/26 20:40,0.2,20.3,8,-6.4,6.6
2024/11/26 20:45,0.2,22.7,8,-6.4,6.7
2024/11/26 20:50,0.1,25.1,8,-6.3,6.8
2024/11/26 20:55,0.1,27.6,8,-6.2,6.9
2024/11/26 21:00,0,30,3,-6.1,7
2024/11/26 21:05,0,29.7,3,-6.1,7.1
2024/11/26 21:10,0,29.4,3,-6.1,7.3
2024/11/26 21:15,0,29,3,-6.1,7.4
2024/11/26 21:20,0,28.7,3,-6.1,7.6
2024/11/26 21:25,0,28.4,3,-6.1,7.7
2024/11/26 21:30,0,28,3,-6,7.8
2024/11/26 21:35,0,27.7,3,-6,8
2024/11/26 21:40,0,27.4,3,-6,8.1
2024/11/26 21:45,0,27.1,3,-6,8.3
2024/11/26 21:50,0,26.8,3,-6,8.4
2024/11/26 21:55,0,26.4,3,-6,8.6
2024/11/26 22:00,0,26.1,2,-6,8.7
2024/11/26 22:05,0,26.4,2,-6.1,8.6
2024/11/26 22:10,0,26.8,2,-6.1,8.4
2024/11/26 22:15,0,27.1,2,-6.2,8.3
2024/11/26 22:20,0,27.4,2,-6.3,8.2
2024/11/26 22:25,0,27.7,2,-6.3,8
2024/11/26 22:30,0,28,2,-6.4,7.9
2024/11/26 22:35,0,28.4,2,-6.5,7.8
2024/11/26 22:40,0,28.7,2,-6.5,7.6
2024/11/26 22:45,0,29,2,-6.6,7.5
2024/11/26 22:50,0,29.4,2,-6.7,7.4
2024/11/26 22:55,0,29.7,2,-6.7,7.2
2024/11/26 23:00,0,30,3,-6.8,7.1
2024/11/26 23:05,0,30,3,-6.8,7.3
2024/11/26 23:10,0,30,3,-6.8,7.5
2024/11/26 23:15,0,30,3,-6.8,7.7
2024/11/26 23:20,0,30,3,-6.7,7.9
2024/11/26 23:25,0,30,3,-6.7,8.1
2024/11/26 23:30,0,30,3,-6.7,8.4
2024/11/26 23:35,0,30,3,-6.7,8.6
2024/11/26 23:40,0,30,3,-6.7,8.8
2024/11/26 23:45,0,30,3,-6.6,9
2024/11/26 23:50,0,30,3,-6.6,9.2
2024/11/26 23:55,0,30,3,-6.6,9.4
2024/11/27 0:00,0,30,3,-6.6,9.6
2024/11/27 0:05,0,30,3,-6.6,9.5
2024/11/27 0:10,0,30,3,-6.5,9.3
2024/11/27 0:15,0,30,3,-6.5,9.2
2024/11/27 0:20,0,30,3,-6.4,9.1
2024/11/27 0:25,0,30,3,-6.4,8.9
2024/11/27 0:30,0,30,3,-6.4,8.8
2024/11/27 0:35,0,30,3,-6.3,8.7
2024/11/27 0:40,0,30,3,-6.3,8.5
2024/11/27 0:45,0,30,3,-6.2,8.4
2024/11/27 0:50,0,30,3,-6.2,8.3
2024/11/27 0:55,0,30,3,-6.1,8.1
2024/11/27 1:00,0,30,3,-6.1,8
2024/11/27 1:05,0,30,3,-6.1,7.7
2024/11/27 1:10,0,30,3,-6.1,7.3
2024/11/27 1:15,0,30,3,-6,7
2024/11/27 1:20,0,30,3,-6,6.6
2024/11/27 1:25,0,30,3,-6,6.3
2024/11/27 1:30,0,30,3,-6,6
2024/11/27 1:35,0,30,3,-6,5.6
2024/11/27 1:40,0,30,3,-6,5.3
2024/11/27 1:45,0,30,3,-6,4.9
2024/11/27 1:50,0,30,3,-5.9,4.6
2024/11/27 1:55,0,30,3,-5.9,4.2
2024/11/27 2:00,0,30,3,-5.9,3.9
2024/11/27 2:05,0,30,3,-5.8,4.2
2024/11/27 2:10,0,30,3,-5.8,4.4
2024/11/27 2:15,0,30,3,-5.7,4.7
2024/11/27 2:20,0,30,3,-5.7,5
2024/11/27 2:25,0,30,3,-5.6,5.3
2024/11/27 2:30,0,30,3,-5.6,5.6
2024/11/27 2:35,0,30,3,-5.5,5.8
2024/11/27 2:40,0,30,3,-5.4,6.1
2024/11/27 2:45,0,30,3,-5.4,6.4
2024/11/27 2:50,0,30,3,-5.3,6.6
2024/11/27 2:55,0,30,3,-5.3,6.9
2024/11/27 3:00,0,30,1,-5.2,7.2
2024/11/27 3:05,0,30,1,-5.1,7
2024/11/27 3:10,0,30,1,-5,6.8
2024/11/27 3:15,0,30,1,-5,6.6
2024/11/27 3:20,0,30,1,-4.9,6.5
2024/11/27 3:25,0,30,1,-4.8,6.3
2024/11/27 3:30,0,30,1,-4.8,6.1
2024/11/27 3:35,0,30,1,-4.7,5.9
2024/11/27 3:40,0,30,1,-4.6,5.7
2024/11/27 3:45,0,30,1,-4.5,5.6
2024/11/27 3:50,0,30,1,-4.4,5.4
2024/11/27 3:55,0,30,1,-4.4,5.2
2024/11/27 4:00,0,30,2,-4.3,5
2024/11/27 4:05,0,29.9,2,-4.3,5.1
2024/11/27 4:10,0,29.8,2,-4.3,5.2
2024/11/27 4:15,0,29.7,2,-4.3,5.3
2024/11/27 4:20,0,29.6,2,-4.3,5.4
2024/11/27 4:25,0,29.5,2,-4.3,5.5
2024/11/27 4:30,0,29.4,2,-4.3,5.6
2024/11/27 4:35,0,29.3,2,-4.3,5.6
2024/11/27 4:40,0,29.2,2,-4.3,5.7
2024/11/27 4:45,0,29.1,2,-4.3,5.8
2024/11/27 4:50,0,29,2,-4.3,5.9
2024/11/27 4:55,0,28.9,2,-4.3,6
2024/11/27 5:00,0,28.8,2,-4.3,6.1
2024/11/27 5:05,0,27.6,2,-4.3,6.2
2024/11/27 5:10,0,26.5,2,-4.4,6.4
2024/11/27 5:15,0,25.3,2,-4.4,6.5
2024/11/27 5:20,0,24.1,2,-4.4,6.7
2024/11/27 5:25,0,23,2,-4.4,6.8
2024/11/27 5:30,0,21.8,2,-4.4,7
2024/11/27 5:35,0,20.6,2,-4.5,7.1
2024/11/27 5:40,0,19.5,2,-4.5,7.2
2024/11/27 5:45,0,18.3,2,-4.5,7.4
2024/11/27 5:50,0,17.1,2,-4.6,7.5
2024/11/27 5:55,0,16,2,-4.6,7.7
2024/11/27 6:00,0,14.8,1,-4.6,7.8
2024/11/27 6:05,0,14.8,1,-4.6,7.4
2024/11/27 6:10,0,14.7,1,-4.6,7
2024/11/27 6:15,0,14.7,1,-4.6,6.6
2024/11/27 6:20,0,14.6,1,-4.7,6.2
2024/11/27 6:25,0,14.6,1,-4.7,5.8
2024/11/27 6:30,0,14.6,1,-4.7,5.4
2024/11/27 6:35,0,14.5,1,-4.7,5.1
2024/11/27 6:40,0,14.5,1,-4.7,4.7
2024/11/27 6:45,0,14.4,1,-4.8,4.3
2024/11/27 6:50,0,14.4,1,-4.8,3.9
2024/11/27 6:55,0,14.3,1,-4.8,3.5
2024/11/27 7:00,0,14.3,1,-4.8,3.1
2024/11/27 7:05,0,13.8,1,-4.8,3.1
2024/11/27 7:10,0,13.4,1,-4.9,3.1
2024/11/27 7:15,0,12.9,1,-4.9,3.1
2024/11/27 7:20,0,12.5,1,-4.9,3.1
2024/11/27 7:25,0,12,1,-5,3.1
2024/11/27 7:30,0,11.6,1,-5,3.2
2024/11/27 7:35,0,11.1,1,-5,3.2
2024/11/27 7:40,0,10.6,1,-5.1,3.2
2024/11/27 7:45,0,10.2,1,-5.1,3.2
2024/11/27 7:50,0,9.7,1,-5.1,3.2
2024/11/27 7:55,0,9.3,1,-5.2,3.2
2024/11/27 8:00,0,8.8,1,-5.2,3.2
2024/11/27 8:05,0,9,1,-5,3.5
2024/11/27 8:10,0,9.2,1,-4.8,3.8
2024/11/27 8:15,0,9.5,1,-4.6,4.1
2024/11/27 8:20,0,9.7,1,-4.3,4.4
2024/11/27 8:25,0,9.9,1,-4.1,4.7
2024/11/27 8:30,0,10.1,1,-3.9,5
2024/11/27 8:35,0,10.3,1,-3.7,5.2
2024/11/27 8:40,0,10.5,1,-3.5,5.5
2024/11/27 8:45,0,10.8,1,-3.2,5.8
2024/11/27 8:50,0,11,1,-3,6.1
2024/11/27 8:55,0,11.2,1,-2.8,6.4
2024/11/27 9:00,0,11.4,1,-2.6,6.7
2024/11/27 9:05,0,11.5,1,-2.5,6.7
2024/11/27 9:10,0,11.7,1,-2.4,6.7
2024/11/27 9:15,0,11.8,1,-2.3,6.7
2024/11/27 9:20,0,11.9,1,-2.2,6.7
2024/11/27 9:25,0,12.1,1,-2.1,6.7
2024/11/27 9:30,0,12.2,1,-2,6.6
2024/11/27 9:35,0,12.3,1,-2,6.6
2024/11/27 9:40,0,12.5,1,-1.9,6.6
2024/11/27 9:45,0,12.6,1,-1.8,6.6
2024/11/27 9:50,0,12.7,1,-1.7,6.6
2024/11/27 9:55,0,12.9,1,-1.6,6.6
2024/11/27 10:00,0,13,2,-1.5,6.6
2024/11/27 10:05,0,14.4,2,-1.4,6.8
2024/11/27 10:10,0,15.8,2,-1.3,7
2024/11/27 10:15,0,17.2,2,-1.2,7.3
2024/11/27 10:20,0,18.5,2,-1.1,7.5
2024/11/27 10:25,0,19.9,2,-1,7.7
2024/11/27 10:30,0,21.3,2,-1,8
2024/11/27 10:35,0,22.7,2,-0.9,8.2
2024/11/27 10:40,0,24.1,2,-0.8,8.4
2024/11/27 10:45,0,25.5,2,-0.7,8.6
2024/11/27 10:50,0,26.8,2,-0.6,8.9
2024/11/27 10:55,0,28.2,2,-0.5,9.1
2024/11/27 11:00,0,29.6,3,-0.4,9.3
2024/11/27 11:05,0,29.6,3,-0.4,9.4
2024/11/27 11:10,0,29.7,3,-0.3,9.4
2024/11/27 11:15,0,29.7,3,-0.2,9.5
2024/11/27 11:20,0,29.7,3,-0.2,9.6
2024/11/27 11:25,0,29.8,3,-0.1,9.6
2024/11/27 11:30,0,29.8,3,-0.1,9.7
2024/11/27 11:35,0,29.8,3,0,9.8
2024/11/27 11:40,0,29.9,3,0,9.8
2024/11/27 11:45,0,29.9,3,0.1,9.9
2024/11/27 11:50,0,29.9,3,0.1,10
2024/11/27 11:55,0,30,3,0.2,10
2024/11/27 12:00,0,30,3,0.2,10.1
2024/11/27 12:05,0,29.3,3,0.2,10.5
2024/11/27 12:10,0,28.6,3,0.2,10.8
2024/11/27 12:15,0,28,3,0.2,11.2
2024/11/27 12:20,0,27.3,3,0.2,11.5
2024/11/27 12:25,0,26.6,3,0.2,11.9
2024/11/27 12:30,0,26,3,0.2,12.2
2024/11/27 12:35,0,25.3,3,0.3,12.6
2024/11/27 12:40,0,24.6,3,0.3,13
2024/11/27 12:45,0,23.9,3,0.3,13.3
2024/11/27 12:50,0,23.2,3,0.3,13.7
2024/11/27 12:55,0,22.6,3,0.3,14
2024/11/27 13:00,0,21.9,3,0.3,14.4
2024/11/27 13:05,0,21.7,3,0.2,14.1
2024/11/27 13:10,0,21.4,3,0.1,13.7
2024/11/27 13:15,0,21.2,3,0,13.4
2024/11/27 13:20,0,21,3,-0.1,13.1
2024/11/27 13:25,0,20.8,3,-0.2,12.7
2024/11/27 13:30,0,20.5,3,-0.4,12.4
2024/11/27 13:35,0,20.3,3,-0.5,12.1
2024/11/27 13:40,0,20.1,3,-0.6,11.7
2024/11/27 13:45,0,19.9,3,-0.7,11.4
2024/11/27 13:50,0,19.6,3,-0.8,11.1
2024/11/27 13:55,0,19.4,3,-0.9,10.7
2024/11/27 14:00,0,19.2,2,-1,10.4
2024/11/27 14:05,0,19.6,2,-1,10.4
2024/11/27 14:10,0,20,2,-1,10.4
2024/11/27 14:15,0,20.5,2,-0.9,10.4
2024/11/27 14:20,0,20.9,2,-0.9,10.4
2024/11/27 14:25,0,21.3,2,-0.9,10.4
2024/11/27 14:30,0,21.8,2,-0.8,10.4
2024/11/27 14:35,0,22.2,2,-0.8,10.4
2024/11/27 14:40,0,22.6,2,-0.8,10.4
2024/11/27 14:45,0,23,2,-0.8,10.4
2024/11/27 14:50,0,23.4,2,-0.8,10.4
2024/11/27 14:55,0,23.9,2,-0.7,10.4
2024/11/27 15:00,0,24.3,2,-0.7,10.4
2024/11/27 15:05,0,23.7,2,-0.7,10.5
2024/11/27 15:10,0,23.2,2,-0.8,10.6
2024/11/27 15:15,0,22.6,2,-0.8,10.7
2024/11/27 15:20,0,22.1,2,-0.8,10.8
2024/11/27 15:25,0,21.5,2,-0.9,10.9
2024/11/27 15:30,0,21,2,-0.9,11
2024/11/27 15:35,0.1,20.4,2,-0.9,11
2024/11/27 15:40,0.1,19.8,2,-1,11.1
2024/11/27 15:45,0.1,19.3,2,-1,11.2
2024/11/27 15:50,0.1,18.7,2,-1,11.3
2024/11/27 15:55,0.1,18.2,2,-1.1,11.4
2024/11/27 16:00,0.1,17.6,2,-1.1,11.5
2024/11/27 16:05,0.1,17.6,2,-1.2,11.6
2024/11/27 16:10,0.1,17.5,2,-1.2,11.6
2024/11/27 16:15,0.1,17.5,2,-1.3,11.7
2024/11/27 16:20,0.1,17.4,2,-1.4,11.8
2024/11/27 16:25,0.1,17.4,2,-1.4,11.8
2024/11/27 16:30,0,17.4,2,-1.5,11.9
2024/11/27 16:35,0,17.3,2,-1.6,12
2024/11/27 16:40,0,17.3,2,-1.6,12
2024/11/27 16:45,0,17.2,2,-1.7,12.1
2024/11/27 16:50,0,17.2,2,-1.8,12.2
2024/11/27 16:55,0,17.1,2,-1.8,12.2
2024/11/27 17:00,0,17.1,1,-1.9,12.3
2024/11/27 17:05,0,16.9,1,-1.9,11.9
2024/11/27 17:10,0,16.7,1,-2,11.6
2024/11/27 17:15,0,16.4,1,-2,11.2
2024/11/27 17:20,0,16.2,1,-2,10.9
2024/11/27 17:25,0,16,1,-2,10.5
2024/11/27 17:30,0,15.8,1,-2,10.2
2024/11/27 17:35,0,15.5,1,-2.1,9.8
2024/11/27 17:40,0,15.3,1,-2.1,9.4
2024/11/27 17:45,0,15.1,1,-2.1,9.1
2024/11/27 17:50,0,14.8,1,-2.2,8.7
2024/11/27 17:55,0,14.6,1,-2.2,8.4
2024/11/27 18:00,0,14.4,2,-2.2,8
2024/11/27 18:05,0,15.4,2,-2.2,8.2
2024/11/27 18:10,0,16.4,2,-2.3,8.5
2024/11/27 18:15,0,17.5,2,-2.3,8.7
2024/11/27 18:20,0,18.5,2,-2.4,8.9
2024/11/27 18:25,0,19.5,2,-2.4,9.2
2024/11/27 18:30,0,20.6,2,-2.4,9.4
2024/11/27 18:35,0,21.6,2,-2.5,9.6
2024/11/27 18:40,0,22.6,2,-2.5,9.9
2024/11/27 18:45,0,23.6,2,-2.6,10.1
2024/11/27 18:50,0,24.6,2,-2.6,10.3
2024/11/27 18:55,0,25.7,2,-2.7,10.6
2024/11/27 19:00,0,26.7,2,-2.7,10.8
2024/11/27 19:05,0,27,2,-2.7,10.7
2024/11/27 19:10,0,27.2,2,-2.8,10.6
2024/11/27 19:15,0,27.5,2,-2.8,10.5
2024/11/27 19:20,0,27.8,2,-2.8,10.3
2024/11/27 19:25,0,28.1,2,-2.9,10.2
2024/11/27 19:30,0,28.4,2,-2.9,10.1
2024/11/27 19:35,0,28.6,2,-2.9,10
2024/11/27 19:40,0,28.9,2,-3,9.9
2024/11/27 19:45,0,29.2,2,-3,9.8
2024/11/27 19:50,0,29.4,2,-3,9.6
2024/11/27 19:55,0,29.7,2,-3.1,9.5
2024/11/27 20:00,0,30,2,-3.1,9.4
2024/11/27 20:05,0,30,2,-3.1,9.2
2024/11/27 20:10,0,30,2,-3.2,9
2024/11/27 20:15,0,30,2,-3.2,8.8
2024/11/27 20:20,0,30,2,-3.2,8.6
2024/11/27 20:25,0,30,2,-3.2,8.4
2024/11/27 20:30,0,30,2,-3.2,8.2
2024/11/27 20:35,0,30,2,-3.3,7.9
2024/11/27 20:40,0,30,2,-3.3,7.7
2024/11/27 20:45,0,30,2,-3.3,7.5
2024/11/27 20:50,0,30,2,-3.4,7.3
2024/11/27 20:55,0,30,2,-3.4,7.1
2024/11/27 21:00,0,30,2,-3.4,6.9
2024/11/27 21:05,0,30,2,-3.4,6.9
2024/11/27 21:10,0,30,2,-3.4,6.9
2024/11/27 21:15,0,30,2,-3.4,6.9
2024/11/27 21:20,0,30,2,-3.4,6.9
2024/11/27 21:25,0,30,2,-3.4,6.9
2024/11/27 21:30,0,30,2,-3.4,7
2024/11/27 21:35,0,30,2,-3.4,7
2024/11/27 21:40,0,30,2,-3.4,7
2024/11/27 21:45,0,30,2,-3.4,7
2024/11/27 21:50,0,30,2,-3.4,7
2024/11/27 21:55,0,30,2,-3.4,7
2024/11/27 22:00,0,30,1,-3.4,7
2024/11/27 22:05,0,30,1,-3.4,7.2
2024/11/27 22:10,0,30,1,-3.4,7.3
2024/11/27 22:15,0,30,1,-3.5,7.5
2024/11/27 22:20,0,30,1,-3.5,7.6
2024/11/27 22:25,0,30,1,-3.5,7.8
2024/11/27 22:30,0,30,1,-3.6,8
2024/11/27 22:35,0,30,1,-3.6,8.1
2024/11/27 22:40,0,30,1,-3.6,8.3
2024/11/27 22:45,0,30,1,-3.6,8.4
2024/11/27 22:50,0,30,1,-3.6,8.6
2024/11/27 22:55,0,30,1,-3.7,8.7
2024/11/27 23:00,0,30,2,-3.7,8.9
2024/11/27 23:05,0,30,2,-3.7,8.9
2024/11/27 23:10,0,30,2,-3.8,8.9
2024/11/27 23:15,0,30,2,-3.8,8.8
2024/11/27 23:20,0,30,2,-3.9,8.8
2024/11/27 23:25,0,30,2,-3.9,8.8
2024/11/27 23:30,0,30,2,-4,8.8
2024/11/27 23:35,0,30,2,-4,8.8
2024/11/27 23:40,0,30,2,-4,8.8
2024/11/27 23:45,0,30,2,-4.1,8.8
2024/11/27 23:50,0,30,2,-4.1,8.7
2024/11/27 23:55,0,30,2,-4.2,8.7
2024/11/28 0:00,0,30,2,-4.2,8.7
2024/11/28 0:05,0,30,2,-4.2,8.4
2024/11/28 0:10,0,30,2,-4.2,8.1
2024/11/28 0:15,0,30,2,-4.3,7.8
2024/11/28 0:20,0,30,2,-4.3,7.4
2024/11/28 0:25,0,30,2,-4.3,7.1
2024/11/28 0:30,0,30,2,-4.4,6.8
2024/11/28 0:35,0,30,2,-4.4,6.5
2024/11/28 0:40,0,30,2,-4.4,6.2
2024/11/28 0:45,0,30,2,-4.4,5.8
2024/11/28 0:50,0,30,2,-4.4,5.5
2024/11/28 0:55,0,30,2,-4.5,5.2
2024/11/28 1:00,0,30,3,-4.5,4.9
2024/11/28 1:05,0,30,3,-4.5,4.9
2024/11/28 1:10,0,30,3,-4.4,4.8
2024/11/28 1:15,0,30,3,-4.4,4.8
2024/11/28 1:20,0,30,3,-4.3,4.7
2024/11/28 1:25,0,30,3,-4.3,4.7
2024/11/28 1:30,0,30,3,-4.2,4.6
2024/11/28 1:35,0,30,3,-4.2,4.6
2024/11/28 1:40,0,30,3,-4.2,4.6
2024/11/28 1:45,0,30,3,-4.1,4.5
2024/11/28 1:50,0,30,3,-4.1,4.5
2024/11/28 1:55,0,30,3,-4,4.4
2024/11/28 2:00,0,30,2,-4,4.4
2024/11/28 2:05,0,30,2,-4.1,4.2
2024/11/28 2:10,0,30,2,-4.2,3.9
2024/11/28 2:15,0,30,2,-4.2,3.6
2024/11/28 2:20,0,30,2,-4.3,3.4
2024/11/28 2:25,0,30,2,-4.4,3.2
2024/11/28 2:30,0,30,2,-4.4,2.9
2024/11/28 2:35,0,30,2,-4.5,2.6
2024/11/28 2:40,0,30,2,-4.6,2.4
2024/11/28 2:45,0,30,2,-4.7,2.2
2024/11/28 2:50,0,30,2,-4.8,1.9
2024/11/28 2:55,0,30,2,-4.8,1.6
2024/11/28 3:00,0,30,2,-4.9,1.4
2024/11/28 3:05,0,30,2,-4.9,1.4
2024/11/28 3:10,0,30,2,-4.9,1.5
2024/11/28 3:15,0,30,2,-4.9,1.5
2024/11/28 3:20,0,30,2,-4.9,1.6
2024/11/28 3:25,0,30,2,-4.9,1.6
2024/11/28 3:30,0,30,2,-4.9,1.7
2024/11/28 3:35,0,30,2,-4.9,1.8
2024/11/28 3:40,0,30,2,-4.9,1.8
2024/11/28 3:45,0,30,2,-4.9,1.8
2024/11/28 3:50,0,30,2,-4.9,1.9
2024/11/28 3:55,0,30,2,-4.9,2
2024/11/28 4:00,0,30,2,-4.9,2
2024/11/28 4:05,0,30,2,-4.8,2
2024/11/28 4:10,0,30,2,-4.8,2
2024/11/28 4:15,0,30,2,-4.7,2
2024/11/28 4:20,0,30,2,-4.6,2.1
2024/11/28 4:25,0,30,2,-4.6,2.1
2024/11/28 4:30,0,30,2,-4.5,2.1
2024/11/28 4:35,0,30,2,-4.4,2.1
2024/11/28 4:40,0,30,2,-4.4,2.1
2024/11/28 4:45,0,30,2,-4.3,2.2
2024/11/28 4:50,0,30,2,-4.2,2.2
2024/11/28 4:55,0,30,2,-4.2,2.2
2024/11/28 5:00,0,30,1,-4.1,2.2
2024/11/28 5:05,0,30,1,-4.1,2.5
2024/11/28 5:10,0,30,1,-4.2,2.8
2024/11/28 5:15,0,30,1,-4.2,3.1
2024/11/28 5:20,0,30,1,-4.3,3.4
2024/11/28 5:25,0,30,1,-4.3,3.7
2024/11/28 5:30,0,30,1,-4.4,4
2024/11/28 5:35,0,30,1,-4.4,4.2
2024/11/28 5:40,0,30,1,-4.4,4.5
2024/11/28 5:45,0,30,1,-4.5,4.8
2024/11/28 5:50,0,30,1,-4.5,5.1
2024/11/28 5:55,0,30,1,-4.6,5.4
2024/11/28 6:00,0,30,1,-4.6,5.7
2024/11/28 6:05,0,30,1,-4.5,5.9
2024/11/28 6:10,0,30,1,-4.4,6.1
2024/11/28 6:15,0,30,1,-4.2,6.3
2024/11/28 6:20,0,30,1,-4.1,6.5
2024/11/28 6:25,0,30,1,-4,6.7
2024/11/28 6:30,0,30,1,-3.8,6.8
2024/11/28 6:35,0,30,1,-3.7,7
2024/11/28 6:40,0,30,1,-3.6,7.2
2024/11/28 6:45,0,30,1,-3.5,7.4
2024/11/28 6:50,0,30,1,-3.4,7.6
2024/11/28 6:55,0,30,1,-3.2,7.8
2024/11/28 7:00,0,30,1,-3.1,8
2024/11/28 7:05,0,30,1,-3,8.1
2024/11/28 7:10,0,30,1,-2.9,8.2
2024/11/28 7:15,0,30,1,-2.8,8.2
2024/11/28 7:20,0,30,1,-2.7,8.3
2024/11/28 7:25,0,30,1,-2.6,8.4
2024/11/28 7:30,0,30,1,-2.4,8.4
2024/11/28 7:35,0,30,1,-2.3,8.5
2024/11/28 7:40,0,30,1,-2.2,8.6
2024/11/28 7:45,0,30,1,-2.1,8.7
2024/11/28 7:50,0,30,1,-2,8.8
2024/11/28 7:55,0,30,1,-1.9,8.8
2024/11/28 8:00,0,30,3,-1.8,8.9
2024/11/28 8:05,0,30,3,-1.7,8.7
2024/11/28 8:10,0,30,3,-1.6,8.5
2024/11/28 8:15,0,30,3,-1.5,8.4
2024/11/28 8:20,0,30,3,-1.4,8.2
2024/11/28 8:25,0,30,3,-1.3,8
2024/11/28 8:30,0,30,3,-1.2,7.8
2024/11/28 8:35,0,30,3,-1.2,7.6
2024/11/28 8:40,0,30,3,-1.1,7.4
2024/11/28 8:45,0,30,3,-1,7.2
2024/11/28 8:50,0,30,3,-0.9,7.1
2024/11/28 8:55,0,30,3,-0.8,6.9
2024/11/28 9:00,0,30,3,-0.7,6.7
2024/11/28 9:05,0,29.6,3,-0.7,6.6
2024/11/28 9:10,0,29.2,3,-0.7,6.5
2024/11/28 9:15,0,28.8,3,-0.7,6.4
2024/11/28 9:20,0,28.4,3,-0.7,6.3
2024/11/28 9:25,0,28,3,-0.7,6.2
2024/11/28 9:30,0,27.6,3,-0.6,6.2
2024/11/28 9:35,0,27.3,3,-0.6,6.1
2024/11/28 9:40,0,26.9,3,-0.6,6
2024/11/28 9:45,0,26.5,3,-0.6,5.9
2024/11/28 9:50,0,26.1,3,-0.6,5.8
2024/11/28 9:55,0,25.7,3,-0.6,5.7
2024/11/28 10:00,0,25.3,1,-0.6,5.6
2024/11/28 10:05,0,23.9,1,-0.4,5.9
2024/11/28 10:10,0,22.5,1,-0.3,6.2
2024/11/28 10:15,0,21.1,1,-0.1,6.4
2024/11/28 10:20,0,19.7,1,0.1,6.7
2024/11/28 10:25,0,18.3,1,0.2,7
2024/11/28 10:30,0,16.8,1,0.4,7.3
2024/11/28 10:35,0,15.4,1,0.6,7.6
2024/11/28 10:40,0,14,1,0.7,7.9
2024/11/28 10:45,0,12.6,1,0.9,8.2
2024/11/28 10:50,0,11.2,1,1.1,8.4
2024/11/28 10:55,0,9.8,1,1.2,8.7
2024/11/28 11:00,0,8.4,3,1.4,9
2024/11/28 11:05,0,10.2,3,1.6,9
2024/11/28 11:10,0,11.9,3,1.8,9
2024/11/28 11:15,0,13.7,3,2,9
2024/11/28 11:20,0,15.5,3,2.2,9
2024/11/28 11:25,0,17.2,3,2.4,9
2024/11/28 11:30,0,19,3,2.6,9
2024/11/28 11:35,0,20.8,3,2.9,9
2024/11/28 11:40,0,22.5,3,3.1,9
2024/11/28 11:45,0,24.3,3,3.3,9
2024/11/28 11:50,0,26.1,3,3.5,9
2024/11/28 11:55,0,27.8,3,3.7,9
2024/11/28 12:00,0,29.6,1,3.9,9
2024/11/28 12:05,0,29.4,1,3.9,9.4
2024/11/28 12:10,0,29.2,1,3.9,9.7
2024/11/28 12:15,0,29.1,1,4,10
2024/11/28 12:20,0,28.9,1,4,10.4
2024/11/28 12:25,0,28.7,1,4,10.8
2024/11/28 12:30,0,28.6,1,4,11.1
2024/11/28 12:35,0,28.4,1,4,11.4
2024/11/28 12:40,0,28.2,1,4,11.8
2024/11/28 12:45,0,28,1,4,12.1
2024/11/28 12:50,0,27.8,1,4.1,12.5
2024/11/28 12:55,0,27.7,1,4.1,12.8
2024/11/28 13:00,0,27.5,1,4.1,13.2
2024/11/28 13:05,0,27.6,1,4.1,12.9
2024/11/28 13:10,0,27.7,1,4.2,12.6
2024/11/28 13:15,0,27.8,1,4.2,12.3
2024/11/28 13:20,0,28,1,4.2,12
2024/11/28 13:25,0,28.1,1,4.3,11.7
2024/11/28 13:30,0,28.2,1,4.3,11.4
2024/11/28 13:35,0,28.3,1,4.3,11.2
2024/11/28 13:40,0,28.4,1,4.4,10.9
2024/11/28 13:45,0,28.6,1,4.4,10.6
2024/11/28 13:50,0,28.7,1,4.4,10.3
2024/11/28 13:55,0,28.8,1,4.5,10
2024/11/28 14:00,0,28.9,1,4.5,9.7
2024/11/28 14:05,0,28.4,1,4.5,9.5
2024/11/28 14:10,0,28,1,4.4,9.3
2024/11/28 14:15,0,27.5,1,4.4,9.1
2024/11/28 14:20,0,27,1,4.4,8.9
2024/11/28 14:25,0,26.5,1,4.4,8.7
2024/11/28 14:30,0,26,1,4.4,8.6
2024/11/28 14:35,0,25.6,1,4.3,8.4
2024/11/28 14:40,0,25.1,1,4.3,8.2
2024/11/28 14:45,0,24.6,1,4.3,8
2024/11/28 14:50,0,24.2,1,4.2,7.8
2024/11/28 14:55,0,23.7,1,4.2,7.6
2024/11/28 15:00,0,23.2,1,4.2,7.4
2024/11/28 15:05,0,23.8,1,4.2,7.8
2024/11/28 15:10,0,24.3,1,4.2,8.2
2024/11/28 15:15,0,24.9,1,4.2,8.6
2024/11/28 15:20,0,25.5,1,4.2,9
2024/11/28 15:25,0,26,1,4.2,9.4
2024/11/28 15:30,0,26.6,1,4.2,9.8
2024/11/28 15:35,0,27.2,1,4.3,10.1
2024/11/28 15:40,0,27.7,1,4.3,10.5
2024/11/28 15:45,0,28.3,1,4.3,10.9
2024/11/28 15:50,0,28.9,1,4.3,11.3
2024/11/28 15:55,0,29.4,1,4.3,11.7
2024/11/28 16:00,0,30,2,4.3,12.1
2024/11/28 16:05,0,30,2,4.3,11.7
2024/11/28 16:10,0,30,2,4.2,11.3
2024/11/28 16:15,0,30,2,4.2,10.9
2024/11/28 16:20,0,30,2,4.2,10.5
2024/11/28 16:25,0,30,2,4.1,10.1
2024/11/28 16:30,0,30,2,4.1,9.6
2024/11/28 16:35,0,30,2,4.1,9.2
2024/11/28 16:40,0,30,2,4,8.8
2024/11/28 16:45,0,30,2,4,8.4
2024/11/28 16:50,0,30,2,4,8
2024/11/28 16:55,0,30,2,3.9,7.6
2024/11/28 17:00,0,30,2,3.9,7.2
2024/11/28 17:05,0,30,2,3.8,7
2024/11/28 17:10,0,30,2,3.7,6.8
2024/11/28 17:15,0,30,2,3.6,6.7
2024/11/28 17:20,0,30,2,3.5,6.5
2024/11/28 17:25,0,30,2,3.4,6.3
2024/11/28 17:30,0,30,2,3.4,6.2
2024/11/28 17:35,0,30,2,3.3,6
2024/11/28 17:40,0,30,2,3.2,5.8
2024/11/28 17:45,0,30,2,3.1,5.6
2024/11/28 17:50,0,30,2,3,5.4
2024/11/28 17:55,0,30,2,2.9,5.3
2024/11/28 18:00,0,30,2,2.8,5.1
2024/11/28 18:05,0,30,2,2.8,5.1
2024/11/28 18:10,0,30,2,2.7,5.2
2024/11/28 18:15,0,30,2,2.7,5.2
2024/11/28 18:20,0,30,2,2.7,5.2
2024/11/28 18:25,0,30,2,2.6,5.3
2024/11/28 18:30,0,30,2,2.6,5.3
2024/11/28 18:35,0,30,2,2.6,5.3
2024/11/28 18:40,0,30,2,2.5,5.4
2024/11/28 18:45,0,30,2,2.5,5.4
2024/11/28 18:50,0,30,2,2.5,5.4
2024/11/28 18:55,0,30,2,2.4,5.5
2024/11/28 19:00,0,30,2,2.4,5.5
2024/11/28 19:05,0,30,2,2.2,5.5
2024/11/28 19:10,0,30,2,2.1,5.5
2024/11/28 19:15,0,29.9,2,2,5.6
2024/11/28 19:20,0,29.9,2,1.8,5.6
2024/11/28 19:25,0,29.9,2,1.6,5.6
2024/11/28 19:30,0,29.8,2,1.5,5.6
2024/11/28 19:35,0,29.8,2,1.3,5.6
2024/11/28 19:40,0,29.8,2,1.2,5.6
2024/11/28 19:45,0,29.8,2,1,5.6
2024/11/28 19:50,0,29.8,2,0.9,5.7
2024/11/28 19:55,0,29.7,2,0.8,5.7
2024/11/28 20:00,0,29.7,1,0.6,5.7
2024/11/28 20:05,0,29.4,1,0.6,5.8
2024/11/28 20:10,0,29.1,1,0.5,5.9
2024/11/28 20:15,0,28.8,1,0.5,6
2024/11/28 20:20,0,28.5,1,0.4,6.1
2024/11/28 20:25,0,28.2,1,0.4,6.2
2024/11/28 20:30,0,27.8,1,0.4,6.3
2024/11/28 20:35,0,27.5,1,0.3,6.4
2024/11/28 20:40,0,27.2,1,0.3,6.5
2024/11/28 20:45,0,26.9,1,0.2,6.6
2024/11/28 20:50,0,26.6,1,0.2,6.7
2024/11/28 20:55,0,26.3,1,0.1,6.8
2024/11/28 21:00,0,26,1,0.1,6.9
2024/11/28 21:05,0,25.8,1,0.1,6.8
2024/11/28 21:10,0,25.7,1,0.1,6.6
2024/11/28 21:15,0,25.5,1,0,6.5
2024/11/28 21:20,0,25.3,1,0,6.3
2024/11/28 21:25,0,25.2,1,0,6.2
2024/11/28 21:30,0,25,1,0,6.1
2024/11/28 21:35,0,24.8,1,0,5.9
2024/11/28 21:40,0,24.7,1,0,5.8
2024/11/28 21:45,0,24.5,1,0,5.6
2024/11/28 21:50,0,24.3,1,-0.1,5.5
2024/11/28 21:55,0,24.2,1,-0.1,5.3
2024/11/28 22:00,0,24,1,-0.1,5.2
2024/11/28 22:05,0,24.5,1,-0.1,5.4
2024/11/28 22:10,0,25,1,0,5.7
2024/11/28 22:15,0,25.5,1,0,5.9
2024/11/28 22:20,0,26,1,0,6.2
2024/11/28 22:25,0,26.5,1,0.1,6.4
2024/11/28 22:30,0,27,1,0.1,6.6
2024/11/28 22:35,0,27.4,1,0.1,6.9
2024/11/28 22:40,0,27.9,1,0.2,7.1
2024/11/28 22:45,0,28.4,1,0.2,7.4
2024/11/28 22:50,0,28.9,1,0.2,7.6
2024/11/28 22:55,0,29.4,1,0.3,7.9
2024/11/28 23:00,0,29.9,1,0.3,8.1
2024/11/28 23:05,0,29.6,1,0.3,7.9
2024/11/28 23:10,0,29.2,1,0.3,7.7
2024/11/28 23:15,0,28.8,1,0.2,7.4
2024/11/28 23:20,0,28.5,1,0.2,7.2
2024/11/28 23:25,0,28.2,1,0.2,7
2024/11/28 23:30,0,27.8,1,0.2,6.8
2024/11/28 23:35,0,27.4,1,0.2,6.6
2024/11/28 23:40,0,27.1,1,0.2,6.4
2024/11/28 23:45,0,26.8,1,0.2,6.2
2024/11/28 23:50,0,26.4,1,0.1,5.9
2024/11/28 23:55,0,26,1,0.1,5.7
2024/11/29 0:00,0,25.7,1,0.1,5.5
2024/11/29 0:05,0,25.2,1,0.1,5.5
2024/11/29 0:10,0,24.8,1,0.1,5.4
2024/11/29 0:15,0,24.3,1,0.1,5.4
2024/11/29 0:20,0,23.9,1,0.1,5.3
2024/11/29 0:25,0,23.4,1,0.1,5.3
2024/11/29 0:30,0,23,1,0.1,5.2
2024/11/29 0:35,0,22.5,1,0.1,5.2
2024/11/29 0:40,0,22,1,0.1,5.2
2024/11/29 0:45,0,21.6,1,0.1,5.1
2024/11/29 0:50,0,21.1,1,0.1,5.1
2024/11/29 0:55,0,20.7,1,0.1,5
2024/11/29 1:00,0,20.2,1,0.1,5
2024/11/29 1:05,0,20.1,1,0.1,5
2024/11/29 1:10,0,19.9,1,0.1,5
2024/11/29 1:15,0,19.8,1,0.2,5
2024/11/29 1:20,0,19.7,1,0.2,5
2024/11/29 1:25,0,19.5,1,0.2,5
2024/11/29 1:30,0,19.4,1,0.2,5
2024/11/29 1:35,0,19.3,1,0.2,5
2024/11/29 1:40,0,19.1,1,0.2,5
2024/11/29 1:45,0,19,1,0.2,5
2024/11/29 1:50,0,18.9,1,0.3,5
2024/11/29 1:55,0,18.7,1,0.3,5
2024/11/29 2:00,0,18.6,1,0.3,5
2024/11/29 2:05,0,18.3,1,0.3,5
2024/11/29 2:10,0,18,1,0.3,5
2024/11/29 2:15,0,17.8,1,0.3,5
2024/11/29 2:20,0,17.5,1,0.3,5.1
2024/11/29 2:25,0,17.2,1,0.3,5.1
2024/11/29 2:30,0,17,1,0.2,5.1
2024/11/29 2:35,0,16.7,1,0.2,5.1
2024/11/29 2:40,0,16.4,1,0.2,5.1
2024/11/29 2:45,0,16.1,1,0.2,5.2
2024/11/29 2:50,0,15.8,1,0.2,5.2
2024/11/29 2:55,0,15.6,1,0.2,5.2
2024/11/29 3:00,0,15.3,1,0.2,5.2
2024/11/29 3:05,0,15,1,0.1,5.1
2024/11/29 3:10,0,14.7,1,0,4.9
2024/11/29 3:15,0,14.4,1,-0.2,4.8
2024/11/29 3:20,0,14.1,1,-0.3,4.7
2024/11/29 3:25,0,13.8,1,-0.4,4.5
2024/11/29 3:30,0,13.4,1,-0.6,4.4
2024/11/29 3:35,0,13.1,1,-0.7,4.3
2024/11/29 3:40,0,12.8,1,-0.8,4.1
2024/11/29 3:45,0,12.5,1,-0.9,4
2024/11/29 3:50,0,12.2,1,-1,3.9
2024/11/29 3:55,0,11.9,1,-1.2,3.7
2024/11/29 4:00,0,11.6,1,-1.3,3.6
2024/11/29 4:05,0,11.8,1,-1.4,3.5
2024/11/29 4:10,0,12,1,-1.5,3.5
2024/11/29 4:15,0,12.1,1,-1.6,3.4
2024/11/29 4:20,0,12.3,1,-1.8,3.3
2024/11/29 4:25,0,12.5,1,-1.9,3.3
2024/11/29 4:30,0,12.6,1,-2,3.2
2024/11/29 4:35,0,12.8,1,-2.1,3.1
2024/11/29 4:40,0,13,1,-2.2,3.1
2024/11/29 4:45,0,13.2,1,-2.4,3
2024/11/29 4:50,0,13.4,1,-2.5,2.9
2024/11/29 4:55,0,13.5,1,-2.6,2.9
2024/11/29 5:00,0,13.7,1,-2.7,2.8
2024/11/29 5:05,0,14.3,1,-2.6,3
2024/11/29 5:10,0,14.9,1,-2.5,3.2
2024/11/29 5:15,0,15.5,1,-2.4,3.5
2024/11/29 5:20,0,16.1,1,-2.3,3.7
2024/11/29 5:25,0,16.7,1,-2.2,3.9
2024/11/29 5:30,0,17.4,1,-2.1,4.2
2024/11/29 5:35,0,18,1,-2,4.4
2024/11/29 5:40,0,18.6,1,-1.9,4.6
2024/11/29 5:45,0,19.2,1,-1.8,4.8
2024/11/29 5:50,0,19.8,1,-1.7,5
2024/11/29 5:55,0,20.4,1,-1.6,5.3
2024/11/29 6:00,0,21,1,-1.5,5.5
2024/11/29 6:05,0,21,1,-1.5,5.5
2024/11/29 6:10,0,21,1,-1.6,5.6
2024/11/29 6:15,0,21,1,-1.6,5.6
2024/11/29 6:20,0,21.1,1,-1.6,5.6
2024/11/29 6:25,0,21.1,1,-1.6,5.7
2024/11/29 6:30,0,21.1,1,-1.6,5.7
2024/11/29 6:35,0,21.1,1,-1.7,5.7
2024/11/29 6:40,0,21.1,1,-1.7,5.8
2024/11/29 6:45,0,21.2,1,-1.7,5.8
2024/11/29 6:50,0,21.2,1,-1.8,5.8
2024/11/29 6:55,0,21.2,1,-1.8,5.9
2024/11/29 7:00,0,21.2,1,-1.8,5.9
2024/11/29 7:05,0,20.7,1,-1.8,5.8
2024/11/29 7:10,0,20.3,1,-1.8,5.8
2024/11/29 7:15,0,19.8,1,-1.7,5.7
2024/11/29 7:20,0,19.4,1,-1.7,5.6
2024/11/29 7:25,0,18.9,1,-1.7,5.5
2024/11/29 7:30,0,18.4,1,-1.6,5.4
2024/11/29 7:35,0,18,1,-1.6,5.4
2024/11/29 7:40,0,17.5,1,-1.6,5.3
2024/11/29 7:45,0,17.1,1,-1.6,5.2
2024/11/29 7:50,0,16.6,1,-1.6,5.2
2024/11/29 7:55,0,16.2,1,-1.5,5.1
2024/11/29 8:00,0,15.7,1,-1.5,5
2024/11/29 8:05,0,15.8,1,-1.4,4.8
2024/11/29 8:10,0,16,1,-1.3,4.6
2024/11/29 8:15,0,16.1,1,-1.2,4.4
2024/11/29 8:20,0,16.2,1,-1,4.1
2024/11/29 8:25,0,16.3,1,-0.9,3.9
2024/11/29 8:30,0,16.4,1,-0.8,3.7
2024/11/29 8:35,0,16.6,1,-0.7,3.5
2024/11/29 8:40,0,16.7,1,-0.6,3.3
2024/11/29 8:45,0,16.8,1,-0.5,3
2024/11/29 8:50,0,17,1,-0.3,2.8
2024/11/29 8:55,0,17.1,1,-0.2,2.6
2024/11/29 9:00,0,17.2,1,-0.1,2.4
2024/11/29 9:05,0,17.3,1,0.1,2.7
2024/11/29 9:10,0,17.5,1,0.2,3
2024/11/29 9:15,0,17.6,1,0.4,3.2
2024/11/29 9:20,0,17.8,1,0.5,3.5
2024/11/29 9:25,0,17.9,1,0.7,3.8
2024/11/29 9:30,0,18,1,0.9,4.1
2024/11/29 9:35,0,18.2,1,1,4.4
2024/11/29 9:40,0,18.3,1,1.2,4.7
2024/11/29 9:45,0,18.5,1,1.3,4.9
2024/11/29 9:50,0,18.6,1,1.5,5.2
2024/11/29 9:55,0,18.8,1,1.6,5.5
2024/11/29 10:00,0,18.9,1,1.8,5.8
2024/11/29 10:05,0,19.4,1,2,5.6
2024/11/29 10:10,0,19.9,1,2.2,5.5
2024/11/29 10:15,0,20.4,1,2.3,5.4
2024/11/29 10:20,0,20.9,1,2.5,5.2
2024/11/29 10:25,0,21.4,1,2.7,5
2024/11/29 10:30,0,22,1,2.8,4.9
2024/11/29 10:35,0,22.5,1,3,4.8
2024/11/29 10:40,0,23,1,3.2,4.6
2024/11/29 10:45,0,23.5,1,3.4,4.4
2024/11/29 10:50,0,24,1,3.6,4.3
2024/11/29 10:55,0,24.5,1,3.7,4.2
2024/11/29 11:00,0,25,3,3.9,4
2024/11/29 11:05,0,24.7,3,4,4.1
2024/11/29 11:10,0,24.4,3,4.1,4.1
2024/11/29 11:15,0,24.2,3,4.2,4.2
2024/11/29 11:20,0,23.9,3,4.3,4.3
2024/11/29 11:25,0,23.6,3,4.4,4.3
2024/11/29 11:30,0,23.4,3,4.4,4.4
2024/11/29 11:35,0,23.1,3,4.5,4.5
2024/11/29 11:40,0,22.8,3,4.6,4.5
2024/11/29 11:45,0,22.5,3,4.7,4.6
2024/11/29 11:50,0,22.2,3,4.8,4.7
2024/11/29 11:55,0,22,3,4.9,4.7
2024/11/29 12:00,0,21.7,1,5,4.8
2024/11/29 12:05,0,21.5,1,5.1,4.9
2024/11/29 12:10,0,21.3,1,5.3,4.9
2024/11/29 12:15,0,21.1,1,5.4,5
2024/11/29 12:20,0,20.9,1,5.5,5.1
2024/11/29 12:25,0,20.7,1,5.7,5.1
2024/11/29 12:30,0,20.5,1,5.8,5.2
2024/11/29 12:35,0,20.4,1,5.9,5.3
2024/11/29 12:40,0,20.2,1,6.1,5.3
2024/11/29 12:45,0,20,1,6.2,5.4
2024/11/29 12:50,0,19.8,1,6.3,5.5
2024/11/29 12:55,0,19.6,1,6.5,5.5
2024/11/29 13:00,0,19.4,1,6.6,5.6
2024/11/29 13:05,0,20.3,1,6.7,5.6
2024/11/29 13:10,0,21.2,1,6.7,5.5
2024/11/29 13:15,0,22,1,6.8,5.5
2024/11/29 13:20,0,22.9,1,6.8,5.5
2024/11/29 13:25,0,23.8,1,6.9,5.4
2024/11/29 13:30,0,24.7,1,7,5.4
2024/11/29 13:35,0,25.6,1,7,5.4
2024/11/29 13:40,0,26.5,1,7.1,5.3
2024/11/29 13:45,0,27.4,1,7.1,5.3
2024/11/29 13:50,0,28.2,1,7.2,5.3
2024/11/29 13:55,0,29.1,1,7.2,5.2
2024/11/29 14:00,0,30,1,7.3,5.2
2024/11/29 14:05,0,30,1,7.3,5.1
2024/11/29 14:10,0,30,1,7.4,5
2024/11/29 14:15,0,30,1,7.4,4.9
2024/11/29 14:20,0,30,1,7.4,4.8
2024/11/29 14:25,0,30,1,7.4,4.7
2024/11/29 14:30,0,30,1,7.4,4.6
2024/11/29 14:35,0,30,1,7.5,4.4
2024/11/29 14:40,0,30,1,7.5,4.3
2024/11/29 14:45,0,30,1,7.5,4.2
2024/11/29 14:50,0,30,1,7.6,4.1
2024/11/29 14:55,0,30,1,7.6,4
2024/11/29 15:00,0,30,1,7.6,3.9
2024/11/29 15:05,0,30,1,7.5,3.9
2024/11/29 15:10,0,30,1,7.4,3.9
2024/11/29 15:15,0,30,1,7.3,3.8
2024/11/29 15:20,0,30,1,7.2,3.8
2024/11/29 15:25,0,30,1,7.1,3.8
2024/11/29 15:30,0,30,1,7,3.8
2024/11/29 15:35,0,30,1,6.9,3.8
2024/11/29 15:40,0,30,1,6.8,3.8
2024/11/29 15:45,0,30,1,6.7,3.8
2024/11/29 15:50,0,30,1,6.6,3.7
2024/11/29 15:55,0,30,1,6.5,3.7
2024/11/29 16:00,0,30,1,6.4,3.7
2024/11/29 16:05,0,29.4,1,6.2,3.6
2024/11/29 16:10,0,28.8,1,5.9,3.5
2024/11/29 16:15,0,28.2,1,5.6,3.4
2024/11/29 16:20,0,27.6,1,5.4,3.2
2024/11/29 16:25,0,27,1,5.2,3.1
2024/11/29 16:30,0,26.4,1,4.9,3
2024/11/29 16:35,0,25.9,1,4.6,2.9
2024/11/29 16:40,0,25.3,1,4.4,2.8
2024/11/29 16:45,0,24.7,1,4.2,2.6
2024/11/29 16:50,0,24.1,1,3.9,2.5
2024/11/29 16:55,0,23.5,1,3.6,2.4
2024/11/29 17:00,0,22.9,1,3.4,2.3
2024/11/29 17:05,0,22.6,1,3.4,2.3
2024/11/29 17:10,0,22.3,1,3.3,2.3
2024/11/29 17:15,0,22,1,3.3,2.3
2024/11/29 17:20,0,21.6,1,3.3,2.3
2024/11/29 17:25,0,21.3,1,3.2,2.3
2024/11/29 17:30,0,21,1,3.2,2.3
2024/11/29 17:35,0,20.7,1,3.2,2.3
2024/11/29 17:40,0,20.4,1,3.1,2.3
2024/11/29 17:45,0,20,1,3.1,2.3
2024/11/29 17:50,0,19.7,1,3.1,2.3
2024/11/29 17:55,0,19.4,1,3,2.3
2024/11/29 18:00,0,19.1,1,3,2.3
2024/11/29 18:05,0,19.1,1,2.8,2.3
2024/11/29 18:10,0,19.1,1,2.7,2.4
2024/11/29 18:15,0,19.1,1,2.5,2.4
2024/11/29 18:20,0,19.1,1,2.3,2.4
2024/11/29 18:25,0,19.1,1,2.2,2.5
2024/11/29 18:30,0,19.1,1,2,2.5
2024/11/29 18:35,0,19.1,1,1.8,2.5
2024/11/29 18:40,0,19.1,1,1.7,2.6
2024/11/29 18:45,0,19.1,1,1.5,2.6
2024/11/29 18:50,0,19.1,1,1.3,2.6
2024/11/29 18:55,0,19.1,1,1.2,2.7
2024/11/29 19:00,0,19.1,1,1,2.7
2024/11/29 19:05,0,19.2,1,0.9,2.6
2024/11/29 19:10,0,19.3,1,0.8,2.6
2024/11/29 19:15,0,19.5,1,0.7,2.5
2024/11/29 19:20,0,19.6,1,0.6,2.4
2024/11/29 19:25,0,19.7,1,0.5,2.4
2024/11/29 19:30,0,19.8,1,0.4,2.3
2024/11/29 19:35,0,19.9,1,0.2,2.2
2024/11/29 19:40,0,20,1,0.1,2.2
2024/11/29 19:45,0,20.2,1,0,2.1
2024/11/29 19:50,0,20.3,1,-0.1,2
2024/11/29 19:55,0,20.4,1,-0.2,2
2024/11/29 20:00,0,20.5,1,-0.3,1.9
2024/11/29 20:05,0,20.6,1,-0.4,1.9
2024/11/29 20:10,0,20.8,1,-0.4,2
2024/11/29 20:15,0,20.9,1,-0.5,2
2024/11/29 20:20,0,21,1,-0.5,2.1
2024/11/29 20:25,0,21.1,1,-0.6,2.1
2024/11/29 20:30,0,21.2,1,-0.6,2.2
2024/11/29 20:35,0,21.4,1,-0.7,2.2
2024/11/29 20:40,0,21.5,1,-0.8,2.2
2024/11/29 20:45,0,21.6,1,-0.8,2.3
2024/11/29 20:50,0,21.8,1,-0.9,2.3
2024/11/29 20:55,0,21.9,1,-0.9,2.4
2024/11/29 21:00,0,22,1,-1,2.4
2024/11/29 21:05,0,22.1,1,-1.1,2.3
2024/11/29 21:10,0,22.2,1,-1.2,2.3
2024/11/29 21:15,0,22.3,1,-1.4,2.2
2024/11/29 21:20,0,22.4,1,-1.5,2.1
2024/11/29 21:25,0,22.5,1,-1.6,2.1
2024/11/29 21:30,0,22.6,1,-1.8,2
2024/11/29 21:35,0,22.6,1,-1.9,1.9
2024/11/29 21:40,0,22.7,1,-2,1.9
2024/11/29 21:45,0,22.8,1,-2.1,1.8
2024/11/29 21:50,0,22.9,1,-2.2,1.7
2024/11/29 21:55,0,23,1,-2.4,1.7
2024/11/29 22:00,0,23.1,1,-2.5,1.6
2024/11/29 22:05,0,22.9,1,-2.6,1.6
2024/11/29 22:10,0,22.7,1,-2.7,1.7
2024/11/29 22:15,0,22.5,1,-2.8,1.7
2024/11/29 22:20,0,22.3,1,-2.9,1.8
2024/11/29 22:25,0,22.1,1,-3,1.8
2024/11/29 22:30,0,22,1,-3,1.8
2024/11/29 22:35,0,21.8,1,-3.1,1.9
2024/11/29 22:40,0,21.6,1,-3.2,1.9
2024/11/29 22:45,0,21.4,1,-3.3,2
2024/11/29 22:50,0,21.2,1,-3.4,2
2024/11/29 22:55,0,21,1,-3.5,2.1
2024/11/29 23:00,0,20.8,1,-3.6,2.1
2024/11/29 23:05,0,20.9,1,-3.6,2.1
2024/11/29 23:10,0,21,1,-3.7,2.1
2024/11/29 23:15,0,21.2,1,-3.8,2
2024/11/29 23:20,0,21.3,1,-3.8,2
2024/11/29 23:25,0,21.4,1,-3.8,2
2024/11/29 23:30,0,21.5,1,-3.9,2
2024/11/29 23:35,0,21.6,1,-4,2
2024/11/29 23:40,0,21.7,1,-4,2
2024/11/29 23:45,0,21.8,1,-4,2
2024/11/29 23:50,0,22,1,-4.1,1.9
2024/11/29 23:55,0,22.1,1,-4.2,1.9
2024/11/30 0:00,0,22.2,1,-4.2,1.9
2024/11/30 0:05,0,22.8,1,-4.2,1.9
2024/11/30 0:10,0,23.5,1,-4.1,2
2024/11/30 0:15,0,24.2,1,-4,2
2024/11/30 0:20,0,24.8,1,-4,2
2024/11/30 0:25,0,25.4,1,-4,2.1
2024/11/30 0:30,0,26.1,1,-3.9,2.1
2024/11/30 0:35,0,26.8,1,-3.8,2.1
2024/11/30 0:40,0,27.4,1,-3.8,2.2
2024/11/30 0:45,0,28,1,-3.8,2.2
2024/11/30 0:50,0,28.7,1,-3.7,2.2
2024/11/30 0:55,0,29.4,1,-3.6,2.3
2024/11/30 1:00,0,30,1,-3.6,2.3
2024/11/30 1:05,0,30,1,-3.8,2.2
2024/11/30 1:10,0,30,1,-3.9,2.2
2024/11/30 1:15,0,30,1,-4.1,2.1
2024/11/30 1:20,0,30,1,-4.2,2
2024/11/30 1:25,0,30,1,-4.4,2
2024/11/30 1:30,0,30,1,-4.6,1.9
2024/11/30 1:35,0,30,1,-4.7,1.8
2024/11/30 1:40,0,30,1,-4.9,1.8
2024/11/30 1:45,0,30,1,-5,1.7
2024/11/30 1:50,0,30,1,-5.2,1.6
2024/11/30 1:55,0,30,1,-5.3,1.6
2024/11/30 2:00,0,30,1,-5.5,1.5
2024/11/30 2:05,0,30,1,-5.5,1.6
2024/11/30 2:10,0,30,1,-5.5,1.6
2024/11/30 2:15,0,30,1,-5.5,1.7
2024/11/30 2:20,0,30,1,-5.5,1.8
2024/11/30 2:25,0,30,1,-5.5,1.8
2024/11/30 2:30,0,30,1,-5.6,1.9
2024/11/30 2:35,0,30,1,-5.6,2
2024/11/30 2:40,0,30,1,-5.6,2
2024/11/30 2:45,0,30,1,-5.6,2.1
2024/11/30 2:50,0,30,1,-5.6,2.2
2024/11/30 2:55,0,30,1,-5.6,2.2
2024/11/30 3:00,0,30,1,-5.6,2.3
2024/11/30 3:05,0,30,1,-5.6,2.3
2024/11/30 3:10,0,30,1,-5.6,2.2
2024/11/30 3:15,0,30,1,-5.6,2.2
2024/11/30 3:20,0,30,1,-5.5,2.2
2024/11/30 3:25,0,30,1,-5.5,2.1
2024/11/30 3:30,0,30,1,-5.5,2.1
2024/11/30 3:35,0,30,1,-5.5,2.1
2024/11/30 3:40,0,30,1,-5.5,2
2024/11/30 3:45,0,30,1,-5.4,2
2024/11/30 3:50,0,30,1,-5.4,2
2024/11/30 3:55,0,30,1,-5.4,1.9
2024/11/30 4:00,0,30,1,-5.4,1.9
2024/11/30 4:05,0,30,1,-5.3,2
2024/11/30 4:10,0,30,1,-5.2,2.1
2024/11/30 4:15,0,30,1,-5.2,2.2
2024/11/30 4:20,0,30,1,-5.1,2.3
2024/11/30 4:25,0,30,1,-5,2.4
2024/11/30 4:30,0,30,1,-5,2.6
2024/11/30 4:35,0,30,1,-4.9,2.7
2024/11/30 4:40,0,30,1,-4.8,2.8
2024/11/30 4:45,0,30,1,-4.7,2.9
2024/11/30 4:50,0,30,1,-4.6,3
2024/11/30 4:55,0,30,1,-4.6,3.1
2024/11/30 5:00,0,30,1,-4.5,3.2
2024/11/30 5:05,0,30,1,-4.5,3.1
2024/11/30 5:10,0,30,1,-4.5,3.1
2024/11/30 5:15,0,30,1,-4.5,3
2024/11/30 5:20,0,30,1,-4.5,2.9
2024/11/30 5:25,0,30,1,-4.5,2.9
2024/11/30 5:30,0,30,1,-4.6,2.8
2024/11/30 5:35,0,30,1,-4.6,2.7
2024/11/30 5:40,0,30,1,-4.6,2.7
2024/11/30 5:45,0,30,1,-4.6,2.6
2024/11/30 5:50,0,30,1,-4.6,2.5
2024/11/30 5:55,0,30,1,-4.6,2.5
2024/11/30 6:00,0,30,1,-4.6,2.4
2024/11/30 6:05,0,30,1,-4.7,2.4
2024/11/30 6:10,0,30,1,-4.8,2.4
2024/11/30 6:15,0,30,1,-4.9,2.4
2024/11/30 6:20,0,30,1,-5.1,2.4
2024/11/30 6:25,0,30,1,-5.2,2.4
2024/11/30 6:30,0,30,1,-5.3,2.4
2024/11/30 6:35,0,30,1,-5.4,2.5
2024/11/30 6:40,0,30,1,-5.5,2.5
2024/11/30 6:45,0,30,1,-5.6,2.5
2024/11/30 6:50,0,30,1,-5.8,2.5
2024/11/30 6:55,0,30,1,-5.9,2.5
2024/11/30 7:00,0,30,2,-6,2.5
2024/11/30 7:05,0,30,2,-5.9,2.4
2024/11/30 7:10,0,30,2,-5.8,2.4
2024/11/30 7:15,0,30,2,-5.7,2.3
2024/11/30 7:20,0,30,2,-5.6,2.2
2024/11/30 7:25,0,30,2,-5.5,2.1
2024/11/30 7:30,0,30,2,-5.4,2
2024/11/30 7:35,0,30,2,-5.3,2
2024/11/30 7:40,0,30,2,-5.2,1.9
2024/11/30 7:45,0,30,2,-5.1,1.8
2024/11/30 7:50,0,30,2,-5,1.8
2024/11/30 7:55,0,30,2,-4.9,1.7
2024/11/30 8:00,0,30,2,-4.8,1.6
2024/11/30 8:05,0,30,2,-4.6,1.5
2024/11/30 8:10,0,30,2,-4.4,1.4
2024/11/30 8:15,0,30,2,-4.2,1.2
2024/11/30 8:20,0,30,2,-4,1.1
2024/11/30 8:25,0,30,2,-3.8,1
2024/11/30 8:30,0,30,2,-3.6,0.8
2024/11/30 8:35,0,30,2,-3.5,0.7
2024/11/30 8:40,0,30,2,-3.3,0.6
2024/11/30 8:45,0,30,2,-3.1,0.5
2024/11/30 8:50,0,30,2,-2.9,0.4
2024/11/30 8:55,0,30,2,-2.7,0.2
2024/11/30 9:00,0,30,2,-2.5,0.1
2024/11/30 9:05,0,30,2,-2.3,0.3
2024/11/30 9:10,0,30,2,-2.2,0.5
2024/11/30 9:15,0,30,2,-2,0.6
2024/11/30 9:20,0,30,2,-1.8,0.8
2024/11/30 9:25,0,30,2,-1.7,1
2024/11/30 9:30,0,30,2,-1.5,1.2
2024/11/30 9:35,0,30,2,-1.3,1.3
2024/11/30 9:40,0,30,2,-1.2,1.5
2024/11/30 9:45,0,30,2,-1,1.7
2024/11/30 9:50,0,30,2,-0.8,1.9
2024/11/30 9:55,0,30,2,-0.7,2
2024/11/30 10:00,0,30,2,-0.5,2.2
2024/11/30 10:05,0,30,2,-0.3,2.4
2024/11/30 10:10,0,30,2,-0.1,2.6
2024/11/30 10:15,0,30,2,0,2.8
2024/11/30 10:20,0,30,2,0.2,3
2024/11/30 10:25,0,30,2,0.4,3.2
2024/11/30 10:30,0,30,2,0.6,3.4
2024/11/30 10:35,0,30,2,0.7,3.7
2024/11/30 10:40,0,30,2,0.9,3.9
2024/11/30 10:45,0,30,2,1.1,4.1
2024/11/30 10:50,0,30,2,1.3,4.3
2024/11/30 10:55,0,30,2,1.4,4.5
2024/11/30 11:00,0,30,3,1.6,4.7
2024/11/30 11:05,0,30,3,1.7,4.7
2024/11/30 11:10,0,30,3,1.8,4.8
2024/11/30 11:15,0,30,3,1.9,4.8
2024/11/30 11:20,0,30,3,2,4.8
2024/11/30 11:25,0,30,3,2.1,4.9
2024/11/30 11:30,0,30,3,2.2,4.9
2024/11/30 11:35,0,30,3,2.3,4.9
2024/11/30 11:40,0,30,3,2.4,5
2024/11/30 11:45,0,30,3,2.5,5
2024/11/30 11:50,0,30,3,2.6,5
2024/11/30 11:55,0,30,3,2.7,5.1
2024/11/30 12:00,0,30,1,2.8,5.1
2024/11/30 12:05,0,29.7,1,2.8,5
2024/11/30 12:10,0,29.4,1,2.9,4.8
2024/11/30 12:15,0,29.1,1,2.9,4.7
2024/11/30 12:20,0,28.8,1,2.9,4.6
2024/11/30 12:25,0,28.5,1,3,4.5
2024/11/30 12:30,0,28.2,1,3,4.4
2024/11/30 12:35,0,27.8,1,3,4.2
2024/11/30 12:40,0,27.5,1,3.1,4.1
2024/11/30 12:45,0,27.2,1,3.1,4
2024/11/30 12:50,0,26.9,1,3.1,3.8
2024/11/30 12:55,0,26.6,1,3.2,3.7
2024/11/30 13:00,0,26.3,2,3.2,3.6
2024/11/30 13:05,0,26.4,2,3.3,3.7
2024/11/30 13:10,0,26.6,2,3.4,3.8
2024/11/30 13:15,0,26.7,2,3.5,3.8
2024/11/30 13:20,0,26.8,2,3.6,3.9
2024/11/30 13:25,0,27,2,3.7,4
2024/11/30 13:30,0,27.1,2,3.8,4
2024/11/30 13:35,0,27.2,2,4,4.1
2024/11/30 13:40,0,27.4,2,4.1,4.2
2024/11/30 13:45,0,27.5,2,4.2,4.3
2024/11/30 13:50,0,27.6,2,4.3,4.4
2024/11/30 13:55,0,27.8,2,4.4,4.4
2024/11/30 14:00,0,27.9,1,4.5,4.5
2024/11/30 14:05,0,28,1,4.6,4.4
2024/11/30 14:10,0,28,1,4.7,4.4
2024/11/30 14:15,0,28.1,1,4.8,4.4
2024/11/30 14:20,0,28.1,1,4.9,4.3
2024/11/30 14:25,0,28.2,1,5,4.2
2024/11/30 14:30,0,28.2,1,5.2,4.2
2024/11/30 14:35,0,28.3,1,5.3,4.2
2024/11/30 14:40,0,28.4,1,5.4,4.1
2024/11/30 14:45,0,28.4,1,5.5,4
2024/11/30 14:50,0,28.5,1,5.6,4
2024/11/30 14:55,0,28.5,1,5.7,4
2024/11/30 15:00,0,28.6,1,5.8,3.9
2024/11/30 15:05,0,28.5,1,5.7,3.9
2024/11/30 15:10,0,28.4,1,5.7,3.9
2024/11/30 15:15,0,28.3,1,5.6,3.9
2024/11/30 15:20,0,28.2,1,5.5,3.9
2024/11/30 15:25,0,28.1,1,5.5,3.9
2024/11/30 15:30,0,28,1,5.4,4
2024/11/30 15:35,0,27.8,1,5.3,4
2024/11/30 15:40,0,27.7,1,5.3,4
2024/11/30 15:45,0,27.6,1,5.2,4
2024/11/30 15:50,0,27.5,1,5.1,4
2024/11/30 15:55,0,27.4,1,5.1,4
2024/11/30 16:00,0,27.3,1,5,4
2024/11/30 16:05,0,27.3,1,4.7,3.8
2024/11/30 16:10,0,27.2,1,4.4,3.6
2024/11/30 16:15,0,27.2,1,4.2,3.4
2024/11/30 16:20,0,27.2,1,3.9,3.1
2024/11/30 16:25,0,27.1,1,3.6,2.9
2024/11/30 16:30,0,27.1,1,3.3,2.7
2024/11/30 16:35,0,27.1,1,3,2.5
2024/11/30 16:40,0,27,1,2.7,2.3
2024/11/30 16:45,0,27,1,2.4,2
2024/11/30 16:50,0,27,1,2.2,1.8
2024/11/30 16:55,0,26.9,1,1.9,1.6
2024/11/30 17:00,0,26.9,1,1.6,1.4
2024/11/30 17:05,0,26.8,1,1.3,1.4
2024/11/30 17:10,0,26.8,1,1,1.5
2024/11/30 17:15,0,26.8,1,0.7,1.5
2024/11/30 17:20,0,26.7,1,0.4,1.5
2024/11/30 17:25,0,26.6,1,0.1,1.6
2024/11/30 17:30,0,26.6,1,-0.1,1.6
2024/11/30 17:35,0,26.6,1,-0.4,1.6
2024/11/30 17:40,0,26.5,1,-0.7,1.7
2024/11/30 17:45,0,26.4,1,-1,1.7
2024/11/30 17:50,0,26.4,1,-1.3,1.7
2024/11/30 17:55,0,26.4,1,-1.6,1.8
2024/11/30 18:00,0,26.3,1,-1.9,1.8
2024/11/30 18:05,0,26.2,1,-2.1,1.7
2024/11/30 18:10,0,26.1,1,-2.3,1.6
2024/11/30 18:15,0,26,1,-2.6,1.5
2024/11/30 18:20,0,25.9,1,-2.8,1.4
2024/11/30 18:25,0,25.8,1,-3,1.3
2024/11/30 18:30,0,25.6,1,-3.2,1.2
2024/11/30 18:35,0,25.5,1,-3.4,1.1
2024/11/30 18:40,0,25.4,1,-3.6,1
2024/11/30 18:45,0,25.3,1,-3.8,0.9
2024/11/30 18:50,0,25.2,1,-4.1,0.8
2024/11/30 18:55,0,25.1,1,-4.3,0.7
2024/11/30 19:00,0,25,1,-4.5,0.6
2024/11/30 19:05,0,24.5,1,-4.6,0.6
2024/11/30 19:10,0,23.9,1,-4.7,0.7
2024/11/30 19:15,0,23.4,1,-4.8,0.7
2024/11/30 19:20,0,22.9,1,-5,0.7
2024/11/30 19:25,0,22.3,1,-5.1,0.8
2024/11/30 19:30,0,21.8,1,-5.2,0.8
2024/11/30 19:35,0,21.3,1,-5.3,0.8
2024/11/30 19:40,0,20.7,1,-5.4,0.9
2024/11/30 19:45,0,20.2,1,-5.6,0.9
2024/11/30 19:50,0,19.7,1,-5.7,0.9
2024/11/30 19:55,0,19.1,1,-5.8,1
2024/11/30 20:00,0,18.6,1,-5.9,1
2024/11/30 20:05,0,18.6,1,-5.7,1.1
2024/11/30 20:10,0,18.5,1,-5.6,1.2
2024/11/30 20:15,0,18.5,1,-5.4,1.2
2024/11/30 20:20,0,18.5,1,-5.2,1.3
2024/11/30 20:25,0,18.4,1,-5,1.4
2024/11/30 20:30,0,18.4,1,-4.8,1.5
2024/11/30 20:35,0,18.4,1,-4.7,1.6
2024/11/30 20:40,0,18.3,1,-4.5,1.7
2024/11/30 20:45,0,18.3,1,-4.3,1.8
2024/11/30 20:50,0,18.3,1,-4.2,1.8
2024/11/30 20:55,0,18.2,1,-4,1.9
2024/11/30 21:00,0,18.2,1,-3.8,2
2024/11/30 21:05,0,18.3,1,-3.9,2
2024/11/30 21:10,0,18.4,1,-4,2
2024/11/30 21:15,0,18.6,1,-4.2,2
2024/11/30 21:20,0,18.7,1,-4.3,2.1
2024/11/30 21:25,0,18.8,1,-4.4,2.1
2024/11/30 21:30,0,19,1,-4.5,2.1
2024/11/30 21:35,0,19.1,1,-4.6,2.1
2024/11/30 21:40,0,19.2,1,-4.7,2.1
2024/11/30 21:45,0,19.3,1,-4.8,2.2
2024/11/30 21:50,0,19.4,1,-5,2.2
2024/11/30 21:55,0,19.6,1,-5.1,2.2
2024/11/30 22:00,0,19.7,1,-5.2,2.2
2024/11/30 22:05,0,20.6,1,-5.3,2.1
2024/11/30 22:10,0,21.4,1,-5.3,2
2024/11/30 22:15,0,22.3,1,-5.4,2
2024/11/30 22:20,0,23.1,1,-5.5,1.9
2024/11/30 22:25,0,24,1,-5.5,1.8
2024/11/30 22:30,0,24.8,1,-5.6,1.7
2024/11/30 22:35,0,25.7,1,-5.7,1.6
2024/11/30 22:40,0,26.6,1,-5.7,1.5
2024/11/30 22:45,0,27.4,1,-5.8,1.4
2024/11/30 22:50,0,28.3,1,-5.9,1.4
2024/11/30 22:55,0,29.1,1,-5.9,1.3
2024/11/30 23:00,0,30,1,-6,1.2
2024/11/30 23:05,0,30,1,-6,1.2
2024/11/30 23:10,0,30,1,-6,1.3
2024/11/30 23:15,0,30,1,-6,1.3
2024/11/30 23:20,0,30,1,-6.1,1.3
2024/11/30 23:25,0,30,1,-6.1,1.4
2024/11/30 23:30,0,30,1,-6.1,1.4
2024/11/30 23:35,0,30,1,-6.1,1.4
2024/11/30 23:40,0,30,1,-6.1,1.5
2024/11/30 23:45,0,30,1,-6.2,1.5
2024/11/30 23:50,0,30,1,-6.2,1.5
2024/11/30 23:55,0,30,1,-6.2,1.6
2024/12/1 0:00,0,30,1,-6.2,1.6
2024/12/1 0:05,0,30,1,-6.3,1.5
2024/12/1 0:10,0,30,1,-6.5,1.5
2024/12/1 0:15,0,30,1,-6.6,1.4
2024/12/1 0:20,0,30,1,-6.7,1.3
2024/12/1 0:25,0,30,1,-6.9,1.2
2024/12/1 0:30,0,30,1,-7,1.2
2024/12/1 0:35,0,30,1,-7.1,1.1
2024/12/1 0:40,0,30,1,-7.3,1
2024/12/1 0:45,0,30,1,-7.4,0.9
2024/12/1 0:50,0,30,1,-7.5,0.8
2024/12/1 0:55,0,30,1,-7.7,0.8
2024/12/1 1:00,0,30,1,-7.8,0.7
2024/12/1 1:05,0,30,1,-7.7,0.8
2024/12/1 1:10,0,30,1,-7.7,0.9
2024/12/1 1:15,0,30,1,-7.6,1
2024/12/1 1:20,0,30,1,-7.5,1
2024/12/1 1:25,0,30,1,-7.5,1.1
2024/12/1 1:30,0,30,1,-7.4,1.2
2024/12/1 1:35,0,30,1,-7.3,1.3
2024/12/1 1:40,0,30,1,-7.3,1.4
2024/12/1 1:45,0,30,1,-7.2,1.4
2024/12/1 1:50,0,30,1,-7.1,1.5
2024/12/1 1:55,0,30,1,-7.1,1.6
2024/12/1 2:00,0,30,1,-7,1.7
2024/12/1 2:05,0,30,1,-7.2,1.6
2024/12/1 2:10,0,30,1,-7.3,1.5
2024/12/1 2:15,0,30,1,-7.4,1.4
2024/12/1 2:20,0,30,1,-7.6,1.4
2024/12/1 2:25,0,30,1,-7.8,1.3
2024/12/1 2:30,0,30,1,-7.9,1.2
2024/12/1 2:35,0,30,1,-8,1.1
2024/12/1 2:40,0,30,1,-8.2,1
2024/12/1 2:45,0,30,1,-8.4,1
2024/12/1 2:50,0,30,1,-8.5,0.9
2024/12/1 2:55,0,30,1,-8.6,0.8
2024/12/1 3:00,0,30,1,-8.8,0.7
2024/12/1 3:05,0,30,1,-8.8,0.8
2024/12/1 3:10,0,30,1,-8.7,0.9
2024/12/1 3:15,0,30,1,-8.7,1
2024/12/1 3:20,0,30,1,-8.7,1.1
2024/12/1 3:25,0,30,1,-8.6,1.2
2024/12/1 3:30,0,30,1,-8.6,1.3
2024/12/1 3:35,0,30,1,-8.6,1.4
2024/12/1 3:40,0,30,1,-8.5,1.5
2024/12/1 3:45,0,30,1,-8.5,1.6
2024/12/1 3:50,0,30,1,-8.5,1.7
2024/12/1 3:55,0,30,1,-8.4,1.8
2024/12/1 4:00,0,30,1,-8.4,1.9
2024/12/1 4:05,0,29.5,1,-8.3,1.9
2024/12/1 4:10,0,29,1,-8.1,1.9
2024/12/1 4:15,0,28.6,1,-8,1.9
2024/12/1 4:20,0,28.1,1,-7.8,1.9
2024/12/1 4:25,0,27.6,1,-7.7,1.9
2024/12/1 4:30,0,27.1,1,-7.6,2
2024/12/1 4:35,0,26.6,1,-7.4,2
2024/12/1 4:40,0,26.1,1,-7.3,2
2024/12/1 4:45,0,25.6,1,-7.1,2
2024/12/1 4:50,0,25.2,1,-7,2
2024/12/1 4:55,0,24.7,1,-6.8,2
2024/12/1 5:00,0,24.2,1,-6.7,2
2024/12/1 5:05,0,24.3,1,-6.9,1.9
2024/12/1 5:10,0,24.3,1,-7,1.9
2024/12/1 5:15,0,24.4,1,-7.2,1.8
2024/12/1 5:20,0,24.4,1,-7.4,1.8
2024/12/1 5:25,0,24.5,1,-7.5,1.7
2024/12/1 5:30,0,24.5,1,-7.7,1.6
2024/12/1 5:35,0,24.6,1,-7.9,1.6
2024/12/1 5:40,0,24.7,1,-8,1.5
2024/12/1 5:45,0,24.7,1,-8.2,1.5
2024/12/1 5:50,0,24.8,1,-8.4,1.4
2024/12/1 5:55,0,24.8,1,-8.5,1.4
2024/12/1 6:00,0,24.9,1,-8.7,1.3
2024/12/1 6:05,0,24.4,1,-8.7,1.3
2024/12/1 6:10,0,23.9,1,-8.8,1.4
2024/12/1 6:15,0,23.4,1,-8.8,1.4
2024/12/1 6:20,0,22.9,1,-8.9,1.5
2024/12/1 6:25,0,22.4,1,-8.9,1.5
2024/12/1 6:30,0,21.8,1,-9,1.6
2024/12/1 6:35,0,21.3,1,-9,1.6
2024/12/1 6:40,0,20.8,1,-9,1.6
2024/12/1 6:45,0,20.3,1,-9.1,1.7
2024/12/1 6:50,0,19.8,1,-9.1,1.7
2024/12/1 6:55,0,19.3,1,-9.2,1.8
2024/12/1 7:00,0,18.8,1,-9.2,1.8
2024/12/1 7:05,0,18.7,1,-9.1,1.7
2024/12/1 7:10,0,18.5,1,-9,1.6
2024/12/1 7:15,0,18.4,1,-9,1.6
2024/12/1 7:20,0,18.2,1,-8.9,1.5
2024/12/1 7:25,0,18,1,-8.8,1.4
2024/12/1 7:30,0,17.9,1,-8.8,1.3
2024/12/1 7:35,0,17.8,1,-8.7,1.2
2024/12/1 7:40,0,17.6,1,-8.6,1.1
2024/12/1 7:45,0,17.4,1,-8.5,1
2024/12/1 7:50,0,17.3,1,-8.5,1
2024/12/1 7:55,0,17.2,1,-8.4,0.9
2024/12/1 8:00,0,17,1,-8.3,0.8
2024/12/1 8:05,0,16.8,1,-7.9,0.9
2024/12/1 8:10,0,16.6,1,-7.6,1
2024/12/1 8:15,0,16.5,1,-7.2,1
2024/12/1 8:20,0,16.3,1,-6.8,1.1
2024/12/1 8:25,0,16.1,1,-6.5,1.2
2024/12/1 8:30,0,16,1,-6.1,1.2
2024/12/1 8:35,0,15.8,1,-5.7,1.3
2024/12/1 8:40,0,15.6,1,-5.4,1.4
2024/12/1 8:45,0,15.4,1,-5,1.5
2024/12/1 8:50,0,15.2,1,-4.6,1.6
2024/12/1 8:55,0,15.1,1,-4.3,1.6
2024/12/1 9:00,0,14.9,1,-3.9,1.7
2024/12/1 9:05,0,15.2,1,-3.7,1.8
2024/12/1 9:10,0,15.6,1,-3.5,1.8
2024/12/1 9:15,0,15.9,1,-3.2,1.9
2024/12/1 9:20,0,16.2,1,-3,2
2024/12/1 9:25,0,16.6,1,-2.8,2
2024/12/1 9:30,0,16.9,1,-2.6,2.1
2024/12/1 9:35,0,17.2,1,-2.4,2.2
2024/12/1 9:40,0,17.6,1,-2.2,2.2
2024/12/1 9:45,0,17.9,1,-2,2.3
2024/12/1 9:50,0,18.2,1,-1.7,2.4
2024/12/1 9:55,0,18.6,1,-1.5,2.4
2024/12/1 10:00,0,18.9,3,-1.3,2.5
2024/12/1 10:05,0,19.5,3,-1.2,2.6
2024/12/1 10:10,0,20,3,-1,2.6
2024/12/1 10:15,0,20.6,3,-0.9,2.7
2024/12/1 10:20,0,21.1,3,-0.8,2.8
2024/12/1 10:25,0,21.7,3,-0.6,2.9
2024/12/1 10:30,0,22.2,3,-0.5,3
2024/12/1 10:35,0,22.8,3,-0.4,3
2024/12/1 10:40,0,23.4,3,-0.2,3.1
2024/12/1 10:45,0,23.9,3,-0.1,3.2
2024/12/1 10:50,0,24.5,3,0,3.2
2024/12/1 10:55,0,25,3,0.2,3.3
2024/12/1 11:00,0,25.6,3,0.3,3.4
2024/12/1 11:05,0,25.4,3,0.4,3.4
2024/12/1 11:10,0,25.2,3,0.4,3.4
2024/12/1 11:15,0,25,3,0.5,3.4
2024/12/1 11:20,0,24.9,3,0.6,3.4
2024/12/1 11:25,0,24.7,3,0.7,3.4
2024/12/1 11:30,0,24.5,3,0.8,3.4
2024/12/1 11:35,0,24.3,3,0.8,3.5
2024/12/1 11:40,0,24.1,3,0.9,3.5
2024/12/1 11:45,0,24,3,1,3.5
2024/12/1 11:50,0,23.8,3,1,3.5
2024/12/1 11:55,0,23.6,3,1.1,3.5
2024/12/1 12:00,0,23.4,3,1.2,3.5
2024/12/1 12:05,0,23.8,3,1.4,3.8
2024/12/1 12:10,0,24.3,3,1.6,4
2024/12/1 12:15,0,24.7,3,1.8,4.3
2024/12/1 12:20,0,25.1,3,1.9,4.6
2024/12/1 12:25,0,25.6,3,2.1,4.9
2024/12/1 12:30,0,26,3,2.3,5.2
2024/12/1 12:35,0,26.4,3,2.5,5.4
2024/12/1 12:40,0,26.9,3,2.7,5.7
2024/12/1 12:45,0,27.3,3,2.8,6
2024/12/1 12:50,0,27.7,3,3,6.2
2024/12/1 12:55,0,28.2,3,3.2,6.5
2024/12/1 13:00,0,28.6,3,3.4,6.8
2024/12/1 13:05,0,28.6,3,3.5,6.8
2024/12/1 13:10,0,28.6,3,3.5,6.7
2024/12/1 13:15,0,28.5,3,3.6,6.6
2024/12/1 13:20,0,28.5,3,3.6,6.6
2024/12/1 13:25,0,28.5,3,3.7,6.6
2024/12/1 13:30,0,28.4,3,3.8,6.5
2024/12/1 13:35,0,28.4,3,3.8,6.4
2024/12/1 13:40,0,28.4,3,3.9,6.4
2024/12/1 13:45,0,28.4,3,3.9,6.4
2024/12/1 13:50,0,28.4,3,4,6.3
2024/12/1 13:55,0,28.3,3,4,6.2
2024/12/1 14:00,0,28.3,1,4.1,6.2
2024/12/1 14:05,0,28.3,1,4,6.1
2024/12/1 14:10,0,28.3,1,3.9,6.1
2024/12/1 14:15,0,28.4,1,3.8,6
2024/12/1 14:20,0,28.4,1,3.8,6
2024/12/1 14:25,0,28.4,1,3.7,5.9
2024/12/1 14:30,0,28.4,1,3.6,5.8
2024/12/1 14:35,0,28.4,1,3.5,5.8
2024/12/1 14:40,0,28.4,1,3.4,5.7
2024/12/1 14:45,0,28.4,1,3.4,5.7
2024/12/1 14:50,0,28.5,1,3.3,5.6
2024/12/1 14:55,0,28.5,1,3.2,5.6
2024/12/1 15:00,0,28.5,3,3.1,5.5
2024/12/1 15:05,0,28.6,3,2.9,5.8
2024/12/1 15:10,0,28.8,3,2.8,6
2024/12/1 15:15,0,28.9,3,2.6,6.3
2024/12/1 15:20,0,29,3,2.5,6.6
2024/12/1 15:25,0,29.1,3,2.3,6.9
2024/12/1 15:30,0,29.2,3,2.2,7.2
2024/12/1 15:35,0,29.4,3,2,7.4
2024/12/1 15:40,0,29.5,3,1.8,7.7
2024/12/1 15:45,0,29.6,3,1.7,8
2024/12/1 15:50,0,29.8,3,1.5,8.2
2024/12/1 15:55,0,29.9,3,1.4,8.5
2024/12/1 16:00,0,30,3,1.2,8.8
2024/12/1 16:05,0,30,3,1,8.7
2024/12/1 16:10,0,30,3,0.8,8.7
2024/12/1 16:15,0,30,3,0.6,8.6
2024/12/1 16:20,0,30,3,0.4,8.5
2024/12/1 16:25,0,30,3,0.2,8.5
2024/12/1 16:30,0,30,3,0.1,8.4
2024/12/1 16:35,0,30,3,-0.1,8.3
2024/12/1 16:40,0,30,3,-0.3,8.3
2024/12/1 16:45,0,30,3,-0.5,8.2
2024/12/1 16:50,0,30,3,-0.7,8.1
2024/12/1 16:55,0,30,3,-0.9,8.1
2024/12/1 17:00,0,30,1,-1.1,8
2024/12/1 17:05,0,30,1,-1.2,7.8
2024/12/1 17:10,0,30,1,-1.2,7.6
2024/12/1 17:15,0,30,1,-1.3,7.4
2024/12/1 17:20,0,30,1,-1.4,7.2
2024/12/1 17:25,0,30,1,-1.5,7
2024/12/1 17:30,0,30,1,-1.6,6.8
2024/12/1 17:35,0,30,1,-1.6,6.7
2024/12/1 17:40,0,30,1,-1.7,6.5
2024/12/1 17:45,0,30,1,-1.8,6.3
2024/12/1 17:50,0,30,1,-1.8,6.1
2024/12/1 17:55,0,30,1,-1.9,5.9
2024/12/1 18:00,0,30,1,-2,5.7
2024/12/1 18:05,0,30,1,-2.1,5.6
2024/12/1 18:10,0,30,1,-2.1,5.4
2024/12/1 18:15,0,30,1,-2.2,5.2
2024/12/1 18:20,0,30,1,-2.2,5.1
2024/12/1 18:25,0,30,1,-2.3,5
2024/12/1 18:30,0,30,1,-2.4,4.8
2024/12/1 18:35,0,30,1,-2.4,4.6
2024/12/1 18:40,0,30,1,-2.5,4.5
2024/12/1 18:45,0,30,1,-2.5,4.4
2024/12/1 18:50,0,30,1,-2.6,4.2
2024/12/1 18:55,0,30,1,-2.6,4
2024/12/1 19:00,0,30,1,-2.7,3.9
2024/12/1 19:05,0,30,1,-2.7,4
2024/12/1 19:10,0,30,1,-2.8,4.1
2024/12/1 19:15,0,30,1,-2.8,4.2
2024/12/1 19:20,0,30,1,-2.8,4.2
2024/12/1 19:25,0,30,1,-2.9,4.3
2024/12/1 19:30,0,30,1,-2.9,4.4
2024/12/1 19:35,0,30,1,-2.9,4.5
2024/12/1 19:40,0,30,1,-3,4.6
2024/12/1 19:45,0,30,1,-3,4.6
2024/12/1 19:50,0,30,1,-3,4.7
2024/12/1 19:55,0,30,1,-3.1,4.8
2024/12/1 20:00,0,30,1,-3.1,4.9
2024/12/1 20:05,0,30,1,-3.2,5.1
2024/12/1 20:10,0,30,1,-3.2,5.4
2024/12/1 20:15,0,30,1,-3.2,5.6
2024/12/1 20:20,0,30,1,-3.3,5.8
2024/12/1 20:25,0,30,1,-3.4,6.1
2024/12/1 20:30,0,30,1,-3.4,6.3
2024/12/1 20:35,0,30,1,-3.4,6.5
2024/12/1 20:40,0,30,1,-3.5,6.8
2024/12/1 20:45,0,30,1,-3.6,7
2024/12/1 20:50,0,30,1,-3.6,7.2
2024/12/1 20:55,0,30,1,-3.6,7.5
2024/12/1 21:00,0,30,1,-3.7,7.7
2024/12/1 21:05,0,30,1,-3.8,7.4
2024/12/1 21:10,0,30,1,-3.8,7
2024/12/1 21:15,0,30,1,-3.9,6.7
2024/12/1 21:20,0,30,1,-3.9,6.4
2024/12/1 21:25,0,30,1,-4,6
2024/12/1 21:30,0,30,1,-4.1,5.7
2024/12/1 21:35,0,30,1,-4.1,5.4
2024/12/1 21:40,0,30,1,-4.2,5
2024/12/1 21:45,0,30,1,-4.2,4.7
2024/12/1 21:50,0,30,1,-4.3,4.4
2024/12/1 21:55,0,30,1,-4.3,4
2024/12/1 22:00,0,30,3,-4.4,3.7
2024/12/1 22:05,0,30,3,-4.5,4
2024/12/1 22:10,0,30,3,-4.5,4.4
2024/12/1 22:15,0,30,3,-4.6,4.7
2024/12/1 22:20,0,30,3,-4.6,5
2024/12/1 22:25,0,30,3,-4.7,5.3
2024/12/1 22:30,0,30,3,-4.8,5.6
2024/12/1 22:35,0,30,3,-4.8,6
2024/12/1 22:40,0,30,3,-4.9,6.3
2024/12/1 22:45,0,30,3,-4.9,6.6
2024/12/1 22:50,0,30,3,-5,7
2024/12/1 22:55,0,30,3,-5,7.3
2024/12/1 23:00,0,30,3,-5.1,7.6
2024/12/1 23:05,0,30,3,-5.2,7.4
2024/12/1 23:10,0,30,3,-5.3,7.2
2024/12/1 23:15,0,30,3,-5.4,7
2024/12/1 23:20,0,30,3,-5.4,6.8
2024/12/1 23:25,0,30,3,-5.5,6.6
2024/12/1 23:30,0,30,3,-5.6,6.4
2024/12/1 23:35,0,30,3,-5.7,6.1
2024/12/1 23:40,0,30,3,-5.8,5.9
2024/12/1 23:45,0,30,3,-5.8,5.7
2024/12/1 23:50,0,30,3,-5.9,5.5
2024/12/1 23:55,0,30,3,-6,5.3
2024/12/2 0:00,0,30,2,-6.1,5.1
2024/12/2 0:05,0,30,2,-6.2,4.9
2024/12/2 0:10,0,30,2,-6.2,4.7
2024/12/2 0:15,0,30,2,-6.3,4.5
2024/12/2 0:20,0,30,2,-6.4,4.3
2024/12/2 0:25,0,30,2,-6.4,4.1
2024/12/2 0:30,0,30,2,-6.5,3.8
2024/12/2 0:35,0,30,2,-6.6,3.6
2024/12/2 0:40,0,30,2,-6.6,3.4
2024/12/2 0:45,0,30,2,-6.7,3.2
2024/12/2 0:50,0,30,2,-6.8,3
2024/12/2 0:55,0,30,2,-6.8,2.8
2024/12/2 1:00,0,30,1,-6.9,2.6
2024/12/2 1:05,0,30,1,-6.9,2.8
2024/12/2 1:10,0,30,1,-7,3
2024/12/2 1:15,0,30,1,-7,3.3
2024/12/2 1:20,0,30,1,-7.1,3.5
2024/12/2 1:25,0,30,1,-7.1,3.7
2024/12/2 1:30,0,30,1,-7.2,4
2024/12/2 1:35,0,30,1,-7.2,4.2
2024/12/2 1:40,0,30,1,-7.2,4.4
2024/12/2 1:45,0,30,1,-7.3,4.6
2024/12/2 1:50,0,30,1,-7.3,4.8
2024/12/2 1:55,0,30,1,-7.4,5.1
2024/12/2 2:00,0,30,1,-7.4,5.3
2024/12/2 2:05,0,30,1,-7.5,5.2
2024/12/2 2:10,0,30,1,-7.5,5.2
2024/12/2 2:15,0,30,1,-7.6,5.2
2024/12/2 2:20,0,30,1,-7.6,5.1
2024/12/2 2:25,0,30,1,-7.7,5
2024/12/2 2:30,0,30,1,-7.8,5
2024/12/2 2:35,0,30,1,-7.8,5
2024/12/2 2:40,0,30,1,-7.9,4.9
2024/12/2 2:45,0,30,1,-7.9,4.8
2024/12/2 2:50,0,30,1,-8,4.8
2024/12/2 2:55,0,30,1,-8,4.8
2024/12/2 3:00,0,30,1,-8.1,4.7
2024/12/2 3:05,0,30,1,-8.2,4.6
2024/12/2 3:10,0,30,1,-8.2,4.5
2024/12/2 3:15,0,30,1,-8.3,4.4
2024/12/2 3:20,0,30,1,-8.4,4.4
2024/12/2 3:25,0,30,1,-8.4,4.3
2024/12/2 3:30,0,30,1,-8.5,4.2
2024/12/2 3:35,0,30,1,-8.6,4.1
2024/12/2 3:40,0,30,1,-8.6,4
2024/12/2 3:45,0,30,1,-8.7,4
2024/12/2 3:50,0,30,1,-8.8,3.9
2024/12/2 3:55,0,30,1,-8.8,3.8
2024/12/2 4:00,0,30,1,-8.9,3.7
2024/12/2 4:05,0,30,1,-8.9,3.8
2024/12/2 4:10,0,30,1,-8.9,3.8
2024/12/2 4:15,0,30,1,-8.8,3.9
2024/12/2 4:20,0,30,1,-8.8,4
2024/12/2 4:25,0,30,1,-8.8,4.1
2024/12/2 4:30,0,30,1,-8.8,4.2
2024/12/2 4:35,0,30,1,-8.8,4.2
2024/12/2 4:40,0,30,1,-8.8,4.3
2024/12/2 4:45,0,30,1,-8.8,4.4
2024/12/2 4:50,0,30,1,-8.7,4.4
2024/12/2 4:55,0,30,1,-8.7,4.5
2024/12/2 5:00,0,30,1,-8.7,4.6
2024/12/2 5:05,0,30,1,-8.7,4.6
2024/12/2 5:10,0,30,1,-8.8,4.5
2024/12/2 5:15,0,30,1,-8.8,4.5
2024/12/2 5:20,0,30,1,-8.8,4.5
2024/12/2 5:25,0,30,1,-8.8,4.4
2024/12/2 5:30,0,30,1,-8.8,4.4
2024/12/2 5:35,0,30,1,-8.9,4.4
2024/12/2 5:40,0,30,1,-8.9,4.3
2024/12/2 5:45,0,30,1,-8.9,4.3
2024/12/2 5:50,0,30,1,-9,4.3
2024/12/2 5:55,0,30,1,-9,4.2
2024/12/2 6:00,0,30,1,-9,4.2
2024/12/2 6:05,0,30,1,-9.1,4.1
2024/12/2 6:10,0,30,1,-9.2,3.9
2024/12/2 6:15,0,30,1,-9.3,3.8
2024/12/2 6:20,0,30,1,-9.4,3.7
2024/12/2 6:25,0,30,1,-9.5,3.5
2024/12/2 6:30,0,30,1,-9.6,3.4
2024/12/2 6:35,0,30,1,-9.6,3.3
2024/12/2 6:40,0,30,1,-9.7,3.1
2024/12/2 6:45,0,30,1,-9.8,3
2024/12/2 6:50,0,30,1,-9.9,2.9
2024/12/2 6:55,0,30,1,-10,2.7
2024/12/2 7:00,0,30,1,-10.1,2.6
2024/12/2 7:05,0,30,1,-10,2.6
2024/12/2 7:10,0,30,1,-9.9,2.6
2024/12/2 7:15,0,30,1,-9.8,2.7
2024/12/2 7:20,0,30,1,-9.7,2.7
2024/12/2 7:25,0,30,1,-9.6,2.7
2024/12/2 7:30,0,30,1,-9.5,2.8
2024/12/2 7:35,0,30,1,-9.4,2.8
2024/12/2 7:40,0,30,1,-9.3,2.8
2024/12/2 7:45,0,30,1,-9.2,2.8
2024/12/2 7:50,0,30,1,-9.1,2.8
2024/12/2 7:55,0,30,1,-9,2.9
2024/12/2 8:00,0,30,1,-8.9,2.9
2024/12/2 8:05,0,30,1,-8.7,2.9
2024/12/2 8:10,0,30,1,-8.5,3
2024/12/2 8:15,0,30,1,-8.3,3
2024/12/2 8:20,0,30,1,-8.1,3.1
2024/12/2 8:25,0,30,1,-7.9,3.1
2024/12/2 8:30,0,30,1,-7.7,3.2
2024/12/2 8:35,0,30,1,-7.5,3.2
2024/12/2 8:40,0,30,1,-7.3,3.2
2024/12/2 8:45,0,30,1,-7.1,3.3
2024/12/2 8:50,0,30,1,-6.9,3.3
2024/12/2 8:55,0,30,1,-6.7,3.4
2024/12/2 9:00,0,30,1,-6.5,3.4
2024/12/2 9:05,0,30,1,-6.4,3.3
2024/12/2 9:10,0,30,1,-6.3,3.2
2024/12/2 9:15,0,30,1,-6.2,3.1
2024/12/2 9:20,0,30,1,-6.1,3
2024/12/2 9:25,0,30,1,-6,2.9
2024/12/2 9:30,0,30,1,-5.8,2.8
2024/12/2 9:35,0,30,1,-5.7,2.8
2024/12/2 9:40,0,30,1,-5.6,2.7
2024/12/2 9:45,0,30,1,-5.5,2.6
2024/12/2 9:50,0,30,1,-5.4,2.5
2024/12/2 9:55,0,30,1,-5.3,2.4
2024/12/2 10:00,0,30,1,-5.2,2.3
2024/12/2 10:05,0,30,1,-5.1,2.3
2024/12/2 10:10,0,30,1,-5.1,2.3
2024/12/2 10:15,0,30,1,-5,2.3
2024/12/2 10:20,0,30,1,-4.9,2.3
2024/12/2 10:25,0,30,1,-4.9,2.3
2024/12/2 10:30,0,30,1,-4.8,2.3
2024/12/2 10:35,0,30,1,-4.7,2.3
2024/12/2 10:40,0,30,1,-4.7,2.3
2024/12/2 10:45,0,30,1,-4.6,2.3
2024/12/2 10:50,0,30,1,-4.5,2.3
2024/12/2 10:55,0,30,1,-4.5,2.3
2024/12/2 11:00,0,30,1,-4.4,2.3
2024/12/2 11:05,0,30,1,-4.4,2.4
2024/12/2 11:10,0,30,1,-4.3,2.5
2024/12/2 11:15,0,30,1,-4.2,2.6
2024/12/2 11:20,0,30,1,-4.2,2.6
2024/12/2 11:25,0,30,1,-4.2,2.7
2024/12/2 11:30,0,30,1,-4.1,2.8
2024/12/2 11:35,0,30,1,-4,2.9
2024/12/2 11:40,0,30,1,-4,3
2024/12/2 11:45,0,30,1,-4,3
2024/12/2 11:50,0,30,1,-3.9,3.1
2024/12/2 11:55,0,30,1,-3.8,3.2
2024/12/2 12:00,0,30,1,-3.8,3.3
2024/12/2 12:05,0,30,1,-3.7,3.3
2024/12/2 12:10,0,30,1,-3.6,3.3
2024/12/2 12:15,0,30,1,-3.5,3.2
2024/12/2 12:20,0,30,1,-3.4,3.2
2024/12/2 12:25,0,30,1,-3.3,3.2
2024/12/2 12:30,0,30,1,-3.2,3.2
2024/12/2 12:35,0,30,1,-3.2,3.2
2024/12/2 12:40,0,30,1,-3.1,3.2
2024/12/2 12:45,0,30,1,-3,3.2
2024/12/2 12:50,0,30,1,-2.9,3.1
2024/12/2 12:55,0,30,1,-2.8,3.1
2024/12/2 13:00,0,30,1,-2.7,3.1
2024/12/2 13:05,0,30,1,-2.7,3.1
2024/12/2 13:10,0,30,1,-2.7,3.1
2024/12/2 13:15,0,30,1,-2.7,3.1
2024/12/2 13:20,0,30,1,-2.7,3.1
2024/12/2 13:25,0,30,1,-2.7,3.1
2024/12/2 13:30,0,30,1,-2.7,3.1
2024/12/2 13:35,0,30,1,-2.6,3.1
2024/12/2 13:40,0,30,1,-2.6,3.1
2024/12/2 13:45,0,30,1,-2.6,3.1
2024/12/2 13:50,0,30,1,-2.6,3.1
2024/12/2 13:55,0,30,1,-2.6,3.1
2024/12/2 14:00,0,30,1,-2.6,3.1
2024/12/2 14:05,0,30,1,-2.6,3.1
2024/12/2 14:10,0,30,1,-2.5,3.2
2024/12/2 14:15,0,30,1,-2.5,3.2
2024/12/2 14:20,0,30,1,-2.5,3.2
2024/12/2 14:25,0,30,1,-2.4,3.3
2024/12/2 14:30,0,30,1,-2.4,3.3
2024/12/2 14:35,0,30,1,-2.4,3.3
2024/12/2 14:40,0,30,1,-2.3,3.4
2024/12/2 14:45,0,30,1,-2.3,3.4
2024/12/2 14:50,0,30,1,-2.3,3.4
2024/12/2 14:55,0,30,1,-2.2,3.5
2024/12/2 15:00,0,30,1,-2.2,3.5
2024/12/2 15:05,0,30,1,-2.2,3.4
2024/12/2 15:10,0,30,1,-2.2,3.4
2024/12/2 15:15,0,30,1,-2.3,3.3
2024/12/2 15:20,0,30,1,-2.3,3.2
2024/12/2 15:25,0,30,1,-2.3,3.2
2024/12/2 15:30,0,30,1,-2.4,3.1
2024/12/2 15:35,0,30,1,-2.4,3
2024/12/2 15:40,0,30,1,-2.4,3
2024/12/2 15:45,0,30,1,-2.4,2.9
2024/12/2 15:50,0,30,1,-2.4,2.8
2024/12/2 15:55,0,30,1,-2.5,2.8
2024/12/2 16:00,0,30,2,-2.5,2.7
2024/12/2 16:05,0,29,2,-2.7,2.6
2024/12/2 16:10,0,28.1,2,-2.8,2.4
2024/12/2 16:15,0,27.2,2,-3,2.3
2024/12/2 16:20,0,26.2,2,-3.2,2.1
2024/12/2 16:25,0,25.2,2,-3.3,2
2024/12/2 16:30,0,24.3,2,-3.5,1.8
2024/12/2 16:35,0,23.4,2,-3.7,1.7
2024/12/2 16:40,0,22.4,2,-3.8,1.6
2024/12/2 16:45,0,21.5,2,-4,1.4
2024/12/2 16:50,0,20.5,2,-4.2,1.3
2024/12/2 16:55,0,19.6,2,-4.3,1.1
2024/12/2 17:00,0,18.6,1,-4.5,1
2024/12/2 17:05,0,19.1,1,-4.7,1.1
2024/12/2 17:10,0,19.7,1,-5,1.2
2024/12/2 17:15,0,20.2,1,-5.2,1.3
2024/12/2 17:20,0,20.7,1,-5.4,1.4
2024/12/2 17:25,0,21.3,1,-5.6,1.5
2024/12/2 17:30,0,21.8,1,-5.8,1.6
2024/12/2 17:35,0,22.3,1,-6.1,1.6
2024/12/2 17:40,0,22.9,1,-6.3,1.7
2024/12/2 17:45,0,23.4,1,-6.5,1.8
2024/12/2 17:50,0,23.9,1,-6.8,1.9
2024/12/2 17:55,0,24.5,1,-7,2
2024/12/2 18:00,0,25,1,-7.2,2.1
2024/12/2 18:05,0,25.4,1,-7.2,2.1
2024/12/2 18:10,0,25.8,1,-7.3,2
2024/12/2 18:15,0,26.2,1,-7.4,2
2024/12/2 18:20,0,26.7,1,-7.4,1.9
2024/12/2 18:25,0,27.1,1,-7.4,1.8
2024/12/2 18:30,0,27.5,1,-7.5,1.8
2024/12/2 18:35,0,27.9,1,-7.6,1.8
2024/12/2 18:40,0,28.3,1,-7.6,1.7
2024/12/2 18:45,0,28.8,1,-7.6,1.6
2024/12/2 18:50,0,29.2,1,-7.7,1.6
2024/12/2 18:55,0,29.6,1,-7.8,1.5
2024/12/2 19:00,0,30,1,-7.8,1.5
2024/12/2 19:05,0,29.9,1,-7.8,1.6
2024/12/2 19:10,0,29.8,1,-7.7,1.6
2024/12/2 19:15,0,29.6,1,-7.7,1.7
2024/12/2 19:20,0,29.5,1,-7.7,1.8
2024/12/2 19:25,0,29.4,1,-7.6,1.8
2024/12/2 19:30,0,29.3,1,-7.6,1.9
2024/12/2 19:35,0,29.2,1,-7.6,2
2024/12/2 19:40,0,29.1,1,-7.5,2
2024/12/2 19:45,0,29,1,-7.5,2.1
2024/12/2 19:50,0,28.8,1,-7.5,2.2
2024/12/2 19:55,0,28.7,1,-7.4,2.2
2024/12/2 20:00,0,28.6,1,-7.4,2.3
2024/12/2 20:05,0,27,1,-7.4,2.3
2024/12/2 20:10,0,25.5,1,-7.4,2.2
2024/12/2 20:15,0,24,1,-7.5,2.2
2024/12/2 20:20,0,22.4,1,-7.5,2.2
2024/12/2 20:25,0,20.8,1,-7.5,2.2
2024/12/2 20:30,0,19.3,1,-7.6,2.2
2024/12/2 20:35,0,17.8,1,-7.6,2.1
2024/12/2 20:40,0,16.2,1,-7.6,2.1
2024/12/2 20:45,0,14.6,1,-7.6,2.1
2024/12/2 20:50,0,13.1,1,-7.6,2
2024/12/2 20:55,0,11.6,1,-7.7,2
2024/12/2 21:00,0,10,1,-7.7,2
2024/12/2 21:05,0,10.9,1,-7.8,2
2024/12/2 21:10,0,11.8,1,-7.8,2
2024/12/2 21:15,0,12.7,1,-7.9,1.9
2024/12/2 21:20,0,13.6,1,-8,1.9
2024/12/2 21:25,0,14.5,1,-8.1,1.9
2024/12/2 21:30,0,15.4,1,-8.2,1.8
2024/12/2 21:35,0,16.4,1,-8.2,1.8
2024/12/2 21:40,0,17.3,1,-8.3,1.8
2024/12/2 21:45,0,18.2,1,-8.4,1.8
2024/12/2 21:50,0,19.1,1,-8.4,1.8
2024/12/2 21:55,0,20,1,-8.5,1.7
2024/12/2 22:00,0,20.9,1,-8.6,1.7
2024/12/2 22:05,0,20.9,1,-8.8,1.7
2024/12/2 22:10,0,21,1,-9,1.6
2024/12/2 22:15,0,21,1,-9.1,1.6
2024/12/2 22:20,0,21,1,-9.3,1.5
2024/12/2 22:25,0,21,1,-9.5,1.5
2024/12/2 22:30,0,21,1,-9.6,1.4
2024/12/2 22:35,0,21.1,1,-9.8,1.4
2024/12/2 22:40,0,21.1,1,-10,1.4
2024/12/2 22:45,0,21.1,1,-10.2,1.3
2024/12/2 22:50,0,21.2,1,-10.4,1.3
2024/12/2 22:55,0,21.2,1,-10.5,1.2
2024/12/2 23:00,0,21.2,1,-10.7,1.2
2024/12/2 23:05,0,21.3,1,-10.7,1.2
2024/12/2 23:10,0,21.5,1,-10.8,1.2
2024/12/2 23:15,0,21.6,1,-10.8,1.2
2024/12/2 23:20,0,21.7,1,-10.8,1.2
2024/12/2 23:25,0,21.9,1,-10.8,1.2
2024/12/2 23:30,0,22,1,-10.8,1.2
2024/12/2 23:35,0,22.1,1,-10.9,1.2
2024/12/2 23:40,0,22.3,1,-10.9,1.2
2024/12/2 23:45,0,22.4,1,-10.9,1.2
2024/12/2 23:50,0,22.5,1,-11,1.2
2024/12/2 23:55,0,22.7,1,-11,1.2
2024/12/3 0:00,0,22.8,1,-11,1.2
2024/12/3 0:05,0,22.4,1,-11.1,1.2
2024/12/3 0:10,0,22.1,1,-11.2,1.1
2024/12/3 0:15,0,21.8,1,-11.2,1
2024/12/3 0:20,0,21.4,1,-11.3,1
2024/12/3 0:25,0,21,1,-11.4,1
2024/12/3 0:30,0,20.7,1,-11.5,0.9
2024/12/3 0:35,0,20.4,1,-11.6,0.8
2024/12/3 0:40,0,20,1,-11.7,0.8
2024/12/3 0:45,0,19.7,1,-11.8,0.8
2024/12/3 0:50,0,19.3,1,-11.8,0.7
2024/12/3 0:55,0,19,1,-11.9,0.6
2024/12/3 1:00,0,18.6,1,-12,0.6
2024/12/3 1:05,0,18.6,1,-12,0.7
2024/12/3 1:10,0,18.7,1,-12,0.8
2024/12/3 1:15,0,18.7,1,-12,0.8
2024/12/3 1:20,0,18.7,1,-11.9,0.9
2024/12/3 1:25,0,18.8,1,-11.9,1
2024/12/3 1:30,0,18.8,1,-11.9,1
2024/12/3 1:35,0,18.8,1,-11.9,1.1
2024/12/3 1:40,0,18.9,1,-11.9,1.2
2024/12/3 1:45,0,18.9,1,-11.9,1.3
2024/12/3 1:50,0,18.9,1,-11.8,1.4
2024/12/3 1:55,0,19,1,-11.8,1.4
2024/12/3 2:00,0,19,1,-11.8,1.5
2024/12/3 2:05,0,19.1,1,-11.7,1.5
2024/12/3 2:10,0,19.2,1,-11.6,1.6
2024/12/3 2:15,0,19.3,1,-11.5,1.6
2024/12/3 2:20,0,19.4,1,-11.4,1.7
2024/12/3 2:25,0,19.5,1,-11.3,1.7
2024/12/3 2:30,0,19.6,1,-11.2,1.8
2024/12/3 2:35,0,19.6,1,-11.1,1.8
2024/12/3 2:40,0,19.7,1,-11,1.8
2024/12/3 2:45,0,19.8,1,-10.9,1.9
2024/12/3 2:50,0,19.9,1,-10.8,1.9
2024/12/3 2:55,0,20,1,-10.7,2
2024/12/3 3:00,0,20.1,1,-10.6,2
2024/12/3 3:05,0,20.9,1,-10.6,2
2024/12/3 3:10,0,21.8,1,-10.6,2
2024/12/3 3:15,0,22.6,1,-10.6,2
2024/12/3 3:20,0,23.4,1,-10.7,1.9
2024/12/3 3:25,0,24.2,1,-10.7,1.9
2024/12/3 3:30,0,25,1,-10.7,1.9
2024/12/3 3:35,0,25.9,1,-10.7,1.9
2024/12/3 3:40,0,26.7,1,-10.7,1.9
2024/12/3 3:45,0,27.5,1,-10.8,1.8
2024/12/3 3:50,0,28.4,1,-10.8,1.8
2024/12/3 3:55,0,29.2,1,-10.8,1.8
2024/12/3 4:00,0,30,1,-10.8,1.8
2024/12/3 4:05,0,30,1,-10.7,1.8
2024/12/3 4:10,0,30,1,-10.6,1.8
2024/12/3 4:15,0,30,1,-10.5,1.8
2024/12/3 4:20,0,30,1,-10.4,1.9
2024/12/3 4:25,0,30,1,-10.3,1.9
2024/12/3 4:30,0,30,1,-10.2,1.9
2024/12/3 4:35,0,30,1,-10.2,1.9
2024/12/3 4:40,0,30,1,-10.1,1.9
2024/12/3 4:45,0,30,1,-10,2
2024/12/3 4:50,0,30,1,-9.9,2
2024/12/3 4:55,0,30,1,-9.8,2
2024/12/3 5:00,0,30,1,-9.7,2
2024/12/3 5:05,0,30,1,-9.8,2
2024/12/3 5:10,0,30,1,-9.9,1.9
2024/12/3 5:15,0,30,1,-10,1.9
2024/12/3 5:20,0,30,1,-10.1,1.8
2024/12/3 5:25,0,30,1,-10.2,1.8
2024/12/3 5:30,0,30,1,-10.3,1.8
2024/12/3 5:35,0,30,1,-10.4,1.7
2024/12/3 5:40,0,30,1,-10.5,1.7
2024/12/3 5:45,0,30,1,-10.6,1.6
2024/12/3 5:50,0,30,1,-10.7,1.6
2024/12/3 5:55,0,30,1,-10.8,1.5
2024/12/3 6:00,0,30,1,-10.9,1.5
2024/12/3 6:05,0,30,1,-10.9,1.5
2024/12/3 6:10,0,30,1,-11,1.5
2024/12/3 6:15,0,30,1,-11,1.5
2024/12/3 6:20,0,30,1,-11.1,1.5
2024/12/3 6:25,0,30,1,-11.1,1.5
2024/12/3 6:30,0,30,1,-11.2,1.6
2024/12/3 6:35,0,30,1,-11.2,1.6
2024/12/3 6:40,0,30,1,-11.2,1.6
2024/12/3 6:45,0,30,1,-11.3,1.6
2024/12/3 6:50,0,30,1,-11.3,1.6
2024/12/3 6:55,0,30,1,-11.4,1.6
2024/12/3 7:00,0,30,1,-11.4,1.6
2024/12/3 7:05,0,30,1,-11.4,1.6
2024/12/3 7:10,0,30,1,-11.3,1.7
2024/12/3 7:15,0,30,1,-11.2,1.7
2024/12/3 7:20,0,30,1,-11.2,1.8
2024/12/3 7:25,0,30,1,-11.2,1.8
2024/12/3 7:30,0,30,1,-11.1,1.8
2024/12/3 7:35,0,30,1,-11,1.9
2024/12/3 7:40,0,30,1,-11,1.9
2024/12/3 7:45,0,30,1,-11,2
2024/12/3 7:50,0,30,1,-10.9,2
2024/12/3 7:55,0,30,1,-10.9,2.1
2024/12/3 8:00,0,30,1,-10.8,2.1
2024/12/3 8:05,0,29.9,1,-10.4,2.1
2024/12/3 8:10,0,29.9,1,-10,2.1
2024/12/3 8:15,0,29.8,1,-9.6,2.1
2024/12/3 8:20,0,29.8,1,-9.2,2.1
2024/12/3 8:25,0,29.7,1,-8.8,2.1
2024/12/3 8:30,0,29.6,1,-8.4,2.1
2024/12/3 8:35,0,29.6,1,-8.1,2.1
2024/12/3 8:40,0,29.5,1,-7.7,2.1
2024/12/3 8:45,0,29.5,1,-7.3,2.1
2024/12/3 8:50,0,29.4,1,-6.9,2.1
2024/12/3 8:55,0,29.4,1,-6.5,2.1
2024/12/3 9:00,0,29.3,1,-6.1,2.1
2024/12/3 9:05,0,28.4,1,-5.9,2
2024/12/3 9:10,0,27.5,1,-5.7,2
2024/12/3 9:15,0,26.6,1,-5.6,1.9
2024/12/3 9:20,0,25.8,1,-5.4,1.9
2024/12/3 9:25,0,24.9,1,-5.2,1.8
2024/12/3 9:30,0,24,1,-5,1.8
2024/12/3 9:35,0,23.1,1,-4.8,1.7
2024/12/3 9:40,0,22.2,1,-4.6,1.6
2024/12/3 9:45,0,21.4,1,-4.4,1.6
2024/12/3 9:50,0,20.5,1,-4.3,1.5
2024/12/3 9:55,0,19.6,1,-4.1,1.5
2024/12/3 10:00,0,18.7,1,-3.9,1.4
2024/12/3 10:05,0,19,1,-3.7,1.4
2024/12/3 10:10,0,19.3,1,-3.5,1.4
2024/12/3 10:15,0,19.6,1,-3.4,1.4
2024/12/3 10:20,0,20,1,-3.2,1.4
2024/12/3 10:25,0,20.3,1,-3,1.4
2024/12/3 10:30,0,20.6,1,-2.8,1.4
2024/12/3 10:35,0,20.9,1,-2.6,1.5
2024/12/3 10:40,0,21.2,1,-2.4,1.5
2024/12/3 10:45,0,21.6,1,-2.2,1.5
2024/12/3 10:50,0,21.9,1,-2.1,1.5
2024/12/3 10:55,0,22.2,1,-1.9,1.5
2024/12/3 11:00,0,22.5,1,-1.7,1.5
2024/12/3 11:05,0,22.5,1,-1.6,1.6
2024/12/3 11:10,0,22.5,1,-1.6,1.6
2024/12/3 11:15,0,22.6,1,-1.5,1.7
2024/12/3 11:20,0,22.6,1,-1.4,1.8
2024/12/3 11:25,0,22.6,1,-1.4,1.9
2024/12/3 11:30,0,22.6,1,-1.3,2
2024/12/3 11:35,0,22.6,1,-1.2,2
2024/12/3 11:40,0,22.6,1,-1.2,2.1
2024/12/3 11:45,0,22.6,1,-1.1,2.2
2024/12/3 11:50,0,22.7,1,-1,2.2
2024/12/3 11:55,0,22.7,1,-1,2.3
2024/12/3 12:00,0,22.7,2,-0.9,2.4
2024/12/3 12:05,0,22.8,2,-0.8,2.4
2024/12/3 12:10,0,22.8,2,-0.7,2.4
2024/12/3 12:15,0,22.8,2,-0.6,2.4
2024/12/3 12:20,0,22.9,2,-0.5,2.4
2024/12/3 12:25,0,23,2,-0.4,2.4
2024/12/3 12:30,0,23,2,-0.3,2.3
2024/12/3 12:35,0,23,2,-0.2,2.3
2024/12/3 12:40,0,23.1,2,-0.1,2.3
2024/12/3 12:45,0,23.2,2,0,2.3
2024/12/3 12:50,0,23.2,2,0.1,2.3
2024/12/3 12:55,0,23.2,2,0.2,2.3
2024/12/3 13:00,0,23.3,2,0.3,2.3
2024/12/3 13:05,0,23.9,2,0.4,2.3
2024/12/3 13:10,0,24.4,2,0.4,2.4
2024/12/3 13:15,0,25,2,0.4,2.4
2024/12/3 13:20,0,25.5,2,0.5,2.4
2024/12/3 13:25,0,26.1,2,0.6,2.5
2024/12/3 13:30,0,26.6,2,0.6,2.5
2024/12/3 13:35,0,27.2,2,0.7,2.5
2024/12/3 13:40,0,27.8,2,0.7,2.6
2024/12/3 13:45,0,28.3,2,0.8,2.6
2024/12/3 13:50,0,28.9,2,0.8,2.6
2024/12/3 13:55,0,29.4,2,0.8,2.7
2024/12/3 14:00,0,30,3,0.9,2.7
2024/12/3 14:05,0,29.6,3,0.9,2.6
2024/12/3 14:10,0,29.2,3,0.9,2.5
2024/12/3 14:15,0,28.8,3,1,2.4
2024/12/3 14:20,0,28.4,3,1,2.3
2024/12/3 14:25,0,28,3,1,2.2
2024/12/3 14:30,0,27.6,3,1,2.1
2024/12/3 14:35,0,27.1,3,1,2
2024/12/3 14:40,0,26.7,3,1,1.9
2024/12/3 14:45,0,26.3,3,1,1.8
2024/12/3 14:50,0,25.9,3,1.1,1.7
2024/12/3 14:55,0,25.5,3,1.1,1.6
2024/12/3 15:00,0,25.1,2,1.1,1.5
2024/12/3 15:05,0,25.5,2,1.1,1.6
2024/12/3 15:10,0,25.8,2,1.2,1.6
2024/12/3 15:15,0,26.2,2,1.2,1.7
2024/12/3 15:20,0,26.5,2,1.2,1.8
2024/12/3 15:25,0,26.8,2,1.2,1.8
2024/12/3 15:30,0,27.2,2,1.2,1.9
2024/12/3 15:35,0,27.6,2,1.3,2
2024/12/3 15:40,0,27.9,2,1.3,2
2024/12/3 15:45,0,28.2,2,1.3,2.1
2024/12/3 15:50,0,28.6,2,1.3,2.2
2024/12/3 15:55,0,29,2,1.4,2.2
2024/12/3 16:00,0,29.3,2,1.4,2.3
2024/12/3 16:05,0,29.4,2,1.1,2.3
2024/12/3 16:10,0,29.4,2,0.9,2.2
2024/12/3 16:15,0,29.5,2,0.6,2.2
2024/12/3 16:20,0,29.5,2,0.3,2.2
2024/12/3 16:25,0,29.6,2,0.1,2.2
2024/12/3 16:30,0,29.6,2,-0.2,2.2
2024/12/3 16:35,0,29.7,2,-0.5,2.1
2024/12/3 16:40,0,29.8,2,-0.7,2.1
2024/12/3 16:45,0,29.8,2,-1,2.1
2024/12/3 16:50,0,29.9,2,-1.3,2
2024/12/3 16:55,0,29.9,2,-1.5,2
2024/12/3 17:00,0,30,2,-1.8,2
2024/12/3 17:05,0,30,2,-1.8,2
2024/12/3 17:10,0,29.9,2,-1.8,2.1
2024/12/3 17:15,0,29.9,2,-1.8,2.1
2024/12/3 17:20,0,29.8,2,-1.7,2.1
2024/12/3 17:25,0,29.8,2,-1.7,2.2
2024/12/3 17:30,0,29.8,2,-1.7,2.2
2024/12/3 17:35,0,29.7,2,-1.7,2.2
2024/12/3 17:40,0,29.7,2,-1.7,2.3
2024/12/3 17:45,0,29.6,2,-1.6,2.3
2024/12/3 17:50,0,29.6,2,-1.6,2.3
2024/12/3 17:55,0,29.5,2,-1.6,2.4
2024/12/3 18:00,0,29.5,3,-1.6,2.4
2024/12/3 18:05,0,28.3,3,-1.7,2.3
2024/12/3 18:10,0,27,3,-1.8,2.1
2024/12/3 18:15,0,25.8,3,-1.9,2
2024/12/3 18:20,0,24.6,3,-2,1.9
2024/12/3 18:25,0,23.4,3,-2.1,1.7
2024/12/3 18:30,0,22.2,3,-2.2,1.6
2024/12/3 18:35,0,20.9,3,-2.2,1.5
2024/12/3 18:40,0,19.7,3,-2.3,1.3
2024/12/3 18:45,0,18.5,3,-2.4,1.2
2024/12/3 18:50,0,17.2,3,-2.5,1.1
2024/12/3 18:55,0,16,3,-2.6,0.9
2024/12/3 19:00,0,14.8,3,-2.7,0.8
2024/12/3 19:05,0,14.7,3,-2.8,0.9
2024/12/3 19:10,0,14.6,3,-2.9,1
2024/12/3 19:15,0,14.6,3,-3,1
2024/12/3 19:20,0,14.5,3,-3.1,1.1
2024/12/3 19:25,0,14.4,3,-3.2,1.2
2024/12/3 19:30,0,14.3,3,-3.2,1.3
2024/12/3 19:35,0,14.2,3,-3.3,1.4
2024/12/3 19:40,0,14.1,3,-3.4,1.5
2024/12/3 19:45,0,14,3,-3.5,1.6
2024/12/3 19:50,0,14,3,-3.6,1.6
2024/12/3 19:55,0,13.9,3,-3.7,1.7
2024/12/3 20:00,0,13.8,3,-3.8,1.8
2024/12/3 20:05,0,14.4,3,-3.8,1.8
2024/12/3 20:10,0,15,3,-3.7,1.9
2024/12/3 20:15,0,15.6,3,-3.7,2
2024/12/3 20:20,0,16.1,3,-3.7,2
2024/12/3 20:25,0,16.7,3,-3.6,2
2024/12/3 20:30,0,17.3,3,-3.6,2.1
2024/12/3 20:35,0,17.9,3,-3.6,2.2
2024/12/3 20:40,0,18.5,3,-3.5,2.2
2024/12/3 20:45,0,19,3,-3.5,2.2
2024/12/3 20:50,0,19.6,3,-3.5,2.3
2024/12/3 20:55,0,20.2,3,-3.4,2.3
2024/12/3 21:00,0,20.8,2,-3.4,2.4
2024/12/3 21:05,0,20.9,2,-3.5,2.4
2024/12/3 21:10,0,21,2,-3.6,2.3
2024/12/3 21:15,0,21,2,-3.6,2.3
2024/12/3 21:20,0,21.1,2,-3.7,2.2
2024/12/3 21:25,0,21.2,2,-3.8,2.2
2024/12/3 21:30,0,21.3,2,-3.9,2.2
2024/12/3 21:35,0,21.4,2,-4,2.1
2024/12/3 21:40,0,21.5,2,-4.1,2.1
2024/12/3 21:45,0,21.6,2,-4.2,2
2024/12/3 21:50,0,21.6,2,-4.2,2
2024/12/3 21:55,0,21.7,2,-4.3,1.9
2024/12/3 22:00,0,21.8,2,-4.4,1.9
2024/12/3 22:05,0,21.7,2,-4.5,1.9
2024/12/3 22:10,0,21.6,2,-4.6,1.9
2024/12/3 22:15,0,21.6,2,-4.8,1.8
2024/12/3 22:20,0,21.5,2,-4.9,1.8
2024/12/3 22:25,0,21.4,2,-5,1.8
2024/12/3 22:30,0,21.4,2,-5.2,1.8
2024/12/3 22:35,0,21.3,2,-5.3,1.8
2024/12/3 22:40,0,21.2,2,-5.4,1.8
2024/12/3 22:45,0,21.1,2,-5.5,1.8
2024/12/3 22:50,0,21,2,-5.6,1.7
2024/12/3 22:55,0,21,2,-5.8,1.7
2024/12/3 23:00,0,20.9,2,-5.9,1.7
2024/12/3 23:05,0,20.8,2,-6,1.7
2024/12/3 23:10,0,20.6,2,-6.1,1.7
2024/12/3 23:15,0,20.5,2,-6.2,1.7
2024/12/3 23:20,0,20.4,2,-6.3,1.7
2024/12/3 23:25,0,20.3,2,-6.4,1.7
2024/12/3 23:30,0,20.2,2,-6.6,1.7
2024/12/3 23:35,0,20,2,-6.7,1.7
2024/12/3 23:40,0,19.9,2,-6.8,1.7
2024/12/3 23:45,0,19.8,2,-6.9,1.7
2024/12/3 23:50,0,19.6,2,-7,1.7
2024/12/3 23:55,0,19.5,2,-7.1,1.7
2024/12/4 0:00,0,19.4,1,-7.2,1.7
2024/12/4 0:05,0,19.6,1,-7,1.7
2024/12/4 0:10,0,19.8,1,-6.9,1.7
2024/12/4 0:15,0,20,1,-6.7,1.7
2024/12/4 0:20,0,20.3,1,-6.6,1.7
2024/12/4 0:25,0,20.5,1,-6.4,1.7
2024/12/4 0:30,0,20.7,1,-6.2,1.7
2024/12/4 0:35,0,20.9,1,-6.1,1.7
2024/12/4 0:40,0,21.1,1,-5.9,1.7
2024/12/4 0:45,0,21.4,1,-5.8,1.7
2024/12/4 0:50,0,21.6,1,-5.6,1.7
2024/12/4 0:55,0,21.8,1,-5.5,1.7
2024/12/4 1:00,0,22,1,-5.3,1.7
2024/12/4 1:05,0,22.5,1,-5.3,1.7
2024/12/4 1:10,0,22.9,1,-5.2,1.8
2024/12/4 1:15,0,23.4,1,-5.2,1.8
2024/12/4 1:20,0,23.9,1,-5.2,1.8
2024/12/4 1:25,0,24.3,1,-5.2,1.8
2024/12/4 1:30,0,24.8,1,-5.2,1.8
2024/12/4 1:35,0,25.3,1,-5.1,1.9
2024/12/4 1:40,0,25.7,1,-5.1,1.9
2024/12/4 1:45,0,26.2,1,-5.1,1.9
2024/12/4 1:50,0,26.7,1,-5,2
2024/12/4 1:55,0,27.1,1,-5,2
2024/12/4 2:00,0,27.6,1,-5,2
2024/12/4 2:05,0,27,1,-5,1.9
2024/12/4 2:10,0,26.5,1,-4.9,1.8
2024/12/4 2:15,0,25.9,1,-4.9,1.7
2024/12/4 2:20,0,25.3,1,-4.8,1.6
2024/12/4 2:25,0,24.8,1,-4.8,1.5
2024/12/4 2:30,0,24.2,1,-4.8,1.4
2024/12/4 2:35,0,23.6,1,-4.7,1.4
2024/12/4 2:40,0,23.1,1,-4.7,1.3
2024/12/4 2:45,0,22.5,1,-4.6,1.2
2024/12/4 2:50,0,21.9,1,-4.6,1.1
2024/12/4 2:55,0,21.4,1,-4.5,1
2024/12/4 3:00,0,20.8,1,-4.5,0.9
2024/12/4 3:05,0,21.2,1,-4.5,1.1
2024/12/4 3:10,0,21.6,1,-4.6,1.2
2024/12/4 3:15,0,21.9,1,-4.6,1.4
2024/12/4 3:20,0,22.3,1,-4.6,1.5
2024/12/4 3:25,0,22.7,1,-4.7,1.7
2024/12/4 3:30,0,23,1,-4.7,1.8
2024/12/4 3:35,0,23.4,1,-4.7,2
2024/12/4 3:40,0,23.8,1,-4.8,2.2
2024/12/4 3:45,0,24.2,1,-4.8,2.3
2024/12/4 3:50,0,24.6,1,-4.8,2.5
2024/12/4 3:55,0,24.9,1,-4.9,2.6
2024/12/4 4:00,0,25.3,1,-4.9,2.8
2024/12/4 4:05,0,25.5,1,-4.8,2.8
2024/12/4 4:10,0,25.7,1,-4.8,2.7
2024/12/4 4:15,0,25.9,1,-4.7,2.7
2024/12/4 4:20,0,26.1,1,-4.7,2.6
2024/12/4 4:25,0,26.3,1,-4.6,2.6
2024/12/4 4:30,0,26.6,1,-4.6,2.6
2024/12/4 4:35,0,26.8,1,-4.5,2.5
2024/12/4 4:40,0,27,1,-4.4,2.5
2024/12/4 4:45,0,27.2,1,-4.4,2.4
2024/12/4 4:50,0,27.4,1,-4.3,2.4
2024/12/4 4:55,0,27.6,1,-4.3,2.3
2024/12/4 5:00,0,27.8,1,-4.2,2.3
2024/12/4 5:05,0,28,1,-4.2,2.3
2024/12/4 5:10,0,28.2,1,-4.1,2.4
2024/12/4 5:15,0,28.4,1,-4.1,2.4
2024/12/4 5:20,0,28.5,1,-4.1,2.5
2024/12/4 5:25,0,28.7,1,-4,2.6
2024/12/4 5:30,0,28.9,1,-4,2.6
2024/12/4 5:35,0,29.1,1,-4,2.6
2024/12/4 5:40,0,29.3,1,-3.9,2.7
2024/12/4 5:45,0,29.4,1,-3.9,2.8
2024/12/4 5:50,0,29.6,1,-3.9,2.8
2024/12/4 5:55,0,29.8,1,-3.8,2.8
2024/12/4 6:00,0,30,2,-3.8,2.9
2024/12/4 6:05,0,29.8,2,-3.9,2.8
2024/12/4 6:10,0,29.6,2,-4,2.8
2024/12/4 6:15,0,29.5,2,-4,2.7
2024/12/4 6:20,0,29.3,2,-4.1,2.6
2024/12/4 6:25,0,29.1,2,-4.2,2.5
2024/12/4 6:30,0,29,2,-4.2,2.4
2024/12/4 6:35,0,28.8,2,-4.3,2.4
2024/12/4 6:40,0,28.6,2,-4.4,2.3
2024/12/4 6:45,0,28.4,2,-4.5,2.2
2024/12/4 6:50,0,28.2,2,-4.6,2.2
2024/12/4 6:55,0,28.1,2,-4.6,2.1
2024/12/4 7:00,0,27.9,1,-4.7,2
2024/12/4 7:05,0,27.4,1,-4.7,1.9
2024/12/4 7:10,0,26.8,1,-4.8,1.9
2024/12/4 7:15,0,26.3,1,-4.8,1.8
2024/12/4 7:20,0,25.7,1,-4.9,1.8
2024/12/4 7:25,0,25.2,1,-4.9,1.7
2024/12/4 7:30,0,24.6,1,-5,1.6
2024/12/4 7:35,0,24.1,1,-5,1.6
2024/12/4 7:40,0,23.6,1,-5,1.5
2024/12/4 7:45,0,23,1,-5.1,1.5
2024/12/4 7:50,0,22.5,1,-5.1,1.4
2024/12/4 7:55,0,21.9,1,-5.2,1.4
2024/12/4 8:00,0,21.4,1,-5.2,1.3
2024/12/4 8:05,0,20.7,1,-5,1.5
2024/12/4 8:10,0,20,1,-4.8,1.7
2024/12/4 8:15,0,19.3,1,-4.6,1.9
2024/12/4 8:20,0,18.6,1,-4.4,2.1
2024/12/4 8:25,0,17.9,1,-4.2,2.3
2024/12/4 8:30,0,17.2,1,-4,2.6
2024/12/4 8:35,0,16.4,1,-3.9,2.8
2024/12/4 8:40,0,15.7,1,-3.7,3
2024/12/4 8:45,0,15,1,-3.5,3.2
2024/12/4 8:50,0,14.3,1,-3.3,3.4
2024/12/4 8:55,0,13.6,1,-3.1,3.6
2024/12/4 9:00,0,12.9,2,-2.9,3.8
2024/12/4 9:05,0,13.3,2,-2.8,3.7
2024/12/4 9:10,0,13.7,2,-2.8,3.6
2024/12/4 9:15,0,14.1,2,-2.7,3.6
2024/12/4 9:20,0,14.5,2,-2.6,3.5
2024/12/4 9:25,0,14.9,2,-2.5,3.4
2024/12/4 9:30,0,15.2,2,-2.4,3.3
2024/12/4 9:35,0,15.6,2,-2.4,3.2
2024/12/4 9:40,0,16,2,-2.3,3.1
2024/12/4 9:45,0,16.4,2,-2.2,3
2024/12/4 9:50,0,16.8,2,-2.2,3
2024/12/4 9:55,0,17.2,2,-2.1,2.9
2024/12/4 10:00,0,17.6,2,-2,2.8
2024/12/4 10:05,0,17.6,2,-1.9,2.7
2024/12/4 10:10,0,17.6,2,-1.8,2.7
2024/12/4 10:15,0,17.6,2,-1.8,2.6
2024/12/4 10:20,0,17.6,2,-1.7,2.5
2024/12/4 10:25,0,17.6,2,-1.6,2.5
2024/12/4 10:30,0,17.6,2,-1.5,2.4
2024/12/4 10:35,0,17.6,2,-1.4,2.3
2024/12/4 10:40,0,17.6,2,-1.3,2.3
2024/12/4 10:45,0,17.6,2,-1.2,2.2
2024/12/4 10:50,0,17.6,2,-1.2,2.1
2024/12/4 10:55,0,17.6,2,-1.1,2.1
2024/12/4 11:00,0,17.6,3,-1,2
2024/12/4 11:05,0,17.9,3,-0.9,2
2024/12/4 11:10,0,18.1,3,-0.8,2.1
2024/12/4 11:15,0,18.4,3,-0.6,2.1
2024/12/4 11:20,0,18.6,3,-0.5,2.2
2024/12/4 11:25,0,18.9,3,-0.4,2.2
2024/12/4 11:30,0,19.2,3,-0.3,2.2
2024/12/4 11:35,0,19.4,3,-0.2,2.3
2024/12/4 11:40,0,19.7,3,-0.1,2.3
2024/12/4 11:45,0,19.9,3,0,2.4
2024/12/4 11:50,0,20.2,3,0.2,2.4
2024/12/4 11:55,0,20.4,3,0.3,2.5
2024/12/4 12:00,0,20.7,3,0.4,2.5
2024/12/4 12:05,0,20.7,3,0.4,2.6
2024/12/4 12:10,0,20.7,3,0.4,2.8
2024/12/4 12:15,0,20.7,3,0.4,2.9
2024/12/4 12:20,0,20.7,3,0.4,3
2024/12/4 12:25,0,20.7,3,0.4,3.2
2024/12/4 12:30,0,20.6,3,0.4,3.3
2024/12/4 12:35,0,20.6,3,0.3,3.4
2024/12/4 12:40,0,20.6,3,0.3,3.6
2024/12/4 12:45,0,20.6,3,0.3,3.7
2024/12/4 12:50,0,20.6,3,0.3,3.8
2024/12/4 12:55,0,20.6,3,0.3,4
2024/12/4 13:00,0,20.6,2,0.3,4.1
2024/12/4 13:05,0,21.4,2,0.4,4.1
2024/12/4 13:10,0,22.2,2,0.4,4
2024/12/4 13:15,0,23,2,0.5,4
2024/12/4 13:20,0,23.7,2,0.5,4
2024/12/4 13:25,0,24.5,2,0.6,3.9
2024/12/4 13:30,0,25.3,2,0.6,3.9
2024/12/4 13:35,0,26.1,2,0.7,3.9
2024/12/4 13:40,0,26.9,2,0.8,3.8
2024/12/4 13:45,0,27.6,2,0.8,3.8
2024/12/4 13:50,0,28.4,2,0.9,3.8
2024/12/4 13:55,0,29.2,2,0.9,3.7
2024/12/4 14:00,0,30,2,1,3.7
2024/12/4 14:05,0,30,2,1,3.8
2024/12/4 14:10,0,30,2,1,3.9
2024/12/4 14:15,0,30,2,0.9,4
2024/12/4 14:20,0,30,2,0.9,4.2
2024/12/4 14:25,0,30,2,0.9,4.3
2024/12/4 14:30,0,30,2,0.8,4.4
2024/12/4 14:35,0,30,2,0.8,4.5
2024/12/4 14:40,0,30,2,0.8,4.6
2024/12/4 14:45,0,30,2,0.8,4.8
2024/12/4 14:50,0,30,2,0.8,4.9
2024/12/4 14:55,0,30,2,0.7,5
2024/12/4 15:00,0,30,2,0.7,5.1
2024/12/4 15:05,0,30,2,0.7,5
2024/12/4 15:10,0,30,2,0.6,4.9
2024/12/4 15:15,0,30,2,0.6,4.8
2024/12/4 15:20,0,30,2,0.6,4.7
2024/12/4 15:25,0,30,2,0.6,4.6
2024/12/4 15:30,0,30,2,0.6,4.6
2024/12/4 15:35,0,30,2,0.5,4.5
2024/12/4 15:40,0,30,2,0.5,4.4
2024/12/4 15:45,0,30,2,0.5,4.3
2024/12/4 15:50,0,30,2,0.4,4.2
2024/12/4 15:55,0,30,2,0.4,4.1
2024/12/4 16:00,0,30,2,0.4,4
2024/12/4 16:05,0,30,2,0.2,3.8
2024/12/4 16:10,0,30,2,0.1,3.7
2024/12/4 16:15,0,30,2,0,3.5
2024/12/4 16:20,0,30,2,-0.2,3.3
2024/12/4 16:25,0,30,2,-0.4,3.2
2024/12/4 16:30,0,30,2,-0.5,3
2024/12/4 16:35,0,30,2,-0.6,2.8
2024/12/4 16:40,0,30,2,-0.8,2.7
2024/12/4 16:45,0,30,2,-0.9,2.5
2024/12/4 16:50,0,30,2,-1.1,2.3
2024/12/4 16:55,0,30,2,-1.2,2.2
2024/12/4 17:00,0,30,1,-1.4,2
2024/12/4 17:05,0,30,1,-1.5,2
2024/12/4 17:10,0,30,1,-1.6,1.9
2024/12/4 17:15,0,30,1,-1.8,1.9
2024/12/4 17:20,0,30,1,-1.9,1.8
2024/12/4 17:25,0,30,1,-2,1.8
2024/12/4 17:30,0,30,1,-2.1,1.8
2024/12/4 17:35,0,30,1,-2.2,1.7
2024/12/4 17:40,0,30,1,-2.3,1.7
2024/12/4 17:45,0,30,1,-2.4,1.6
2024/12/4 17:50,0,30,1,-2.6,1.6
2024/12/4 17:55,0,30,1,-2.7,1.5
2024/12/4 18:00,0,30,1,-2.8,1.5
2024/12/4 18:05,0,29.8,1,-3,1.5
2024/12/4 18:10,0,29.6,1,-3.2,1.5
2024/12/4 18:15,0,29.4,1,-3.5,1.5
2024/12/4 18:20,0,29.2,1,-3.7,1.5
2024/12/4 18:25,0,29,1,-3.9,1.5
2024/12/4 18:30,0,28.8,1,-4.2,1.6
2024/12/4 18:35,0,28.6,1,-4.4,1.6
2024/12/4 18:40,0,28.4,1,-4.6,1.6
2024/12/4 18:45,0,28.2,1,-4.8,1.6
2024/12/4 18:50,0,28,1,-5,1.6
2024/12/4 18:55,0,27.8,1,-5.3,1.6
2024/12/4 19:00,0,27.6,1,-5.5,1.6
2024/12/4 19:05,0,27,1,-5.6,1.6
2024/12/4 19:10,0,26.4,1,-5.7,1.6
2024/12/4 19:15,0,25.8,1,-5.8,1.6
2024/12/4 19:20,0,25.3,1,-5.8,1.6
2024/12/4 19:25,0,24.7,1,-5.9,1.6
2024/12/4 19:30,0,24.1,1,-6,1.6
2024/12/4 19:35,0,23.5,1,-6.1,1.5
2024/12/4 19:40,0,22.9,1,-6.2,1.5
2024/12/4 19:45,0,22.4,1,-6.2,1.5
2024/12/4 19:50,0,21.8,1,-6.3,1.5
2024/12/4 19:55,0,21.2,1,-6.4,1.5
2024/12/4 20:00,0,20.6,1,-6.5,1.5
2024/12/4 20:05,0,20.1,1,-6.6,1.4
2024/12/4 20:10,0,19.6,1,-6.7,1.4
2024/12/4 20:15,0,19.1,1,-6.8,1.4
2024/12/4 20:20,0,18.6,1,-6.9,1.3
2024/12/4 20:25,0,18.1,1,-7,1.2
2024/12/4 20:30,0,17.6,1,-7,1.2
2024/12/4 20:35,0,17.1,1,-7.1,1.2
2024/12/4 20:40,0,16.6,1,-7.2,1.1
2024/12/4 20:45,0,16.1,1,-7.3,1
2024/12/4 20:50,0,15.6,1,-7.4,1
2024/12/4 20:55,0,15.1,1,-7.5,1
2024/12/4 21:00,0,14.6,1,-7.6,0.9
2024/12/4 21:05,0,14.3,1,-7.6,1.1
2024/12/4 21:10,0,13.9,1,-7.6,1.4
2024/12/4 21:15,0,13.6,1,-7.5,1.6
2024/12/4 21:20,0,13.2,1,-7.5,1.8
2024/12/4 21:25,0,12.9,1,-7.5,2
2024/12/4 21:30,0,12.6,1,-7.4,2.2
2024/12/4 21:35,0,12.2,1,-7.4,2.5
2024/12/4 21:40,0,11.9,1,-7.4,2.7
2024/12/4 21:45,0,11.5,1,-7.4,2.9
2024/12/4 21:50,0,11.2,1,-7.4,3.2
2024/12/4 21:55,0,10.8,1,-7.3,3.4
2024/12/4 22:00,0,10.5,1,-7.3,3.6
2024/12/4 22:05,0,10.5,1,-7.4,3.4
2024/12/4 22:10,0,10.4,1,-7.5,3.2
2024/12/4 22:15,0,10.4,1,-7.6,3
2024/12/4 22:20,0,10.3,1,-7.7,2.9
2024/12/4 22:25,0,10.3,1,-7.8,2.7
2024/12/4 22:30,0,10.2,1,-7.8,2.5
2024/12/4 22:35,0,10.2,1,-7.9,2.3
2024/12/4 22:40,0,10.2,1,-8,2.1
2024/12/4 22:45,0,10.1,1,-8.1,2
2024/12/4 22:50,0,10.1,1,-8.2,1.8
2024/12/4 22:55,0,10,1,-8.3,1.6
2024/12/4 23:00,0,10,1,-8.4,1.4
2024/12/4 23:05,0,10,1,-8.3,1.5
2024/12/4 23:10,0,10,1,-8.1,1.5
2024/12/4 23:15,0,9.9,1,-8,1.6
2024/12/4 23:20,0,9.9,1,-7.8,1.7
2024/12/4 23:25,0,9.9,1,-7.7,1.8
2024/12/4 23:30,0,9.8,1,-7.6,1.8
2024/12/4 23:35,0,9.8,1,-7.4,1.9
2024/12/4 23:40,0,9.8,1,-7.3,2
2024/12/4 23:45,0,9.8,1,-7.1,2.1
2024/12/4 23:50,0,9.8,1,-7,2.2
2024/12/4 23:55,0,9.7,1,-6.8,2.2
2024/12/5 0:00,0,9.7,1,-6.7,2.3
2024/12/5 0:05,0,9.9,1,-6.6,2.2
2024/12/5 0:10,0,10.1,1,-6.5,2.2
2024/12/5 0:15,0,10.2,1,-6.4,2.2
2024/12/5 0:20,0,10.4,1,-6.4,2.1
2024/12/5 0:25,0,10.6,1,-6.3,2
2024/12/5 0:30,0,10.8,1,-6.2,2
2024/12/5 0:35,0,11,1,-6.1,2
2024/12/5 0:40,0,11.2,1,-6,1.9
2024/12/5 0:45,0,11.4,1,-6,1.8
2024/12/5 0:50,0,11.5,1,-5.9,1.8
2024/12/5 0:55,0,11.7,1,-5.8,1.8
2024/12/5 1:00,0,11.9,1,-5.7,1.7
2024/12/5 1:05,0,12.1,1,-5.6,1.8
2024/12/5 1:10,0,12.3,1,-5.5,1.9
2024/12/5 1:15,0,12.4,1,-5.4,2
2024/12/5 1:20,0,12.6,1,-5.3,2.1
2024/12/5 1:25,0,12.8,1,-5.2,2.2
2024/12/5 1:30,0,13,1,-5.2,2.4
2024/12/5 1:35,0,13.2,1,-5.1,2.5
2024/12/5 1:40,0,13.4,1,-5,2.6
2024/12/5 1:45,0,13.6,1,-4.9,2.7
2024/12/5 1:50,0,13.7,1,-4.8,2.8
2024/12/5 1:55,0,13.9,1,-4.7,2.9
2024/12/5 2:00,0,14.1,2,-4.6,3
2024/12/5 2:05,0,14,2,-4.6,3.1
2024/12/5 2:10,0,13.9,2,-4.6,3.1
2024/12/5 2:15,0,13.8,2,-4.7,3.2
2024/12/5 2:20,0,13.7,2,-4.7,3.3
2024/12/5 2:25,0,13.6,2,-4.7,3.3
2024/12/5 2:30,0,13.5,2,-4.8,3.4
2024/12/5 2:35,0,13.4,2,-4.8,3.5
2024/12/5 2:40,0,13.3,2,-4.8,3.5
2024/12/5 2:45,0,13.2,2,-4.8,3.6
2024/12/5 2:50,0,13.1,2,-4.9,3.7
2024/12/5 2:55,0,13,2,-4.9,3.7
2024/12/5 3:00,0,12.9,1,-4.9,3.8
2024/12/5 3:05,0,12.9,1,-4.9,3.8
2024/12/5 3:10,0,12.8,1,-4.9,3.9
2024/12/5 3:15,0,12.8,1,-4.9,4
2024/12/5 3:20,0,12.7,1,-4.9,4
2024/12/5 3:25,0,12.7,1,-4.9,4
2024/12/5 3:30,0,12.6,1,-4.9,4.1
2024/12/5 3:35,0,12.6,1,-4.9,4.2
2024/12/5 3:40,0,12.6,1,-4.9,4.2
2024/12/5 3:45,0,12.5,1,-4.9,4.2
2024/12/5 3:50,0,12.5,1,-4.9,4.3
2024/12/5 3:55,0,12.4,1,-4.9,4.4
2024/12/5 4:00,0,12.4,1,-4.9,4.4
2024/12/5 4:05,0,12.3,1,-5,4.4
2024/12/5 4:10,0,12.2,1,-5.1,4.3
2024/12/5 4:15,0,12.1,1,-5.1,4.3
2024/12/5 4:20,0,12,1,-5.2,4.3
2024/12/5 4:25,0,11.9,1,-5.3,4.2
2024/12/5 4:30,0,11.8,1,-5.4,4.2
2024/12/5 4:35,0,11.6,1,-5.4,4.2
2024/12/5 4:40,0,11.5,1,-5.5,4.1
2024/12/5 4:45,0,11.4,1,-5.6,4.1
2024/12/5 4:50,0,11.3,1,-5.6,4.1
2024/12/5 4:55,0,11.2,1,-5.7,4
2024/12/5 5:00,0,11.1,1,-5.8,4
2024/12/5 5:05,0,11,1,-5.9,3.9
2024/12/5 5:10,0,11,1,-6,3.8
2024/12/5 5:15,0,11,1,-6,3.8
2024/12/5 5:20,0,10.9,1,-6.1,3.7
2024/12/5 5:25,0,10.8,1,-6.2,3.6
2024/12/5 5:30,0,10.8,1,-6.2,3.6
2024/12/5 5:35,0,10.8,1,-6.3,3.5
2024/12/5 5:40,0,10.7,1,-6.4,3.4
2024/12/5 5:45,0,10.6,1,-6.5,3.3
2024/12/5 5:50,0,10.6,1,-6.6,3.2
2024/12/5 5:55,0,10.6,1,-6.6,3.2
2024/12/5 6:00,0,10.5,1,-6.7,3.1
2024/12/5 6:05,0,10.6,1,-6.7,3.2
2024/12/5 6:10,0,10.7,1,-6.7,3.2
2024/12/5 6:15,0,10.8,1,-6.7,3.3
2024/12/5 6:20,0,10.9,1,-6.7,3.4
2024/12/5 6:25,0,11,1,-6.7,3.4
2024/12/5 6:30,0,11,1,-6.8,3.5
2024/12/5 6:35,0,11.1,1,-6.8,3.6
2024/12/5 6:40,0,11.2,1,-6.8,3.6
2024/12/5 6:45,0,11.3,1,-6.8,3.7
2024/12/5 6:50,0,11.4,1,-6.8,3.8
2024/12/5 6:55,0,11.5,1,-6.8,3.8
2024/12/5 7:00,0,11.6,1,-6.8,3.9
2024/12/5 7:05,0,11.6,1,-6.8,3.9
2024/12/5 7:10,0,11.6,1,-6.8,3.9
2024/12/5 7:15,0,11.6,1,-6.8,3.9
2024/12/5 7:20,0,11.6,1,-6.9,3.9
2024/12/5 7:25,0,11.6,1,-6.9,3.9
2024/12/5 7:30,0,11.6,1,-6.9,4
2024/12/5 7:35,0,11.6,1,-6.9,4
2024/12/5 7:40,0,11.6,1,-6.9,4
2024/12/5 7:45,0,11.6,1,-7,4
2024/12/5 7:50,0,11.6,1,-7,4
2024/12/5 7:55,0,11.6,1,-7,4
2024/12/5 8:00,0,11.6,1,-7,4
2024/12/5 8:05,0,11.8,1,-6.9,3.9
2024/12/5 8:10,0,12,1,-6.7,3.8
2024/12/5 8:15,0,12.2,1,-6.6,3.8
2024/12/5 8:20,0,12.4,1,-6.4,3.7
2024/12/5 8:25,0,12.6,1,-6.3,3.6
2024/12/5 8:30,0,12.8,1,-6.2,3.6
2024/12/5 8:35,0,12.9,1,-6,3.5
2024/12/5 8:40,0,13.1,1,-5.9,3.4
2024/12/5 8:45,0,13.3,1,-5.7,3.3
2024/12/5 8:50,0,13.5,1,-5.6,3.2
2024/12/5 8:55,0,13.7,1,-5.4,3.2
2024/12/5 9:00,0,13.9,1,-5.3,3.1
2024/12/5 9:05,0,14,1,-5.2,3.1
2024/12/5 9:10,0,14,1,-5.1,3.1
2024/12/5 9:15,0,14.1,1,-5,3.1
2024/12/5 9:20,0,14.2,1,-4.8,3.1
2024/12/5 9:25,0,14.3,1,-4.7,3.1
2024/12/5 9:30,0,14.4,1,-4.6,3.1
2024/12/5 9:35,0,14.4,1,-4.5,3.1
2024/12/5 9:40,0,14.5,1,-4.4,3.1
2024/12/5 9:45,0,14.6,1,-4.2,3.1
2024/12/5 9:50,0,14.6,1,-4.1,3.1
2024/12/5 9:55,0,14.7,1,-4,3.1
2024/12/5 10:00,0,14.8,1,-3.9,3.1
2024/12/5 10:05,0,15,1,-3.7,3.1
2024/12/5 10:10,0,15.2,1,-3.6,3.2
2024/12/5 10:15,0,15.4,1,-3.4,3.2
2024/12/5 10:20,0,15.7,1,-3.2,3.2
2024/12/5 10:25,0,15.9,1,-3.1,3.3
2024/12/5 10:30,0,16.1,1,-2.9,3.3
2024/12/5 10:35,0,16.3,1,-2.7,3.3
2024/12/5 10:40,0,16.5,1,-2.6,3.4
2024/12/5 10:45,0,16.8,1,-2.4,3.4
2024/12/5 10:50,0,17,1,-2.2,3.4
2024/12/5 10:55,0,17.2,1,-2.1,3.5
2024/12/5 11:00,0,17.4,1,-1.9,3.5
2024/12/5 11:05,0,18,1,-1.7,3.6
2024/12/5 11:10,0,18.7,1,-1.5,3.8
2024/12/5 11:15,0,19.3,1,-1.4,3.9
2024/12/5 11:20,0,20,1,-1.2,4
2024/12/5 11:25,0,20.6,1,-1,4.1
2024/12/5 11:30,0,21.3,1,-0.8,4.2
2024/12/5 11:35,0,22,1,-0.7,4.4
2024/12/5 11:40,0,22.6,1,-0.5,4.5
2024/12/5 11:45,0,23.2,1,-0.3,4.6
2024/12/5 11:50,0,23.9,1,-0.1,4.8
2024/12/5 11:55,0,24.5,1,0,4.9
2024/12/5 12:00,0,25.2,1,0.2,5
2024/12/5 12:05,0,25.6,1,0.3,5.2
2024/12/5 12:10,0,26,1,0.3,5.3
2024/12/5 12:15,0,26.4,1,0.4,5.4
2024/12/5 12:20,0,26.8,1,0.5,5.6
2024/12/5 12:25,0,27.2,1,0.5,5.8
2024/12/5 12:30,0,27.6,1,0.6,5.9
2024/12/5 12:35,0,28,1,0.7,6
2024/12/5 12:40,0,28.4,1,0.7,6.2
2024/12/5 12:45,0,28.8,1,0.8,6.4
2024/12/5 12:50,0,29.2,1,0.9,6.5
2024/12/5 12:55,0,29.6,1,0.9,6.6
2024/12/5 13:00,0,30,1,1,6.8
2024/12/5 13:05,0,30,1,1,6.8
2024/12/5 13:10,0,30,1,1,6.8
2024/12/5 13:15,0,30,1,1,6.9
2024/12/5 13:20,0,30,1,1,6.9
2024/12/5 13:25,0,30,1,1,6.9
2024/12/5 13:30,0,30,1,1,7
2024/12/5 13:35,0,30,1,1.1,7
2024/12/5 13:40,0,30,1,1.1,7
2024/12/5 13:45,0,30,1,1.1,7
2024/12/5 13:50,0,30,1,1.1,7
2024/12/5 13:55,0,30,1,1.1,7.1
2024/12/5 14:00,0,30,1,1.1,7.1
2024/12/5 14:05,0,30,1,1.1,7
2024/12/5 14:10,0,30,1,1.1,7
2024/12/5 14:15,0,30,1,1,7
2024/12/5 14:20,0,30,1,1,6.9
2024/12/5 14:25,0,30,1,1,6.8
2024/12/5 14:30,0,30,1,1,6.8
2024/12/5 14:35,0,30,1,1,6.8
2024/12/5 14:40,0,30,1,1,6.7
2024/12/5 14:45,0,30,1,1,6.6
2024/12/5 14:50,0,30,1,0.9,6.6
2024/12/5 14:55,0,30,1,0.9,6.6
2024/12/5 15:00,0,30,3,0.9,6.5
2024/12/5 15:05,0,30,3,0.8,6.3
2024/12/5 15:10,0,30,3,0.8,6.1
2024/12/5 15:15,0,30,3,0.7,5.9
2024/12/5 15:20,0,30,3,0.6,5.7
2024/12/5 15:25,0,30,3,0.5,5.5
2024/12/5 15:30,0,30,3,0.5,5.2
2024/12/5 15:35,0,30,3,0.4,5
2024/12/5 15:40,0,30,3,0.3,4.8
2024/12/5 15:45,0,30,3,0.2,4.6
2024/12/5 15:50,0,30,3,0.2,4.4
2024/12/5 15:55,0,30,3,0.1,4.2
2024/12/5 16:00,0,30,1,0,4
2024/12/5 16:05,0,29.8,1,-0.2,4
2024/12/5 16:10,0,29.7,1,-0.3,4.1
2024/12/5 16:15,0,29.6,1,-0.5,4.1
2024/12/5 16:20,0,29.4,1,-0.6,4.2
2024/12/5 16:25,0,29.2,1,-0.8,4.2
2024/12/5 16:30,0,29.1,1,-1,4.2
2024/12/5 16:35,0,29,1,-1.1,4.3
2024/12/5 16:40,0,28.8,1,-1.3,4.3
2024/12/5 16:45,0,28.6,1,-1.4,4.4
2024/12/5 16:50,0,28.5,1,-1.6,4.4
2024/12/5 16:55,0,28.4,1,-1.7,4.5
2024/12/5 17:00,0,28.2,1,-1.9,4.5
2024/12/5 17:05,0,27.8,1,-2,4.4
2024/12/5 17:10,0,27.4,1,-2.1,4.4
2024/12/5 17:15,0,27,1,-2.2,4.3
2024/12/5 17:20,0,26.6,1,-2.3,4.2
2024/12/5 17:25,0,26.2,1,-2.4,4.2
2024/12/5 17:30,0,25.8,1,-2.4,4.1
2024/12/5 17:35,0,25.3,1,-2.5,4
2024/12/5 17:40,0,24.9,1,-2.6,4
2024/12/5 17:45,0,24.5,1,-2.7,3.9
2024/12/5 17:50,0,24.1,1,-2.8,3.8
2024/12/5 17:55,0,23.7,1,-2.9,3.8
2024/12/5 18:00,0,23.3,1,-3,3.7
2024/12/5 18:05,0,23.2,1,-3.1,3.5
2024/12/5 18:10,0,23,1,-3.2,3.4
2024/12/5 18:15,0,22.8,1,-3.2,3.2
2024/12/5 18:20,0,22.7,1,-3.3,3
2024/12/5 18:25,0,22.6,1,-3.4,2.8
2024/12/5 18:30,0,22.4,1,-3.5,2.7
2024/12/5 18:35,0,22.2,1,-3.6,2.5
2024/12/5 18:40,0,22.1,1,-3.7,2.3
2024/12/5 18:45,0,22,1,-3.8,2.1
2024/12/5 18:50,0,21.8,1,-3.8,2
2024/12/5 18:55,0,21.6,1,-3.9,1.8
2024/12/5 19:00,0,21.5,1,-4,1.6
2024/12/5 19:05,0,21.3,1,-4.1,1.5
2024/12/5 19:10,0,21,1,-4.2,1.5
2024/12/5 19:15,0,20.8,1,-4.4,1.4
2024/12/5 19:20,0,20.6,1,-4.5,1.4
2024/12/5 19:25,0,20.4,1,-4.6,1.3
2024/12/5 19:30,0,20.2,1,-4.8,1.2
2024/12/5 19:35,0,19.9,1,-4.9,1.2
2024/12/5 19:40,0,19.7,1,-5,1.1
2024/12/5 19:45,0,19.5,1,-5.1,1.1
2024/12/5 19:50,0,19.2,1,-5.2,1
2024/12/5 19:55,0,19,1,-5.4,1
2024/12/5 20:00,0,18.8,1,-5.5,0.9
2024/12/5 20:05,0,18.8,1,-5.5,1.1
2024/12/5 20:10,0,18.7,1,-5.5,1.2
2024/12/5 20:15,0,18.7,1,-5.5,1.4
2024/12/5 20:20,0,18.6,1,-5.5,1.5
2024/12/5 20:25,0,18.6,1,-5.5,1.7
2024/12/5 20:30,0,18.6,1,-5.5,1.8
2024/12/5 20:35,0,18.5,1,-5.5,2
2024/12/5 20:40,0,18.5,1,-5.5,2.2
2024/12/5 20:45,0,18.4,1,-5.5,2.3
2024/12/5 20:50,0,18.4,1,-5.5,2.5
2024/12/5 20:55,0,18.3,1,-5.5,2.6
2024/12/5 21:00,0,18.3,1,-5.5,2.8
2024/12/5 21:05,0,18.7,1,-5.6,2.8
2024/12/5 21:10,0,19,1,-5.6,2.8
2024/12/5 21:15,0,19.4,1,-5.7,2.7
2024/12/5 21:20,0,19.8,1,-5.8,2.7
2024/12/5 21:25,0,20.1,1,-5.8,2.7
2024/12/5 21:30,0,20.5,1,-5.9,2.6
2024/12/5 21:35,0,20.9,1,-6,2.6
2024/12/5 21:40,0,21.2,1,-6,2.6
2024/12/5 21:45,0,21.6,1,-6.1,2.6
2024/12/5 21:50,0,22,1,-6.2,2.6
2024/12/5 21:55,0,22.3,1,-6.2,2.5
2024/12/5 22:00,0,22.7,1,-6.3,2.5
2024/12/5 22:05,0,22.7,1,-6.3,2.5
2024/12/5 22:10,0,22.7,1,-6.4,2.5
2024/12/5 22:15,0,22.7,1,-6.4,2.4
2024/12/5 22:20,0,22.7,1,-6.4,2.4
2024/12/5 22:25,0,22.7,1,-6.5,2.4
2024/12/5 22:30,0,22.8,1,-6.5,2.4
2024/12/5 22:35,0,22.8,1,-6.5,2.4
2024/12/5 22:40,0,22.8,1,-6.6,2.4
2024/12/5 22:45,0,22.8,1,-6.6,2.3
2024/12/5 22:50,0,22.8,1,-6.6,2.3
2024/12/5 22:55,0,22.8,1,-6.7,2.3
2024/12/5 23:00,0,22.8,1,-6.7,2.3
2024/12/5 23:05,0,22.5,1,-6.8,2.3
2024/12/5 23:10,0,22.3,1,-6.8,2.3
2024/12/5 23:15,0,22,1,-6.9,2.3
2024/12/5 23:20,0,21.7,1,-6.9,2.3
2024/12/5 23:25,0,21.5,1,-7,2.3
2024/12/5 23:30,0,21.2,1,-7,2.3
2024/12/5 23:35,0,20.9,1,-7.1,2.4
2024/12/5 23:40,0,20.7,1,-7.2,2.4
2024/12/5 23:45,0,20.4,1,-7.2,2.4
2024/12/5 23:50,0,20.1,1,-7.3,2.4
2024/12/5 23:55,0,19.9,1,-7.3,2.4
2024/12/6 0:00,0,19.6,1,-7.4,2.4
2024/12/6 0:05,0,19.7,1,-7.4,2.4
2024/12/6 0:10,0,19.8,1,-7.4,2.3
2024/12/6 0:15,0,19.9,1,-7.4,2.3
2024/12/6 0:20,0,20,1,-7.5,2.2
2024/12/6 0:25,0,20.1,1,-7.5,2.2
2024/12/6 0:30,0,20.2,1,-7.5,2.2
2024/12/6 0:35,0,20.3,1,-7.5,2.1
2024/12/6 0:40,0,20.4,1,-7.5,2.1
2024/12/6 0:45,0,20.5,1,-7.6,2
2024/12/6 0:50,0,20.6,1,-7.6,2
2024/12/6 0:55,0,20.7,1,-7.6,1.9
2024/12/6 1:00,0,20.8,1,-7.6,1.9
2024/12/6 1:05,0,21,1,-7.6,1.9
2024/12/6 1:10,0,21.2,1,-7.7,1.9
2024/12/6 1:15,0,21.5,1,-7.7,1.9
2024/12/6 1:20,0,21.7,1,-7.8,1.9
2024/12/6 1:25,0,21.9,1,-7.8,1.9
2024/12/6 1:30,0,22.2,1,-7.8,1.9
2024/12/6 1:35,0,22.4,1,-7.9,1.9
2024/12/6 1:40,0,22.6,1,-7.9,1.9
2024/12/6 1:45,0,22.8,1,-8,1.9
2024/12/6 1:50,0,23,1,-8,1.9
2024/12/6 1:55,0,23.3,1,-8.1,1.9
2024/12/6 2:00,0,23.5,1,-8.1,1.9
2024/12/6 2:05,0,23.4,1,-8.1,2
2024/12/6 2:10,0,23.4,1,-8.1,2.1
2024/12/6 2:15,0,23.3,1,-8.1,2.2
2024/12/6 2:20,0,23.2,1,-8.1,2.2
2024/12/6 2:25,0,23.1,1,-8.1,2.3
2024/12/6 2:30,0,23,1,-8.1,2.4
2024/12/6 2:35,0,23,1,-8.1,2.5
2024/12/6 2:40,0,22.9,1,-8.1,2.6
2024/12/6 2:45,0,22.8,1,-8.1,2.6
2024/12/6 2:50,0,22.8,1,-8.1,2.7
2024/12/6 2:55,0,22.7,1,-8.1,2.8
2024/12/6 3:00,0,22.6,1,-8.1,2.9
2024/12/6 3:05,0,22.5,1,-8.1,2.9
2024/12/6 3:10,0,22.4,1,-8,3
2024/12/6 3:15,0,22.3,1,-8,3
2024/12/6 3:20,0,22.2,1,-8,3
2024/12/6 3:25,0,22.1,1,-8,3
2024/12/6 3:30,0,22,1,-8,3
2024/12/6 3:35,0,21.9,1,-7.9,3.1
2024/12/6 3:40,0,21.8,1,-7.9,3.1
2024/12/6 3:45,0,21.7,1,-7.9,3.1
2024/12/6 3:50,0,21.6,1,-7.8,3.2
2024/12/6 3:55,0,21.5,1,-7.8,3.2
2024/12/6 4:00,0,21.4,2,-7.8,3.2
2024/12/6 4:05,0,21.4,2,-7.8,3.1
2024/12/6 4:10,0,21.4,2,-7.8,2.9
2024/12/6 4:15,0,21.4,2,-7.8,2.8
2024/12/6 4:20,0,21.4,2,-7.9,2.6
2024/12/6 4:25,0,21.4,2,-7.9,2.5
2024/12/6 4:30,0,21.4,2,-7.9,2.4
2024/12/6 4:35,0,21.3,2,-7.9,2.2
2024/12/6 4:40,0,21.3,2,-7.9,2.1
2024/12/6 4:45,0,21.3,2,-8,1.9
2024/12/6 4:50,0,21.3,2,-8,1.8
2024/12/6 4:55,0,21.3,2,-8,1.6
2024/12/6 5:00,0,21.3,2,-8,1.5
2024/12/6 5:05,0,21.3,2,-7.9,1.6
2024/12/6 5:10,0,21.3,2,-7.9,1.7
2024/12/6 5:15,0,21.3,2,-7.8,1.8
2024/12/6 5:20,0,21.3,2,-7.8,1.9
2024/12/6 5:25,0,21.3,2,-7.7,2
2024/12/6 5:30,0,21.4,2,-7.6,2.1
2024/12/6 5:35,0,21.4,2,-7.6,2.2
2024/12/6 5:40,0,21.4,2,-7.5,2.3
2024/12/6 5:45,0,21.4,2,-7.5,2.4
2024/12/6 5:50,0,21.4,2,-7.4,2.5
2024/12/6 5:55,0,21.4,2,-7.4,2.6
2024/12/6 6:00,0,21.4,2,-7.3,2.7
2024/12/6 6:05,0,21.6,2,-7.2,2.8
2024/12/6 6:10,0,21.7,2,-7.2,2.8
2024/12/6 6:15,0,21.9,2,-7.2,2.9
2024/12/6 6:20,0,22,2,-7.1,3
2024/12/6 6:25,0,22.2,2,-7,3.1
2024/12/6 6:30,0,22.4,2,-7,3.2
2024/12/6 6:35,0,22.5,2,-7,3.2
2024/12/6 6:40,0,22.7,2,-6.9,3.3
2024/12/6 6:45,0,22.8,2,-6.8,3.4
2024/12/6 6:50,0,23,2,-6.8,3.4
2024/12/6 6:55,0,23.1,2,-6.8,3.5
2024/12/6 7:00,0,23.3,1,-6.7,3.6
2024/12/6 7:05,0,22.9,1,-6.7,3.5
2024/12/6 7:10,0,22.5,1,-6.8,3.3
2024/12/6 7:15,0,22.1,1,-6.8,3.2
2024/12/6 7:20,0,21.7,1,-6.8,3.1
2024/12/6 7:25,0,21.3,1,-6.9,2.9
2024/12/6 7:30,0,20.9,1,-6.9,2.8
2024/12/6 7:35,0,20.5,1,-6.9,2.7
2024/12/6 7:40,0,20.1,1,-7,2.5
2024/12/6 7:45,0,19.7,1,-7,2.4
2024/12/6 7:50,0,19.3,1,-7,2.3
2024/12/6 7:55,0,18.9,1,-7.1,2.1
2024/12/6 8:00,0,18.5,2,-7.1,2
2024/12/6 8:05,0,18.2,2,-6.9,1.9
2024/12/6 8:10,0,17.9,2,-6.7,1.8
2024/12/6 8:15,0,17.6,2,-6.5,1.7
2024/12/6 8:20,0,17.3,2,-6.3,1.6
2024/12/6 8:25,0,17,2,-6.1,1.5
2024/12/6 8:30,0,16.8,2,-5.9,1.4
2024/12/6 8:35,0,16.5,2,-5.7,1.4
2024/12/6 8:40,0,16.2,2,-5.5,1.3
2024/12/6 8:45,0,15.9,2,-5.3,1.2
2024/12/6 8:50,0,15.6,2,-5.1,1.1
2024/12/6 8:55,0,15.3,2,-4.9,1
2024/12/6 9:00,0,15,2,-4.7,0.9
2024/12/6 9:05,0,15.3,2,-4.5,1.2
2024/12/6 9:10,0,15.6,2,-4.4,1.5
2024/12/6 9:15,0,16,2,-4.2,1.8
2024/12/6 9:20,0,16.3,2,-4,2.1
2024/12/6 9:25,0,16.6,2,-3.9,2.4
2024/12/6 9:30,0,16.9,2,-3.7,2.6
2024/12/6 9:35,0,17.2,2,-3.5,2.9
2024/12/6 9:40,0,17.5,2,-3.4,3.2
2024/12/6 9:45,0,17.8,2,-3.2,3.5
2024/12/6 9:50,0,18.2,2,-3,3.8
2024/12/6 9:55,0,18.5,2,-2.9,4.1
2024/12/6 10:00,0,18.8,1,-2.7,4.4
2024/12/6 10:05,0,19.7,1,-2.7,4.4
2024/12/6 10:10,0,20.7,1,-2.7,4.4
2024/12/6 10:15,0,21.6,1,-2.6,4.4
2024/12/6 10:20,0,22.5,1,-2.6,4.4
2024/12/6 10:25,0,23.5,1,-2.6,4.4
2024/12/6 10:30,0,24.4,1,-2.6,4.4
2024/12/6 10:35,0,25.3,1,-2.5,4.4
2024/12/6 10:40,0,26.3,1,-2.5,4.4
2024/12/6 10:45,0,27.2,1,-2.5,4.4
2024/12/6 10:50,0,28.1,1,-2.4,4.4
2024/12/6 10:55,0,29.1,1,-2.4,4.4
2024/12/6 11:00,0,30,3,-2.4,4.4
2024/12/6 11:05,0,30,3,-2.3,4.5
2024/12/6 11:10,0,30,3,-2.3,4.6
2024/12/6 11:15,0,30,3,-2.2,4.8
2024/12/6 11:20,0,30,3,-2.1,4.9
2024/12/6 11:25,0,30,3,-2.1,5
2024/12/6 11:30,0,30,3,-2,5.2
2024/12/6 11:35,0,30,3,-1.9,5.3
2024/12/6 11:40,0,30,3,-1.9,5.4
2024/12/6 11:45,0,30,3,-1.8,5.5
2024/12/6 11:50,0,30,3,-1.7,5.6
2024/12/6 11:55,0,30,3,-1.7,5.8
2024/12/6 12:00,0,30,3,-1.6,5.9
2024/12/6 12:05,0,29.7,3,-1.6,5.8
2024/12/6 12:10,0,29.5,3,-1.6,5.6
2024/12/6 12:15,0,29.2,3,-1.6,5.5
2024/12/6 12:20,0,28.9,3,-1.6,5.4
2024/12/6 12:25,0,28.7,3,-1.6,5.3
2024/12/6 12:30,0,28.4,3,-1.6,5.2
2024/12/6 12:35,0,28.1,3,-1.7,5
2024/12/6 12:40,0,27.9,3,-1.7,4.9
2024/12/6 12:45,0,27.6,3,-1.7,4.8
2024/12/6 12:50,0,27.3,3,-1.7,4.6
2024/12/6 12:55,0,27.1,3,-1.7,4.5
2024/12/6 13:00,0,26.8,2,-1.7,4.4
2024/12/6 13:05,0,27.1,2,-1.7,4.4
2024/12/6 13:10,0,27.3,2,-1.7,4.4
2024/12/6 13:15,0,27.6,2,-1.7,4.4
2024/12/6 13:20,0,27.8,2,-1.7,4.4
2024/12/6 13:25,0,28.1,2,-1.7,4.4
2024/12/6 13:30,0,28.4,2,-1.8,4.4
2024/12/6 13:35,0,28.6,2,-1.8,4.3
2024/12/6 13:40,0,28.9,2,-1.8,4.3
2024/12/6 13:45,0,29.1,2,-1.8,4.3
2024/12/6 13:50,0,29.4,2,-1.8,4.3
2024/12/6 13:55,0,29.6,2,-1.8,4.3
2024/12/6 14:00,0,29.9,2,-1.8,4.3
2024/12/6 14:05,0,29.9,2,-1.8,4.3
2024/12/6 14:10,0,29.9,2,-1.9,4.3
2024/12/6 14:15,0,29.9,2,-1.9,4.4
2024/12/6 14:20,0,29.9,2,-1.9,4.4
2024/12/6 14:25,0,29.9,2,-2,4.4
2024/12/6 14:30,0,30,2,-2,4.4
2024/12/6 14:35,0,30,2,-2,4.4
2024/12/6 14:40,0,30,2,-2.1,4.4
2024/12/6 14:45,0,30,2,-2.1,4.4
2024/12/6 14:50,0,30,2,-2.1,4.5
2024/12/6 14:55,0,30,2,-2.2,4.5
2024/12/6 15:00,0,30,1,-2.2,4.5
2024/12/6 15:05,0,29.8,1,-2.2,4.5
2024/12/6 15:10,0,29.6,1,-2.1,4.4
2024/12/6 15:15,0,29.4,1,-2.1,4.4
2024/12/6 15:20,0,29.2,1,-2.1,4.4
2024/12/6 15:25,0,29,1,-2,4.4
2024/12/6 15:30,0,28.8,1,-2,4.4
2024/12/6 15:35,0,28.6,1,-2,4.3
2024/12/6 15:40,0,28.4,1,-1.9,4.3
2024/12/6 15:45,0,28.2,1,-1.9,4.3
2024/12/6 15:50,0,28,1,-1.9,4.2
2024/12/6 15:55,0,27.8,1,-1.8,4.2
2024/12/6 16:00,0,27.6,2,-1.8,4.2
2024/12/6 16:05,0,27.8,2,-1.9,4.2
2024/12/6 16:10,0,28,2,-1.9,4.3
2024/12/6 16:15,0,28.2,2,-2,4.4
2024/12/6 16:20,0,28.4,2,-2.1,4.4
2024/12/6 16:25,0,28.6,2,-2.1,4.4
2024/12/6 16:30,0,28.8,2,-2.2,4.5
2024/12/6 16:35,0,29,2,-2.3,4.6
2024/12/6 16:40,0,29.2,2,-2.3,4.6
2024/12/6 16:45,0,29.4,2,-2.4,4.6
2024/12/6 16:50,0,29.6,2,-2.5,4.7
2024/12/6 16:55,0,29.8,2,-2.5,4.8
2024/12/6 17:00,0,30,1,-2.6,4.8
2024/12/6 17:05,0,30,1,-2.7,4.8
2024/12/6 17:10,0,30,1,-2.8,4.8
2024/12/6 17:15,0,30,1,-2.9,4.8
2024/12/6 17:20,0,30,1,-3,4.8
2024/12/6 17:25,0,30,1,-3.1,4.8
2024/12/6 17:30,0,30,1,-3.2,4.8
2024/12/6 17:35,0,30,1,-3.2,4.9
2024/12/6 17:40,0,30,1,-3.3,4.9
2024/12/6 17:45,0,30,1,-3.4,4.9
2024/12/6 17:50,0,30,1,-3.5,4.9
2024/12/6 17:55,0,30,1,-3.6,4.9
2024/12/6 18:00,0,30,1,-3.7,4.9
2024/12/6 18:05,0,30,1,-3.8,5
2024/12/6 18:10,0,30,1,-3.8,5.1
2024/12/6 18:15,0,30,1,-3.8,5.2
2024/12/6 18:20,0,30,1,-3.9,5.3
2024/12/6 18:25,0,30,1,-4,5.4
2024/12/6 18:30,0,30,1,-4,5.5
2024/12/6 18:35,0,30,1,-4,5.6
2024/12/6 18:40,0,30,1,-4.1,5.7
2024/12/6 18:45,0,30,1,-4.2,5.8
2024/12/6 18:50,0,30,1,-4.2,5.9
2024/12/6 18:55,0,30,1,-4.2,6
2024/12/6 19:00,0,30,1,-4.3,6.1
2024/12/6 19:05,0,30,1,-4.3,5.9
2024/12/6 19:10,0,30,1,-4.2,5.7
2024/12/6 19:15,0,30,1,-4.2,5.5
2024/12/6 19:20,0,30,1,-4.1,5.3
2024/12/6 19:25,0,30,1,-4.1,5.1
2024/12/6 19:30,0,30,1,-4,4.8
2024/12/6 19:35,0,30,1,-4,4.6
2024/12/6 19:40,0,30,1,-4,4.4
2024/12/6 19:45,0,30,1,-3.9,4.2
2024/12/6 19:50,0,30,1,-3.9,4
2024/12/6 19:55,0,30,1,-3.8,3.8
2024/12/6 20:00,0,30,2,-3.8,3.6
2024/12/6 20:05,0,30,2,-3.9,3.6
2024/12/6 20:10,0,30,2,-3.9,3.6
2024/12/6 20:15,0,30,2,-4,3.7
2024/12/6 20:20,0,30,2,-4.1,3.7
2024/12/6 20:25,0,30,2,-4.1,3.7
2024/12/6 20:30,0,30,2,-4.2,3.8
2024/12/6 20:35,0,30,2,-4.3,3.8
2024/12/6 20:40,0,30,2,-4.3,3.8
2024/12/6 20:45,0,30,2,-4.4,3.8
2024/12/6 20:50,0,30,2,-4.5,3.8
2024/12/6 20:55,0,30,2,-4.5,3.9
2024/12/6 21:00,0,30,2,-4.6,3.9
2024/12/6 21:05,0,29.4,2,-4.6,3.9
2024/12/6 21:10,0,28.8,2,-4.6,4
2024/12/6 21:15,0,28.2,2,-4.5,4
2024/12/6 21:20,0,27.5,2,-4.5,4.1
2024/12/6 21:25,0,26.9,2,-4.5,4.1
2024/12/6 21:30,0,26.3,2,-4.4,4.2
2024/12/6 21:35,0,25.7,2,-4.4,4.2
2024/12/6 21:40,0,25.1,2,-4.4,4.2
2024/12/6 21:45,0,24.5,2,-4.4,4.3
2024/12/6 21:50,0,23.8,2,-4.4,4.3
2024/12/6 21:55,0,23.2,2,-4.3,4.4
2024/12/6 22:00,0,22.6,2,-4.3,4.4
2024/12/6 22:05,0,21.3,2,-4.4,4.4
2024/12/6 22:10,0,20,2,-4.4,4.5
2024/12/6 22:15,0,18.7,2,-4.4,4.6
2024/12/6 22:20,0,17.4,2,-4.5,4.6
2024/12/6 22:25,0,16.1,2,-4.6,4.6
2024/12/6 22:30,0,14.8,2,-4.6,4.7
2024/12/6 22:35,0,13.5,2,-4.6,4.8
2024/12/6 22:40,0,12.2,2,-4.7,4.8
2024/12/6 22:45,0,10.9,2,-4.8,4.8
2024/12/6 22:50,0,9.6,2,-4.8,4.9
2024/12/6 22:55,0,8.3,2,-4.9,5
2024/12/6 23:00,0,7,3,-4.9,5
2024/12/6 23:05,0,8.1,3,-4.9,5.5
2024/12/6 23:10,0,9.2,3,-4.9,6.1
2024/12/6 23:15,0,10.4,3,-4.9,6.6
2024/12/6 23:20,0,11.5,3,-4.9,7.1
2024/12/6 23:25,0,12.6,3,-4.9,7.7
2024/12/6 23:30,0,13.7,3,-5,8.2
2024/12/6 23:35,0,14.8,3,-5,8.7
2024/12/6 23:40,0,15.9,3,-5,9.3
2024/12/6 23:45,0,17,3,-5,9.8
2024/12/6 23:50,0,18.2,3,-5,10.3
2024/12/6 23:55,0,19.3,3,-5,10.9
2024/12/7 0:00,0,20.4,2,-5,11.4
2024/12/7 0:05,0,21.2,2,-5.2,10.9
2024/12/7 0:10,0,22,2,-5.4,10.5
2024/12/7 0:15,0,22.8,2,-5.7,10
2024/12/7 0:20,0,23.6,2,-5.9,9.5
2024/12/7 0:25,0,24.4,2,-6.1,9
2024/12/7 0:30,0,25.2,2,-6.4,8.6
2024/12/7 0:35,0,26,2,-6.6,8.1
2024/12/7 0:40,0,26.8,2,-6.8,7.6
2024/12/7 0:45,0,27.6,2,-7,7.1
2024/12/7 0:50,0,28.4,2,-7.2,6.6
2024/12/7 0:55,0,29.2,2,-7.5,6.2
2024/12/7 1:00,0,30,1,-7.7,5.7
2024/12/7 1:05,0,30,1,-7.8,5.6
2024/12/7 1:10,0,30,1,-7.8,5.5
2024/12/7 1:15,0,30,1,-7.8,5.4
2024/12/7 1:20,0,30,1,-7.9,5.2
2024/12/7 1:25,0,30,1,-8,5.1
2024/12/7 1:30,0,30,1,-8,5
2024/12/7 1:35,0,30,1,-8,4.9
2024/12/7 1:40,0,30,1,-8.1,4.8
2024/12/7 1:45,0,30,1,-8.2,4.6
2024/12/7 1:50,0,30,1,-8.2,4.5
2024/12/7 1:55,0,30,1,-8.2,4.4
2024/12/7 2:00,0,30,1,-8.3,4.3
2024/12/7 2:05,0,30,1,-8.4,4.7
2024/12/7 2:10,0,30,1,-8.5,5.1
2024/12/7 2:15,0,30,1,-8.5,5.5
2024/12/7 2:20,0,30,1,-8.6,5.9
2024/12/7 2:25,0,30,1,-8.7,6.3
2024/12/7 2:30,0,30,1,-8.8,6.6
2024/12/7 2:35,0,30,1,-8.8,7
2024/12/7 2:40,0,30,1,-8.9,7.4
2024/12/7 2:45,0,30,1,-9,7.8
2024/12/7 2:50,0,30,1,-9,8.2
2024/12/7 2:55,0,30,1,-9.1,8.6
2024/12/7 3:00,0,30,1,-9.2,9
2024/12/7 3:05,0,30,1,-9.3,8.8
2024/12/7 3:10,0,30,1,-9.4,8.6
2024/12/7 3:15,0,30,1,-9.5,8.3
2024/12/7 3:20,0,30,1,-9.6,8.1
2024/12/7 3:25,0,30,1,-9.7,7.9
2024/12/7 3:30,0,30,1,-9.8,7.6
2024/12/7 3:35,0,30,1,-9.8,7.4
2024/12/7 3:40,0,30,1,-9.9,7.2
2024/12/7 3:45,0,30,1,-10,7
2024/12/7 3:50,0,30,1,-10.1,6.8
2024/12/7 3:55,0,30,1,-10.2,6.5
2024/12/7 4:00,0,30,1,-10.3,6.3
2024/12/7 4:05,0,30,1,-10.4,6
2024/12/7 4:10,0,30,1,-10.4,5.8
2024/12/7 4:15,0,30,1,-10.5,5.5
2024/12/7 4:20,0,30,1,-10.5,5.3
2024/12/7 4:25,0,30,1,-10.6,5
2024/12/7 4:30,0,30,1,-10.6,4.8
2024/12/7 4:35,0,30,1,-10.7,4.5
2024/12/7 4:40,0,30,1,-10.8,4.2
2024/12/7 4:45,0,30,1,-10.8,4
2024/12/7 4:50,0,30,1,-10.9,3.7
2024/12/7 4:55,0,30,1,-10.9,3.5
2024/12/7 5:00,0,30,1,-11,3.2
2024/12/7 5:05,0,30,1,-11,3.2
2024/12/7 5:10,0,30,1,-11.1,3.2
2024/12/7 5:15,0,30,1,-11.1,3.1
2024/12/7 5:20,0,30,1,-11.1,3.1
2024/12/7 5:25,0,30,1,-11.2,3.1
2024/12/7 5:30,0,30,1,-11.2,3
2024/12/7 5:35,0,30,1,-11.2,3
2024/12/7 5:40,0,30,1,-11.3,3
2024/12/7 5:45,0,30,1,-11.3,3
2024/12/7 5:50,0,30,1,-11.3,3
2024/12/7 5:55,0,30,1,-11.4,2.9
2024/12/7 6:00,0,30,1,-11.4,2.9
2024/12/7 6:05,0,30,1,-11.5,3.2
2024/12/7 6:10,0,30,1,-11.5,3.4
2024/12/7 6:15,0,30,1,-11.6,3.6
2024/12/7 6:20,0,30,1,-11.6,3.9
2024/12/7 6:25,0,30,1,-11.7,4.2
2024/12/7 6:30,0,30,1,-11.8,4.4
2024/12/7 6:35,0,30,1,-11.8,4.6
2024/12/7 6:40,0,30,1,-11.9,4.9
2024/12/7 6:45,0,30,1,-11.9,5.2
2024/12/7 6:50,0,30,1,-12,5.4
2024/12/7 6:55,0,30,1,-12,5.6
2024/12/7 7:00,0,30,3,-12.1,5.9
2024/12/7 7:05,0,30,3,-12.1,5.7
2024/12/7 7:10,0,30,3,-12.1,5.5
2024/12/7 7:15,0,30,3,-12.1,5.3
2024/12/7 7:20,0,30,3,-12.1,5.1
2024/12/7 7:25,0,30,3,-12.1,4.9
2024/12/7 7:30,0,30,3,-12.1,4.7
2024/12/7 7:35,0,30,3,-12.2,4.5
2024/12/7 7:40,0,30,3,-12.2,4.3
2024/12/7 7:45,0,30,3,-12.2,4.1
2024/12/7 7:50,0,30,3,-12.2,3.9
2024/12/7 7:55,0,30,3,-12.2,3.7
2024/12/7 8:00,0,30,1,-12.2,3.5
2024/12/7 8:05,0,30,1,-12.1,3.8
2024/12/7 8:10,0,30,1,-12,4.2
2024/12/7 8:15,0,30,1,-11.9,4.5
2024/12/7 8:20,0,30,1,-11.8,4.8
2024/12/7 8:25,0,30,1,-11.7,5.1
2024/12/7 8:30,0,30,1,-11.6,5.4
2024/12/7 8:35,0,30,1,-11.5,5.8
2024/12/7 8:40,0,30,1,-11.4,6.1
2024/12/7 8:45,0,30,1,-11.3,6.4
2024/12/7 8:50,0,30,1,-11.2,6.8
2024/12/7 8:55,0,30,1,-11.1,7.1
2024/12/7 9:00,0,30,2,-11,7.4
2024/12/7 9:05,0,30,2,-10.9,7.4
2024/12/7 9:10,0,30,2,-10.8,7.5
2024/12/7 9:15,0,30,2,-10.8,7.5
2024/12/7 9:20,0,30,2,-10.7,7.6
2024/12/7 9:25,0,30,2,-10.6,7.6
2024/12/7 9:30,0,30,2,-10.6,7.6
2024/12/7 9:35,0,30,2,-10.5,7.7
2024/12/7 9:40,0,30,2,-10.4,7.7
2024/12/7 9:45,0,30,2,-10.3,7.8
2024/12/7 9:50,0,30,2,-10.2,7.8
2024/12/7 9:55,0,30,2,-10.2,7.9
2024/12/7 10:00,0,30,1,-10.1,7.9
2024/12/7 10:05,0,30,1,-9.9,7.5
2024/12/7 10:10,0,30,1,-9.7,7.1
2024/12/7 10:15,0,30,1,-9.5,6.7
2024/12/7 10:20,0,30,1,-9.3,6.3
2024/12/7 10:25,0,30,1,-9.1,5.9
2024/12/7 10:30,0,30,1,-9,5.4
2024/12/7 10:35,0,30,1,-8.8,5
2024/12/7 10:40,0,30,1,-8.6,4.6
2024/12/7 10:45,0,30,1,-8.4,4.2
2024/12/7 10:50,0,30,1,-8.2,3.8
2024/12/7 10:55,0,30,1,-8,3.4
2024/12/7 11:00,0,30,3,-7.8,3
2024/12/7 11:05,0,30,3,-7.7,3
2024/12/7 11:10,0,30,3,-7.7,3
2024/12/7 11:15,0,30,3,-7.6,3
2024/12/7 11:20,0,30,3,-7.5,3
2024/12/7 11:25,0,30,3,-7.5,3
2024/12/7 11:30,0,30,3,-7.4,3
2024/12/7 11:35,0,30,3,-7.3,2.9
2024/12/7 11:40,0,30,3,-7.3,2.9
2024/12/7 11:45,0,30,3,-7.2,2.9
2024/12/7 11:50,0,30,3,-7.1,2.9
2024/12/7 11:55,0,30,3,-7.1,2.9
2024/12/7 12:00,0,30,3,-7,2.9
2024/12/7 12:05,0,30,3,-6.9,2.8
2024/12/7 12:10,0,30,3,-6.8,2.7
2024/12/7 12:15,0,30,3,-6.7,2.6
2024/12/7 12:20,0,30,3,-6.6,2.5
2024/12/7 12:25,0,30,3,-6.5,2.4
2024/12/7 12:30,0,30,3,-6.4,2.2
2024/12/7 12:35,0,30,3,-6.2,2.1
2024/12/7 12:40,0,30,3,-6.1,2
2024/12/7 12:45,0,30,3,-6,1.9
2024/12/7 12:50,0,30,3,-5.9,1.8
2024/12/7 12:55,0,30,3,-5.8,1.7
2024/12/7 13:00,0,30,1,-5.7,1.6
2024/12/7 13:05,0,30,1,-5.6,1.7
2024/12/7 13:10,0,30,1,-5.5,1.7
2024/12/7 13:15,0,30,1,-5.4,1.8
2024/12/7 13:20,0,30,1,-5.3,1.9
2024/12/7 13:25,0,30,1,-5.2,1.9
2024/12/7 13:30,0,30,1,-5.1,2
2024/12/7 13:35,0,30,1,-5,2.1
2024/12/7 13:40,0,30,1,-4.9,2.1
2024/12/7 13:45,0,30,1,-4.8,2.2
2024/12/7 13:50,0,30,1,-4.7,2.3
2024/12/7 13:55,0,30,1,-4.6,2.3
2024/12/7 14:00,0,30,3,-4.5,2.4
2024/12/7 14:05,0,30,3,-4.4,2.4
2024/12/7 14:10,0,30,3,-4.4,2.4
2024/12/7 14:15,0,30,3,-4.3,2.4
2024/12/7 14:20,0,30,3,-4.3,2.4
2024/12/7 14:25,0,30,3,-4.2,2.4
2024/12/7 14:30,0,30,3,-4.2,2.4
2024/12/7 14:35,0,30,3,-4.1,2.4
2024/12/7 14:40,0,30,3,-4,2.4
2024/12/7 14:45,0,30,3,-4,2.4
2024/12/7 14:50,0,30,3,-3.9,2.4
2024/12/7 14:55,0,30,3,-3.9,2.4
2024/12/7 15:00,0,30,3,-3.8,2.4
2024/12/7 15:05,0,30,3,-3.8,2.4
2024/12/7 15:10,0,30,3,-3.9,2.5
2024/12/7 15:15,0,30,3,-3.9,2.5
2024/12/7 15:20,0,30,3,-3.9,2.6
2024/12/7 15:25,0,30,3,-4,2.6
2024/12/7 15:30,0,30,3,-4,2.6
2024/12/7 15:35,0,30,3,-4,2.7
2024/12/7 15:40,0,30,3,-4.1,2.7
2024/12/7 15:45,0,30,3,-4.1,2.8
2024/12/7 15:50,0,30,3,-4.1,2.8
2024/12/7 15:55,0,30,3,-4.2,2.9
2024/12/7 16:00,0,30,1,-4.2,2.9
2024/12/7 16:05,0,30,1,-4.4,2.9
2024/12/7 16:10,0,30,1,-4.6,2.8
2024/12/7 16:15,0,30,1,-4.8,2.8
2024/12/7 16:20,0,30,1,-5,2.8
2024/12/7 16:25,0,30,1,-5.2,2.8
2024/12/7 16:30,0,30,1,-5.4,2.8
2024/12/7 16:35,0,30,1,-5.6,2.7
2024/12/7 16:40,0,30,1,-5.8,2.7
2024/12/7 16:45,0,30,1,-6,2.7
2024/12/7 16:50,0,30,1,-6.2,2.6
2024/12/7 16:55,0,30,1,-6.4,2.6
2024/12/7 17:00,0,30,1,-6.6,2.6
2024/12/7 17:05,0,30,1,-6.8,2.6
2024/12/7 17:10,0,30,1,-6.9,2.6
2024/12/7 17:15,0,30,1,-7.1,2.6
2024/12/7 17:20,0,30,1,-7.2,2.7
2024/12/7 17:25,0,30,1,-7.4,2.7
2024/12/7 17:30,0,30,1,-7.6,2.7
2024/12/7 17:35,0,30,1,-7.7,2.7
2024/12/7 17:40,0,30,1,-7.9,2.7
2024/12/7 17:45,0,30,1,-8,2.8
2024/12/7 17:50,0,30,1,-8.2,2.8
2024/12/7 17:55,0,30,1,-8.3,2.8
2024/12/7 18:00,0,30,3,-8.5,2.8
2024/12/7 18:05,0,30,3,-8.6,2.7
2024/12/7 18:10,0,30,3,-8.7,2.6
2024/12/7 18:15,0,30,3,-8.8,2.5
2024/12/7 18:20,0,30,3,-8.9,2.4
2024/12/7 18:25,0,30,3,-9,2.3
2024/12/7 18:30,0,30,3,-9,2.2
2024/12/7 18:35,0,30,3,-9.1,2
2024/12/7 18:40,0,30,3,-9.2,1.9
2024/12/7 18:45,0,30,3,-9.3,1.8
2024/12/7 18:50,0,30,3,-9.4,1.7
2024/12/7 18:55,0,30,3,-9.5,1.6
2024/12/7 19:00,0,30,3,-9.6,1.5
2024/12/7 19:05,0,29.2,3,-9.7,1.5
2024/12/7 19:10,0,28.4,3,-9.8,1.6
2024/12/7 19:15,0,27.5,3,-9.8,1.6
2024/12/7 19:20,0,26.7,3,-9.9,1.6
2024/12/7 19:25,0,25.9,3,-10,1.6
2024/12/7 19:30,0,25,3,-10.1,1.6
2024/12/7 19:35,0,24.2,3,-10.2,1.7
2024/12/7 19:40,0,23.4,3,-10.3,1.7
2024/12/7 19:45,0,22.6,3,-10.4,1.7
2024/12/7 19:50,0,21.8,3,-10.4,1.8
2024/12/7 19:55,0,20.9,3,-10.5,1.8
2024/12/7 20:00,0,20.1,1,-10.6,1.8
2024/12/7 20:05,0,20.3,1,-10.6,1.8
2024/12/7 20:10,0,20.5,1,-10.6,1.8
2024/12/7 20:15,0,20.7,1,-10.6,1.8
2024/12/7 20:20,0,20.9,1,-10.6,1.8
2024/12/7 20:25,0,21.1,1,-10.6,1.8
2024/12/7 20:30,0,21.3,1,-10.6,1.8
2024/12/7 20:35,0,21.5,1,-10.7,1.8
2024/12/7 20:40,0,21.7,1,-10.7,1.8
2024/12/7 20:45,0,21.9,1,-10.7,1.8
2024/12/7 20:50,0,22.1,1,-10.7,1.8
2024/12/7 20:55,0,22.3,1,-10.7,1.8
2024/12/7 21:00,0,22.5,1,-10.7,1.8
2024/12/7 21:05,0,22.4,1,-10.7,1.9
2024/12/7 21:10,0,22.3,1,-10.8,2
2024/12/7 21:15,0,22.2,1,-10.8,2.1
2024/12/7 21:20,0,22.1,1,-10.9,2.2
2024/12/7 21:25,0,22,1,-10.9,2.3
2024/12/7 21:30,0,21.8,1,-11,2.4
2024/12/7 21:35,0,21.7,1,-11,2.6
2024/12/7 21:40,0,21.6,1,-11,2.7
2024/12/7 21:45,0,21.5,1,-11.1,2.8
2024/12/7 21:50,0,21.4,1,-11.1,2.9
2024/12/7 21:55,0,21.3,1,-11.2,3
2024/12/7 22:00,0,21.2,1,-11.2,3.1
2024/12/7 22:05,0,21.9,1,-11.4,3
2024/12/7 22:10,0,22.7,1,-11.5,2.9
2024/12/7 22:15,0,23.4,1,-11.7,2.8
2024/12/7 22:20,0,24.1,1,-11.9,2.6
2024/12/7 22:25,0,24.9,1,-12,2.5
2024/12/7 22:30,0,25.6,1,-12.2,2.4
2024/12/7 22:35,0,26.3,1,-12.4,2.3
2024/12/7 22:40,0,27.1,1,-12.5,2.2
2024/12/7 22:45,0,27.8,1,-12.7,2
2024/12/7 22:50,0,28.5,1,-12.9,1.9
2024/12/7 22:55,0,29.3,1,-13,1.8
2024/12/7 23:00,0,30,1,-13.2,1.7
2024/12/7 23:05,0,30,1,-13.3,1.7
2024/12/7 23:10,0,30,1,-13.4,1.7
2024/12/7 23:15,0,30,1,-13.5,1.7
2024/12/7 23:20,0,30,1,-13.6,1.7
2024/12/7 23:25,0,30,1,-13.7,1.7
2024/12/7 23:30,0,30,1,-13.8,1.7
2024/12/7 23:35,0,30,1,-13.9,1.7
2024/12/7 23:40,0,30,1,-14,1.7
2024/12/7 23:45,0,30,1,-14.1,1.7
2024/12/7 23:50,0,30,1,-14.2,1.7
2024/12/7 23:55,0,30,1,-14.3,1.7
2024/12/8 0:00,0,30,1,-14.4,1.7
2024/12/8 0:05,0,30,1,-14.4,1.7
2024/12/8 0:10,0,30,1,-14.4,1.8
2024/12/8 0:15,0,30,1,-14.5,1.8
2024/12/8 0:20,0,30,1,-14.5,1.8
2024/12/8 0:25,0,30,1,-14.5,1.9
2024/12/8 0:30,0,30,1,-14.6,1.9
2024/12/8 0:35,0,30,1,-14.6,1.9
2024/12/8 0:40,0,30,1,-14.6,2
2024/12/8 0:45,0,30,1,-14.6,2
2024/12/8 0:50,0,30,1,-14.6,2
2024/12/8 0:55,0,30,1,-14.7,2.1
2024/12/8 1:00,0,30,1,-14.7,2.1
2024/12/8 1:05,0,30,1,-14.8,1.9
2024/12/8 1:10,0,30,1,-14.9,1.8
2024/12/8 1:15,0,30,1,-15,1.6
2024/12/8 1:20,0,30,1,-15.1,1.4
2024/12/8 1:25,0,30,1,-15.2,1.3
2024/12/8 1:30,0,30,1,-15.2,1.1
2024/12/8 1:35,0,30,1,-15.3,0.9
2024/12/8 1:40,0,30,1,-15.4,0.8
2024/12/8 1:45,0,30,1,-15.5,0.6
2024/12/8 1:50,0,30,1,-15.6,0.4
2024/12/8 1:55,0,30,1,-15.7,0.3
2024/12/8 2:00,0,30,1,-15.8,0.1
2024/12/8 2:05,0,30,1,-15.9,0.2
2024/12/8 2:10,0,30,1,-16,0.3
2024/12/8 2:15,0,30,1,-16.1,0.4
2024/12/8 2:20,0,30,1,-16.2,0.5
2024/12/8 2:25,0,30,1,-16.3,0.6
2024/12/8 2:30,0,30,1,-16.4,0.7
2024/12/8 2:35,0,30,1,-16.4,0.9
2024/12/8 2:40,0,30,1,-16.5,1
2024/12/8 2:45,0,30,1,-16.6,1.1
2024/12/8 2:50,0,30,1,-16.7,1.2
2024/12/8 2:55,0,30,1,-16.8,1.3
2024/12/8 3:00,0,30,1,-16.9,1.4
2024/12/8 3:05,0,30,1,-16.9,1.4
2024/12/8 3:10,0,30,1,-17,1.3
2024/12/8 3:15,0,30,1,-17,1.3
2024/12/8 3:20,0,30,1,-17.1,1.2
2024/12/8 3:25,0,30,1,-17.1,1.2
2024/12/8 3:30,0,30,1,-17.2,1.2
2024/12/8 3:35,0,30,1,-17.2,1.1
2024/12/8 3:40,0,30,1,-17.2,1.1
2024/12/8 3:45,0,30,1,-17.3,1
2024/12/8 3:50,0,30,1,-17.3,1
2024/12/8 3:55,0,30,1,-17.4,0.9
2024/12/8 4:00,0,30,1,-17.4,0.9
2024/12/8 4:05,0,30,1,-17.4,0.9
2024/12/8 4:10,0,30,1,-17.4,0.9
2024/12/8 4:15,0,30,1,-17.5,0.9
2024/12/8 4:20,0,30,1,-17.5,0.9
2024/12/8 4:25,0,30,1,-17.5,0.9
2024/12/8 4:30,0,30,1,-17.5,0.9
2024/12/8 4:35,0,30,1,-17.6,0.9
2024/12/8 4:40,0,30,1,-17.6,0.9
2024/12/8 4:45,0,30,1,-17.6,0.9
2024/12/8 4:50,0,30,1,-17.6,0.9
2024/12/8 4:55,0,30,1,-17.7,0.9
2024/12/8 5:00,0,30,1,-17.7,0.9
2024/12/8 5:05,0,29.4,1,-17.6,1.1
2024/12/8 5:10,0,28.8,1,-17.4,1.2
2024/12/8 5:15,0,28.2,1,-17.3,1.4
2024/12/8 5:20,0,27.6,1,-17.1,1.5
2024/12/8 5:25,0,27,1,-17,1.7
2024/12/8 5:30,0,26.4,1,-16.8,1.8
2024/12/8 5:35,0,25.9,1,-16.7,2
2024/12/8 5:40,0,25.3,1,-16.6,2.2
2024/12/8 5:45,0,24.7,1,-16.4,2.3
2024/12/8 5:50,0,24.1,1,-16.3,2.5
2024/12/8 5:55,0,23.5,1,-16.1,2.6
2024/12/8 6:00,0,22.9,1,-16,2.8
2024/12/8 6:05,0,22.5,1,-15.8,2.9
2024/12/8 6:10,0,22.2,1,-15.7,2.9
2024/12/8 6:15,0,21.8,1,-15.6,3
2024/12/8 6:20,0,21.4,1,-15.4,3
2024/12/8 6:25,0,21.1,1,-15.2,3.1
2024/12/8 6:30,0,20.7,1,-15.1,3.2
2024/12/8 6:35,0,20.3,1,-15,3.2
2024/12/8 6:40,0,20,1,-14.8,3.3
2024/12/8 6:45,0,19.6,1,-14.6,3.3
2024/12/8 6:50,0,19.2,1,-14.5,3.4
2024/12/8 6:55,0,18.9,1,-14.4,3.4
2024/12/8 7:00,0,18.5,1,-14.2,3.5
2024/12/8 7:05,0,18.3,1,-14.2,3.4
2024/12/8 7:10,0,18,1,-14.3,3.4
2024/12/8 7:15,0,17.8,1,-14.3,3.3
2024/12/8 7:20,0,17.5,1,-14.4,3.2
2024/12/8 7:25,0,17.3,1,-14.4,3.1
2024/12/8 7:30,0,17,1,-14.4,3
2024/12/8 7:35,0,16.8,1,-14.5,3
2024/12/8 7:40,0,16.6,1,-14.5,2.9
2024/12/8 7:45,0,16.3,1,-14.6,2.8
2024/12/8 7:50,0,16.1,1,-14.6,2.8
2024/12/8 7:55,0,15.8,1,-14.7,2.7
2024/12/8 8:00,0,15.6,1,-14.7,2.6
2024/12/8 8:05,0,15.6,1,-14.4,2.7
2024/12/8 8:10,0,15.5,1,-14.1,2.9
2024/12/8 8:15,0,15.5,1,-13.8,3
2024/12/8 8:20,0,15.4,1,-13.6,3.1
2024/12/8 8:25,0,15.4,1,-13.3,3.3
2024/12/8 8:30,0,15.4,1,-13,3.4
2024/12/8 8:35,0,15.3,1,-12.7,3.5
2024/12/8 8:40,0,15.3,1,-12.4,3.7
2024/12/8 8:45,0,15.2,1,-12.2,3.8
2024/12/8 8:50,0,15.2,1,-11.9,3.9
2024/12/8 8:55,0,15.1,1,-11.6,4.1
2024/12/8 9:00,0,15.1,2,-11.3,4.2
2024/12/8 9:05,0,15.2,2,-11.1,4.2
2024/12/8 9:10,0,15.4,2,-11,4.3
2024/12/8 9:15,0,15.5,2,-10.8,4.3
2024/12/8 9:20,0,15.7,2,-10.6,4.4
2024/12/8 9:25,0,15.8,2,-10.5,4.4
2024/12/8 9:30,0,16,2,-10.3,4.4
2024/12/8 9:35,0,16.1,2,-10.1,4.5
2024/12/8 9:40,0,16.2,2,-10,4.5
2024/12/8 9:45,0,16.4,2,-9.8,4.6
2024/12/8 9:50,0,16.5,2,-9.6,4.6
2024/12/8 9:55,0,16.7,2,-9.5,4.7
2024/12/8 10:00,0,16.8,1,-9.3,4.7
2024/12/8 10:05,0,17,1,-9.1,4.7
2024/12/8 10:10,0,17.2,1,-9,4.8
2024/12/8 10:15,0,17.4,1,-8.8,4.8
2024/12/8 10:20,0,17.6,1,-8.6,4.8
2024/12/8 10:25,0,17.8,1,-8.5,4.9
2024/12/8 10:30,0,18,1,-8.3,4.9
2024/12/8 10:35,0,18.3,1,-8.1,4.9
2024/12/8 10:40,0,18.5,1,-8,5
2024/12/8 10:45,0,18.7,1,-7.8,5
2024/12/8 10:50,0,18.9,1,-7.6,5
2024/12/8 10:55,0,19.1,1,-7.5,5.1
2024/12/8 11:00,0,19.3,3,-7.3,5.1
2024/12/8 11:05,0,19.6,3,-7.2,4.9
2024/12/8 11:10,0,19.8,3,-7.1,4.8
2024/12/8 11:15,0,20.1,3,-7,4.6
2024/12/8 11:20,0,20.4,3,-6.9,4.5
2024/12/8 11:25,0,20.6,3,-6.8,4.3
2024/12/8 11:30,0,20.9,3,-6.8,4.2
2024/12/8 11:35,0,21.2,3,-6.7,4
2024/12/8 11:40,0,21.4,3,-6.6,3.8
2024/12/8 11:45,0,21.7,3,-6.5,3.7
2024/12/8 11:50,0,22,3,-6.4,3.5
2024/12/8 11:55,0,22.2,3,-6.3,3.4
2024/12/8 12:00,0,22.5,1,-6.2,3.2
2024/12/8 12:05,0,22.7,1,-6.1,3.2
2024/12/8 12:10,0,23,1,-6,3.3
2024/12/8 12:15,0,23.2,1,-5.9,3.4
2024/12/8 12:20,0,23.5,1,-5.8,3.4
2024/12/8 12:25,0,23.7,1,-5.7,3.4
2024/12/8 12:30,0,24,1,-5.6,3.5
2024/12/8 12:35,0,24.2,1,-5.6,3.6
2024/12/8 12:40,0,24.4,1,-5.5,3.6
2024/12/8 12:45,0,24.7,1,-5.4,3.6
2024/12/8 12:50,0,24.9,1,-5.3,3.7
2024/12/8 12:55,0,25.2,1,-5.2,3.8
2024/12/8 13:00,0,25.4,3,-5.1,3.8
2024/12/8 13:05,0,25.7,3,-5,3.6
2024/12/8 13:10,0,26,3,-4.9,3.5
2024/12/8 13:15,0,26.2,3,-4.8,3.3
2024/12/8 13:20,0,26.5,3,-4.7,3.1
2024/12/8 13:25,0,26.8,3,-4.6,3
2024/12/8 13:30,0,27.1,3,-4.6,2.8
2024/12/8 13:35,0,27.4,3,-4.5,2.6
2024/12/8 13:40,0,27.7,3,-4.4,2.5
2024/12/8 13:45,0,28,3,-4.3,2.3
2024/12/8 13:50,0,28.2,3,-4.2,2.1
2024/12/8 13:55,0,28.5,3,-4.1,2
2024/12/8 14:00,0,28.8,3,-4,1.8
2024/12/8 14:05,0,28.9,3,-3.9,1.8
2024/12/8 14:10,0,29,3,-3.8,1.9
2024/12/8 14:15,0,29.1,3,-3.8,1.9
2024/12/8 14:20,0,29.2,3,-3.7,2
2024/12/8 14:25,0,29.3,3,-3.6,2
2024/12/8 14:30,0,29.4,3,-3.6,2
2024/12/8 14:35,0,29.5,3,-3.5,2.1
2024/12/8 14:40,0,29.6,3,-3.4,2.1
2024/12/8 14:45,0,29.7,3,-3.3,2.2
2024/12/8 14:50,0,29.8,3,-3.2,2.2
2024/12/8 14:55,0,29.9,3,-3.2,2.3
2024/12/8 15:00,0,30,3,-3.1,2.3
2024/12/8 15:05,0,30,3,-3.1,2.3
2024/12/8 15:10,0,30,3,-3.2,2.3
2024/12/8 15:15,0,30,3,-3.2,2.3
2024/12/8 15:20,0,30,3,-3.3,2.3
2024/12/8 15:25,0,30,3,-3.3,2.3
2024/12/8 15:30,0,30,3,-3.4,2.2
2024/12/8 15:35,0,30,3,-3.4,2.2
2024/12/8 15:40,0,30,3,-3.4,2.2
2024/12/8 15:45,0,30,3,-3.5,2.2
2024/12/8 15:50,0,30,3,-3.5,2.2
2024/12/8 15:55,0,30,3,-3.6,2.2
2024/12/8 16:00,0,30,1,-3.6,2.2
2024/12/8 16:05,0,30,1,-3.8,2.2
2024/12/8 16:10,0,30,1,-4,2.1
2024/12/8 16:15,0,30,1,-4.2,2.1
2024/12/8 16:20,0,30,1,-4.3,2
2024/12/8 16:25,0,30,1,-4.5,2
2024/12/8 16:30,0,30,1,-4.7,2
2024/12/8 16:35,0,30,1,-4.9,1.9
2024/12/8 16:40,0,30,1,-5.1,1.9
2024/12/8 16:45,0,30,1,-5.2,1.8
2024/12/8 16:50,0,30,1,-5.4,1.8
2024/12/8 16:55,0,30,1,-5.6,1.7
2024/12/8 17:00,0,30,1,-5.8,1.7
2024/12/8 17:05,0,28.9,1,-5.9,1.7
2024/12/8 17:10,0,27.9,1,-6.1,1.7
2024/12/8 17:15,0,26.8,1,-6.2,1.7
2024/12/8 17:20,0,25.8,1,-6.3,1.7
2024/12/8 17:25,0,24.7,1,-6.5,1.7
2024/12/8 17:30,0,23.6,1,-6.6,1.8
2024/12/8 17:35,0,22.6,1,-6.7,1.8
2024/12/8 17:40,0,21.5,1,-6.9,1.8
2024/12/8 17:45,0,20.5,1,-7,1.8
2024/12/8 17:50,0,19.4,1,-7.1,1.8
2024/12/8 17:55,0,18.4,1,-7.3,1.8
2024/12/8 18:00,0,17.3,1,-7.4,1.8
2024/12/8 18:05,0,17.1,1,-7.6,1.8
2024/12/8 18:10,0,16.9,1,-7.9,1.8
2024/12/8 18:15,0,16.7,1,-8.2,1.8
2024/12/8 18:20,0,16.5,1,-8.4,1.8
2024/12/8 18:25,0,16.3,1,-8.6,1.8
2024/12/8 18:30,0,16.2,1,-8.9,1.8
2024/12/8 18:35,0,16,1,-9.2,1.7
2024/12/8 18:40,0,15.8,1,-9.4,1.7
2024/12/8 18:45,0,15.6,1,-9.6,1.7
2024/12/8 18:50,0,15.4,1,-9.9,1.7
2024/12/8 18:55,0,15.2,1,-10.2,1.7
2024/12/8 19:00,0,15,1,-10.4,1.7
2024/12/8 19:05,0,14.7,1,-10.4,1.7
2024/12/8 19:10,0,14.5,1,-10.4,1.7
2024/12/8 19:15,0,14.2,1,-10.4,1.7
2024/12/8 19:20,0,13.9,1,-10.4,1.7
2024/12/8 19:25,0,13.7,1,-10.4,1.7
2024/12/8 19:30,0,13.4,1,-10.4,1.8
2024/12/8 19:35,0,13.1,1,-10.3,1.8
2024/12/8 19:40,0,12.9,1,-10.3,1.8
2024/12/8 19:45,0,12.6,1,-10.3,1.8
2024/12/8 19:50,0,12.3,1,-10.3,1.8
2024/12/8 19:55,0,12.1,1,-10.3,1.8
2024/12/8 20:00,0,11.8,3,-10.3,1.8
2024/12/8 20:05,0,11.9,3,-10.4,1.8
2024/12/8 20:10,0,12,3,-10.4,1.8
2024/12/8 20:15,0,12.1,3,-10.5,1.8
2024/12/8 20:20,0,12.2,3,-10.5,1.8
2024/12/8 20:25,0,12.3,3,-10.6,1.8
2024/12/8 20:30,0,12.4,3,-10.6,1.8
2024/12/8 20:35,0,12.4,3,-10.7,1.8
2024/12/8 20:40,0,12.5,3,-10.8,1.8
2024/12/8 20:45,0,12.6,3,-10.8,1.8
2024/12/8 20:50,0,12.7,3,-10.9,1.8
2024/12/8 20:55,0,12.8,3,-10.9,1.8
2024/12/8 21:00,0,12.9,2,-11,1.8
2024/12/8 21:05,0,13,2,-11.2,1.8
2024/12/8 21:10,0,13.1,2,-11.3,1.7
2024/12/8 21:15,0,13.2,2,-11.5,1.7
2024/12/8 21:20,0,13.3,2,-11.7,1.7
2024/12/8 21:25,0,13.4,2,-11.8,1.6
2024/12/8 21:30,0,13.6,2,-12,1.6
2024/12/8 21:35,0,13.7,2,-12.2,1.6
2024/12/8 21:40,0,13.8,2,-12.3,1.5
2024/12/8 21:45,0,13.9,2,-12.5,1.5
2024/12/8 21:50,0,14,2,-12.7,1.5
2024/12/8 21:55,0,14.1,2,-12.8,1.4
2024/12/8 22:00,0,14.2,1,-13,1.4
2024/12/8 22:05,0,14.1,1,-13.1,1.4
2024/12/8 22:10,0,14,1,-13.2,1.4
2024/12/8 22:15,0,14,1,-13.2,1.4
2024/12/8 22:20,0,13.9,1,-13.3,1.4
2024/12/8 22:25,0,13.8,1,-13.4,1.4
2024/12/8 22:30,0,13.8,1,-13.4,1.4
2024/12/8 22:35,0,13.7,1,-13.5,1.3
2024/12/8 22:40,0,13.6,1,-13.6,1.3
2024/12/8 22:45,0,13.5,1,-13.7,1.3
2024/12/8 22:50,0,13.4,1,-13.8,1.3
2024/12/8 22:55,0,13.4,1,-13.8,1.3
2024/12/8 23:00,0,13.3,1,-13.9,1.3
2024/12/8 23:05,0,13.1,1,-13.6,1.5
2024/12/8 23:10,0,13,1,-13.4,1.8
2024/12/8 23:15,0,12.8,1,-13.1,2
2024/12/8 23:20,0,12.7,1,-12.8,2.2
2024/12/8 23:25,0,12.5,1,-12.5,2.4
2024/12/8 23:30,0,12.4,1,-12.2,2.7
2024/12/8 23:35,0,12.2,1,-12,2.9
2024/12/8 23:40,0,12,1,-11.7,3.1
2024/12/8 23:45,0,11.9,1,-11.4,3.3
2024/12/8 23:50,0,11.7,1,-11.1,3.6
2024/12/8 23:55,0,11.6,1,-10.9,3.8
